CreditScore,Age,Tenure,Balance,NumOfProducts,HasCrCard,IsActiveMember,EstimatedSalary,Complain,Satisfaction Score,Point Earned,Geography,Gender,Card Type,Exited
619,32,4,175406.13,2,1,1,172792.43,1,1,707,Spain,Female,DIAMOND,1
643,34,7,160426.07,1,0,1,188533.11,0,3,806,Germany,Female,GOLD,0
561,33,6,0.0,2,0,0,173680.39,0,3,220,France,Male,DIAMOND,0
618,41,8,37702.79,1,1,1,195775.48,0,5,615,Germany,Male,GOLD,0
714,37,9,148466.93,2,0,1,151280.96,0,3,936,France,Male,SILVER,0
760,41,6,0.0,2,0,0,101491.23,0,4,873,Spain,Female,SILVER,0
770,37,5,141547.26,2,0,1,180326.83,0,2,890,Germany,Male,DIAMOND,0
537,41,3,138306.34,1,1,0,106761.47,0,5,767,Germany,Female,DIAMOND,0
597,26,7,0.0,2,1,0,110253.2,0,4,235,Spain,Female,SILVER,0
710,36,4,116085.06,1,1,0,58601.61,0,1,306,France,Female,DIAMOND,0
704,44,9,153656.85,1,1,0,158742.81,0,5,890,Spain,Female,PLATINUM,0
822,38,6,128289.7,3,1,0,9149.96,1,3,799,France,Male,DIAMOND,1
543,31,2,147674.26,1,1,1,16658.76,0,3,985,France,Female,DIAMOND,0
829,37,3,103457.76,1,0,0,1114.12,0,3,287,Germany,Female,PLATINUM,0
611,40,8,100812.33,2,1,0,147358.27,0,2,927,France,Female,DIAMOND,0
743,40,6,0.0,1,1,0,28280.8,1,2,744,France,Female,PLATINUM,1
769,38,2,0.0,2,0,0,75578.67,0,5,829,France,Female,SILVER,0
704,38,6,106687.76,1,1,0,173776.5,0,4,546,Spain,Male,GOLD,0
715,34,4,124314.45,1,0,0,97782.92,0,2,874,France,Male,SILVER,0
642,41,4,157777.58,1,1,0,67484.6,0,5,720,Germany,Male,DIAMOND,0
758,47,9,95523.16,1,1,0,73294.48,0,1,810,Germany,Female,DIAMOND,0
562,38,5,0.0,1,1,0,115700.2,0,4,814,France,Male,PLATINUM,0
640,29,4,0.0,2,1,0,44904.26,0,3,758,France,Female,GOLD,0
513,49,5,171601.27,1,1,0,126223.84,0,3,844,Germany,Female,PLATINUM,0
487,33,8,145729.71,1,1,0,41365.85,0,2,675,Spain,Male,DIAMOND,0
699,34,2,117468.67,1,1,0,185227.42,0,5,825,France,Male,GOLD,0
558,58,2,142537.18,1,1,1,88791.83,0,3,487,Germany,Male,DIAMOND,0
778,24,4,0.0,2,1,1,162809.2,0,3,945,France,Male,DIAMOND,0
516,35,10,57369.61,1,1,1,101699.77,0,5,771,France,Male,PLATINUM,0
774,35,3,121418.62,1,1,1,24400.37,0,4,981,France,Female,DIAMOND,0
536,35,8,0.0,2,1,0,64833.28,0,2,345,France,Male,GOLD,0
602,42,6,158414.85,1,1,1,131886.46,0,5,807,Germany,Female,GOLD,0
741,29,8,0.0,2,1,1,115994.52,0,5,854,France,Male,PLATINUM,0
850,23,9,143054.85,1,0,1,62980.96,0,3,930,Spain,Female,PLATINUM,0
737,43,8,96353.8,1,0,0,10209.8,0,1,373,Germany,Male,DIAMOND,0
570,39,10,129674.89,2,1,0,80552.36,0,3,723,France,Male,DIAMOND,0
582,32,4,0.0,2,1,0,59668.81,0,4,727,France,Female,SILVER,0
536,28,4,0.0,1,1,1,136197.65,0,1,937,Spain,Female,PLATINUM,0
697,63,7,148368.02,1,0,0,118862.08,1,5,505,France,Male,DIAMOND,1
538,62,3,75051.49,1,0,0,17682.02,1,4,424,France,Female,GOLD,1
731,35,2,127862.93,2,1,0,139083.7,0,1,561,Germany,Male,PLATINUM,0
642,33,4,84607.34,2,0,1,60059.47,0,5,880,France,Female,GOLD,0
667,77,2,0.0,1,1,1,34702.92,0,4,965,Spain,Male,DIAMOND,0
767,36,3,139180.2,1,0,0,123880.19,0,2,277,France,Male,DIAMOND,0
625,43,4,122351.29,1,1,0,71216.6,0,4,936,France,Male,GOLD,0
593,38,5,142658.04,2,0,1,135337.11,0,1,698,Germany,Female,GOLD,0
655,72,5,138089.97,2,1,1,99920.41,0,3,766,Germany,Female,GOLD,0
706,29,5,112564.62,1,1,0,42334.38,0,5,819,France,Female,PLATINUM,0
705,32,3,0.0,2,0,0,129576.99,0,2,789,France,Male,DIAMOND,0
650,33,0,98064.97,1,1,0,52411.99,0,1,262,France,Male,GOLD,0
850,55,6,0.0,1,1,0,944.41,1,1,583,France,Male,DIAMOND,1
694,38,5,195926.39,1,1,1,85522.84,0,1,270,France,Female,DIAMOND,0
679,38,7,110555.37,2,1,0,46522.68,0,4,320,Germany,Male,GOLD,0
849,69,7,71996.09,1,1,1,139065.94,0,2,317,France,Male,GOLD,0
591,46,4,129269.27,1,1,0,163504.33,0,1,290,Germany,Male,GOLD,0
724,45,5,83888.54,1,0,1,34121.81,0,3,559,Spain,Male,SILVER,0
806,34,5,113958.55,1,0,1,32125.98,0,3,873,France,Male,DIAMOND,0
588,64,3,0.0,1,1,1,189703.65,0,4,286,France,Female,SILVER,0
524,32,6,0.0,1,1,1,132861.9,1,4,373,Spain,Female,PLATINUM,1
591,39,8,0.0,2,0,0,42392.24,0,1,302,Spain,Male,GOLD,0
773,34,10,126979.75,1,0,0,36823.28,0,1,977,Germany,Male,PLATINUM,0
800,60,6,88541.57,2,1,1,131718.12,0,1,577,France,Male,SILVER,0
532,24,8,142755.25,1,0,0,34231.48,0,1,699,Germany,Male,DIAMOND,0
705,39,6,133261.13,1,1,1,78065.9,0,4,344,Spain,Male,GOLD,0
808,67,10,124577.15,1,0,1,169894.4,0,5,259,Spain,Female,GOLD,0
540,44,3,164113.04,2,1,1,12120.79,0,5,778,Germany,Male,SILVER,0
641,40,2,110086.69,1,1,0,159773.14,0,4,413,Germany,Female,DIAMOND,0
666,36,4,120165.4,2,1,0,33701.5,0,4,617,France,Male,GOLD,0
667,40,9,0.0,1,1,1,96670.2,0,3,879,France,Male,GOLD,0
635,27,3,127009.83,1,1,0,161909.95,0,1,686,France,Male,GOLD,0
729,39,1,131513.26,1,1,1,193715.0,0,1,751,Germany,Female,PLATINUM,0
600,40,1,141136.79,1,1,1,67803.83,0,5,851,France,Male,SILVER,0
637,60,3,0.0,2,1,1,70174.03,0,3,230,France,Male,PLATINUM,0
608,33,1,102772.67,2,1,0,70705.58,0,4,301,Germany,Male,DIAMOND,0
446,45,10,125191.69,1,1,1,128260.86,1,5,584,Spain,Female,SILVER,1
654,32,9,121455.65,1,1,0,190068.53,1,2,295,France,Male,GOLD,1
693,34,10,107556.06,2,0,0,154631.35,0,5,711,Spain,Female,DIAMOND,0
850,58,8,156652.13,1,0,0,25899.21,1,3,451,France,Male,PLATINUM,1
529,29,4,135759.4,1,0,0,112813.79,1,1,674,Germany,Male,GOLD,1
639,37,5,151242.48,1,0,1,49637.65,0,3,776,Germany,Female,GOLD,0
647,43,3,122717.53,2,1,1,87000.39,0,2,323,Germany,Female,PLATINUM,0
532,37,5,0.0,2,0,1,6761.84,0,5,527,Spain,Female,DIAMOND,0
850,40,6,0.0,1,1,0,136985.08,1,1,268,France,Male,DIAMOND,1
752,35,2,0.0,1,1,0,44335.54,1,4,309,Spain,Female,PLATINUM,1
645,36,4,59893.85,2,1,0,43999.64,0,5,420,Spain,Male,DIAMOND,0
695,28,0,96020.86,1,1,1,57992.49,0,2,865,Spain,Male,SILVER,0
659,39,8,106259.63,2,1,1,198103.32,0,3,296,Germany,Male,PLATINUM,0
618,29,10,100315.1,2,1,1,32526.64,0,1,812,Germany,Female,SILVER,0
548,38,0,178056.54,2,1,0,38434.73,0,5,427,Spain,Male,SILVER,0
525,26,7,153644.39,1,1,1,63197.88,0,1,988,France,Male,SILVER,0
708,32,3,151691.44,2,1,1,172810.51,0,5,463,Germany,Male,SILVER,0
634,48,2,107247.69,1,1,1,103712.05,1,5,674,Germany,Male,GOLD,1
619,52,8,124099.13,1,0,0,23904.52,0,1,621,Germany,Female,SILVER,0
523,73,7,0.0,2,0,0,130883.9,1,5,566,France,Female,DIAMOND,1
571,40,5,0.0,2,0,0,72849.29,0,2,557,France,Male,SILVER,0
666,37,2,158468.76,1,0,1,93266.01,0,3,630,Germany,Female,DIAMOND,0
573,56,3,154669.77,1,0,1,115462.27,1,5,454,Spain,Male,SILVER,1
618,42,2,0.0,4,0,0,111097.39,1,5,398,France,Female,PLATINUM,1
641,35,5,0.0,2,1,0,93148.93,0,4,747,France,Male,GOLD,0
745,25,5,157993.15,2,1,0,146041.45,0,1,395,France,Male,SILVER,0
631,37,8,138292.64,2,0,0,152422.91,1,3,647,Germany,Male,DIAMOND,1
723,40,7,142856.95,2,0,0,38019.74,0,5,522,France,Female,PLATINUM,0
520,46,10,85216.61,1,1,0,117369.52,1,1,669,France,Female,GOLD,1
614,38,2,116248.88,1,1,0,105140.92,0,3,762,France,Male,DIAMOND,0
647,44,4,93960.35,1,1,0,36579.53,1,2,417,Germany,Male,SILVER,1
734,43,3,55853.33,2,0,1,94811.85,1,1,263,Spain,Female,PLATINUM,1
598,59,8,118210.42,2,0,0,60192.14,1,4,622,Germany,Male,DIAMOND,1
650,23,4,93911.3,2,1,0,69055.45,0,5,774,Germany,Male,PLATINUM,0
562,33,8,92659.2,2,1,0,1354.25,0,2,374,Germany,Male,GOLD,0
548,33,6,0.0,1,1,1,31728.35,0,4,855,Spain,Male,GOLD,0
656,39,6,0.0,2,1,0,141069.88,0,4,638,France,Female,DIAMOND,0
754,55,3,161608.81,1,1,0,8080.85,1,4,810,Germany,Female,GOLD,1
713,42,0,109121.71,1,0,1,167873.49,0,5,872,Spain,Male,GOLD,0
850,36,6,143644.16,1,1,0,22102.25,1,3,728,Germany,Female,PLATINUM,1
713,38,6,116980.78,2,0,1,76038.38,0,3,503,Spain,Male,GOLD,0
710,22,8,0.0,3,1,0,107292.91,0,4,565,Spain,Male,DIAMOND,0
794,62,9,123681.32,3,1,0,173586.63,1,5,247,France,Female,SILVER,1
700,54,1,79415.67,1,0,1,139735.54,0,5,546,Spain,Male,PLATINUM,0
676,33,6,171490.78,1,0,0,79099.64,0,3,248,France,Male,GOLD,0
661,32,1,145980.23,1,0,1,56636.28,0,3,883,Germany,Female,DIAMOND,0
608,40,8,121729.42,1,0,0,61164.45,0,4,802,Germany,Female,DIAMOND,0
766,28,3,62717.84,2,1,1,13182.43,0,1,808,Germany,Female,GOLD,0
688,29,9,144553.5,2,1,0,143454.95,0,4,270,Germany,Male,SILVER,0
764,33,9,168964.77,1,0,1,118982.51,0,2,915,Spain,Female,GOLD,0
800,40,3,75893.11,2,1,0,132562.23,0,5,513,France,Female,PLATINUM,0
465,33,8,0.0,2,1,0,177668.55,0,4,507,France,Male,DIAMOND,0
635,34,5,98683.47,2,1,0,15733.19,0,3,558,Spain,Female,SILVER,0
759,33,2,0.0,2,1,0,56583.88,0,1,428,France,Female,SILVER,0
850,43,8,92244.83,2,1,0,54949.73,0,2,304,Germany,Female,PLATINUM,0
728,43,5,0.0,1,1,1,120088.17,0,5,924,Spain,Female,GOLD,0
667,24,4,0.0,2,0,1,34335.55,0,5,560,France,Female,DIAMOND,0
664,32,5,133705.74,1,0,0,134455.84,0,1,977,Spain,Male,SILVER,0
651,35,7,74623.5,3,1,0,129451.29,1,2,515,France,Male,SILVER,1
453,28,3,139986.65,1,1,0,136846.75,0,2,816,Germany,Female,GOLD,0
735,46,2,106344.95,1,1,0,114371.33,1,4,287,Germany,Male,DIAMOND,1
713,44,1,63438.91,1,1,0,64375.4,0,5,658,France,Male,GOLD,0
646,30,5,98014.74,1,1,1,12757.14,0,4,329,France,Male,PLATINUM,0
627,23,5,184244.86,1,1,0,103099.22,0,2,971,Germany,Male,SILVER,0
654,29,2,91955.61,1,1,0,37065.66,0,2,375,France,Male,DIAMOND,0
816,40,9,109003.26,1,1,1,79580.56,0,1,592,Germany,Female,DIAMOND,0
692,43,10,118588.83,1,1,1,161241.65,1,5,443,Germany,Female,DIAMOND,1
756,34,1,103133.26,1,1,1,90059.04,0,4,527,France,Male,SILVER,0
501,42,9,114631.23,1,0,1,91429.74,0,4,450,France,Male,SILVER,0
775,45,8,0.0,1,1,0,130376.68,0,4,805,France,Male,DIAMOND,0
648,40,5,139973.65,1,1,1,667.66,1,2,579,Germany,Female,GOLD,1
660,28,1,118402.25,2,1,0,14288.93,0,1,965,Germany,Male,PLATINUM,0
492,38,8,57068.43,2,1,0,188974.81,0,3,914,Germany,Female,PLATINUM,0
683,49,7,108797.63,2,0,0,140763.18,0,3,820,Germany,Female,SILVER,0
773,41,4,0.0,2,1,1,24924.92,0,2,667,France,Male,PLATINUM,0
624,27,9,94667.29,2,0,1,4470.52,0,1,958,Germany,Male,PLATINUM,0
590,51,3,154962.99,3,0,1,191932.27,1,1,759,Spain,Female,SILVER,1
667,56,8,137464.04,1,1,0,130846.79,1,3,235,Germany,Female,PLATINUM,1
747,32,5,67495.04,2,0,1,77370.37,0,4,885,Germany,Female,PLATINUM,0
671,42,3,0.0,2,1,1,128449.33,0,2,931,Spain,Female,DIAMOND,0
727,31,10,96997.09,2,0,0,76614.04,0,2,550,Spain,Female,DIAMOND,0
803,40,6,165526.71,1,1,0,12328.08,0,3,880,France,Female,SILVER,0
850,35,6,81684.97,1,1,0,824.0,0,5,576,France,Female,SILVER,0
714,26,9,89928.99,1,1,0,46203.31,0,5,675,France,Female,DIAMOND,0
766,44,3,116822.7,1,0,0,197643.24,0,1,544,Germany,Male,PLATINUM,0
805,24,6,143221.35,2,1,0,186035.72,0,5,545,Germany,Male,DIAMOND,0
665,63,7,104469.58,1,1,1,25165.36,1,2,941,Germany,Male,PLATINUM,1
601,48,8,120782.7,1,1,0,63940.68,1,2,587,Germany,Female,DIAMOND,1
692,49,6,110540.43,2,0,1,107472.99,0,1,891,Germany,Male,PLATINUM,0
694,31,10,0.0,2,1,0,160990.27,0,3,673,France,Female,SILVER,0
550,30,4,0.0,2,1,0,89216.29,0,3,484,France,Female,GOLD,0
715,31,7,0.0,1,1,1,149970.59,0,1,707,Spain,Male,PLATINUM,0
496,32,4,127845.83,1,1,0,66469.2,0,4,512,France,Male,SILVER,0
669,30,7,139872.81,1,1,0,188795.85,0,3,302,Germany,Female,SILVER,0
708,64,5,0.0,3,0,1,112520.07,1,2,465,Spain,Female,PLATINUM,1
607,25,3,0.0,2,0,0,187048.72,0,3,624,France,Male,DIAMOND,0
660,31,6,172325.67,1,0,1,45438.38,0,4,223,France,Female,PLATINUM,0
697,76,7,0.0,2,0,1,188772.45,0,3,733,France,Female,DIAMOND,0
431,37,0,120764.08,1,1,1,117023.08,0,2,389,France,Male,SILVER,0
850,39,6,206014.94,2,0,1,42774.84,1,5,748,Spain,Male,PLATINUM,1
533,35,8,0.0,2,1,1,187900.12,0,3,558,France,Female,PLATINUM,0
505,37,6,159863.9,2,0,1,125307.87,0,1,421,Germany,Female,GOLD,0
641,37,7,0.0,2,1,0,75248.3,0,2,516,France,Male,PLATINUM,0
648,42,4,0.0,2,1,0,19283.14,0,2,759,France,Male,GOLD,0
779,29,3,46388.16,3,1,0,127939.26,1,3,922,France,Female,DIAMOND,1
583,27,4,0.0,3,1,0,163113.41,0,1,484,France,Female,DIAMOND,0
640,43,9,94752.49,1,1,0,184006.36,1,4,523,Germany,Female,DIAMOND,1
707,73,6,66573.17,1,1,1,62768.8,0,3,884,France,Male,GOLD,0
652,45,2,151421.44,1,0,1,115333.43,0,2,388,Germany,Male,GOLD,0
724,40,6,110054.45,1,1,1,86950.72,0,2,680,France,Female,SILVER,0
758,35,7,0.0,2,1,0,77951.84,0,3,560,France,Male,DIAMOND,0
580,44,9,143391.07,1,0,0,146891.07,1,4,567,Germany,Male,GOLD,1
586,60,3,47020.65,2,0,1,63241.21,1,3,850,France,Female,PLATINUM,1
639,32,9,0.0,2,1,0,111340.36,0,4,846,France,Male,GOLD,0
749,38,9,129378.32,1,1,1,13549.34,0,4,633,Spain,Male,DIAMOND,0
714,39,3,149887.49,2,1,0,63846.36,0,4,235,Germany,Male,SILVER,0
644,31,5,86006.3,1,1,1,73922.95,0,2,274,Spain,Female,SILVER,0
611,53,7,0.0,2,0,1,156495.39,1,1,843,France,Female,GOLD,1
743,45,10,144677.19,3,1,0,22512.44,1,3,471,Germany,Male,GOLD,1
606,36,10,0.0,2,0,1,155641.46,0,2,813,France,Female,SILVER,0
661,33,9,0.0,2,1,1,84174.81,0,2,873,France,Male,DIAMOND,0
508,31,7,0.0,2,1,1,6123.15,0,4,573,France,Female,GOLD,0
782,42,7,126428.38,1,1,0,39830.1,0,1,367,Germany,Male,GOLD,0
477,31,9,0.0,2,0,1,184061.17,0,1,295,Spain,Male,SILVER,0
583,27,1,125406.58,1,1,1,110784.42,0,1,992,France,Female,PLATINUM,0
612,32,9,106520.73,2,1,0,177092.16,0,3,821,Germany,Male,GOLD,0
510,30,0,0.0,2,1,1,130553.47,0,2,430,France,Female,DIAMOND,0
540,39,1,0.0,1,0,1,108419.41,0,2,727,Spain,Male,DIAMOND,0
624,55,7,118793.6,1,1,1,95022.02,1,4,503,France,Male,DIAMOND,1
445,30,3,0.0,2,1,1,127939.19,0,2,842,France,Female,PLATINUM,0
688,26,1,0.0,2,1,1,104435.94,0,2,381,France,Male,PLATINUM,0
726,38,5,126875.62,1,1,0,128052.29,0,2,514,France,Female,PLATINUM,0
556,30,7,0.0,2,1,1,186648.19,0,3,356,France,Female,GOLD,0
814,31,6,87772.52,1,1,0,188516.45,0,3,870,France,Female,SILVER,0
564,33,4,135946.26,1,1,0,63170.0,0,3,696,France,Female,DIAMOND,0
802,41,5,0.0,2,1,1,134626.3,0,2,349,Spain,Male,PLATINUM,0
665,41,8,96147.55,1,1,0,137037.97,0,3,280,France,Female,PLATINUM,0
781,29,6,98759.89,1,0,0,112202.64,0,2,494,Spain,Female,GOLD,0
808,45,7,118626.55,2,1,0,147132.46,0,1,559,France,Male,SILVER,0
733,39,5,91538.51,1,1,1,93783.0,0,3,336,Germany,Male,PLATINUM,0
802,37,9,115569.21,1,0,1,119782.89,0,1,927,Germany,Male,GOLD,0
560,44,5,143244.97,1,1,0,98661.27,0,5,768,France,Female,DIAMOND,0
649,39,3,113096.41,1,1,1,60335.24,0,5,946,France,Male,PLATINUM,0
582,26,4,65848.36,2,1,0,30149.21,0,1,518,Spain,Male,SILVER,0
680,32,7,175454.0,1,0,1,77349.92,0,2,772,Germany,Male,PLATINUM,0
519,57,2,119035.35,2,1,1,29871.79,0,3,689,Spain,Female,SILVER,0
740,37,5,0.0,2,1,1,27528.4,0,5,798,France,Female,PLATINUM,0
811,44,3,0.0,2,0,1,78439.73,0,5,859,Spain,Male,PLATINUM,0
544,22,3,66483.32,1,0,1,110317.39,0,2,370,Spain,Male,SILVER,0
651,36,8,0.0,2,1,0,91652.43,0,3,823,Spain,Female,SILVER,0
805,26,2,0.0,2,1,1,25042.1,0,1,387,Spain,Male,SILVER,0
545,55,5,0.0,1,0,0,10034.77,1,5,524,France,Female,DIAMOND,1
606,65,10,126306.64,3,0,0,7861.68,1,5,591,Germany,Male,DIAMOND,1
700,37,1,135179.49,1,1,0,160670.37,0,3,700,France,Male,SILVER,0
792,59,9,101609.77,1,0,0,161479.19,1,5,779,Germany,Female,DIAMOND,1
706,44,2,185932.18,2,1,0,65413.41,0,5,536,Germany,Female,GOLD,0
686,39,4,0.0,2,1,0,155023.93,0,4,977,France,Male,DIAMOND,0
764,24,0,0.0,2,1,0,88724.49,0,3,470,France,Female,GOLD,0
677,37,3,0.0,2,1,1,38252.25,0,3,654,France,Female,PLATINUM,0
734,54,3,0.0,1,1,0,130805.54,1,4,505,France,Female,SILVER,1
518,46,3,0.0,2,1,0,76515.79,0,2,583,France,Male,PLATINUM,0
507,36,9,118214.32,3,1,0,119110.03,1,3,447,Germany,Male,GOLD,1
706,32,5,88348.43,2,1,1,104181.78,0,2,641,Germany,Male,SILVER,0
652,35,7,104015.54,2,1,1,55207.88,0,1,926,Germany,Male,PLATINUM,0
773,52,2,0.0,2,1,0,57337.79,0,5,607,Spain,Male,PLATINUM,0
765,36,8,92310.54,2,1,1,72924.56,0,3,547,Germany,Male,DIAMOND,0
427,33,8,0.0,1,1,1,13858.95,0,4,959,France,Male,SILVER,0
545,45,6,93796.42,2,1,1,162321.26,0,3,577,Germany,Male,GOLD,0
711,41,3,145754.91,1,1,1,101455.07,0,3,244,France,Female,PLATINUM,0
694,60,9,0.0,1,1,1,57088.97,0,4,647,France,Male,GOLD,0
535,48,9,0.0,1,1,0,149892.79,1,4,697,France,Female,GOLD,1
644,26,4,153455.72,2,1,1,82696.84,0,5,944,Spain,Female,PLATINUM,0
796,45,2,109730.22,1,1,1,123882.73,0,2,267,France,Female,DIAMOND,0
608,27,4,153325.1,1,1,1,199953.33,0,3,778,Spain,Male,SILVER,0
567,39,5,0.0,2,0,0,168521.72,0,3,709,France,Male,GOLD,0
796,41,8,107525.07,1,1,0,18510.41,0,2,606,Spain,Male,SILVER,0
696,43,4,0.0,2,1,1,66406.37,0,4,678,Spain,Female,DIAMOND,0
615,41,9,109013.23,1,1,0,196499.96,0,1,561,Spain,Female,PLATINUM,0
648,23,9,168372.52,1,1,0,134676.72,0,4,883,France,Male,DIAMOND,0
564,48,5,132876.23,1,1,0,79259.77,0,1,741,Spain,Male,DIAMOND,0
715,21,6,76467.16,1,1,1,173511.72,0,4,995,France,Male,GOLD,0
689,46,7,52016.08,2,1,1,72993.65,0,3,384,France,Female,DIAMOND,0
660,33,0,72783.42,1,0,0,181051.99,0,1,553,France,Male,PLATINUM,0
559,38,8,95139.41,1,1,1,86575.46,0,4,286,France,Female,PLATINUM,0
678,22,4,174852.89,1,1,1,28149.06,0,3,333,France,Female,PLATINUM,0
621,59,2,0.0,2,1,1,171364.18,0,4,740,Spain,Female,PLATINUM,0
650,35,3,165982.43,2,1,1,24482.16,0,2,306,Germany,Female,PLATINUM,0
534,35,4,0.0,2,0,0,9541.15,0,2,784,Spain,Male,PLATINUM,0
529,39,2,82766.43,1,1,1,122925.44,0,3,574,Spain,Female,GOLD,0
653,47,6,0.0,1,1,0,50695.93,1,2,622,France,Male,SILVER,1
680,27,3,0.0,1,1,0,32454.26,0,3,875,France,Male,DIAMOND,0
542,59,2,68892.77,2,1,0,7905.06,1,5,442,France,Female,DIAMOND,1
707,48,8,88441.64,1,1,1,119903.2,1,2,244,Spain,Male,DIAMOND,1
628,40,5,181768.32,2,1,1,129107.97,0,2,307,Germany,Male,SILVER,0
829,28,3,132405.52,3,1,0,104889.2,1,1,536,Germany,Male,PLATINUM,1
745,28,6,0.0,2,1,0,154389.18,0,4,649,France,Female,SILVER,0
555,50,7,128061.0,2,1,1,62375.1,0,4,977,Spain,Male,GOLD,0
516,45,4,0.0,1,1,0,95273.73,1,5,255,France,Female,SILVER,1
486,40,9,71340.09,1,1,0,76192.21,0,4,530,Germany,Female,PLATINUM,0
699,54,3,111009.32,1,1,1,155905.79,1,5,241,Germany,Female,DIAMOND,1
527,28,6,128396.33,2,1,0,79919.97,0,5,882,Spain,Male,SILVER,0
789,53,1,158271.74,1,1,1,5036.39,1,1,296,France,Female,SILVER,1
492,39,10,124576.65,2,1,0,148584.61,0,5,560,Germany,Male,GOLD,0
722,34,8,0.0,2,1,1,133447.49,0,1,523,France,Male,DIAMOND,0
665,40,6,0.0,1,1,1,161848.03,0,2,651,France,Female,SILVER,0
546,25,3,132837.7,1,1,0,131647.31,0,3,440,Germany,Female,PLATINUM,0
572,38,7,0.0,2,1,1,133122.62,0,1,739,France,Female,PLATINUM,0
719,28,3,106070.29,2,1,1,183893.31,0,3,802,Germany,Male,GOLD,0
594,56,7,0.0,1,1,0,26215.85,1,5,709,France,Female,SILVER,1
702,40,1,103549.24,1,0,0,9712.52,1,3,804,France,Female,DIAMOND,1
758,40,3,0.0,2,0,0,96097.65,0,1,864,Spain,Male,DIAMOND,0
760,34,6,58003.41,1,1,0,90346.1,0,5,785,Germany,Female,SILVER,0
678,31,1,0.0,2,0,1,130446.65,0,2,246,France,Female,GOLD,0
545,30,3,0.0,2,1,0,170307.43,0,4,396,France,Male,PLATINUM,0
611,29,4,78885.88,2,1,1,26927.69,0,3,914,Germany,Female,SILVER,0
563,34,6,0.0,2,0,0,36536.93,0,1,256,France,Female,GOLD,0
462,27,4,176913.52,1,1,0,80587.27,0,2,513,France,Male,SILVER,0
757,23,2,80673.96,2,1,0,93991.65,0,5,277,France,Male,DIAMOND,0
806,32,3,63763.49,1,1,0,156593.09,0,1,411,France,Female,GOLD,0
640,37,5,158024.38,1,1,0,81298.09,0,1,749,Spain,Male,GOLD,0
720,38,10,0.0,2,1,1,56229.72,1,2,966,France,Female,GOLD,1
850,39,7,79259.99,1,0,1,186910.74,0,1,976,France,Female,DIAMOND,0
673,40,1,121629.22,1,1,1,3258.6,0,3,313,Spain,Male,DIAMOND,0
589,31,10,110635.32,1,1,0,148218.86,0,5,728,France,Female,SILVER,0
438,60,7,78391.17,1,0,1,49424.6,0,4,262,France,Male,GOLD,0
705,46,4,115518.07,1,0,0,76544.9,1,3,576,Germany,Female,PLATINUM,1
813,29,5,106059.4,1,0,0,187976.88,1,5,331,Germany,Female,GOLD,1
681,37,8,73179.34,2,1,1,25292.53,0,4,242,Germany,Male,GOLD,0
642,49,4,120688.61,1,1,0,24770.22,1,1,641,Germany,Male,GOLD,1
612,31,8,117989.76,1,1,1,54129.86,0,4,409,France,Female,SILVER,0
586,33,9,0.0,1,1,0,6975.02,0,5,871,France,Male,DIAMOND,0
477,57,9,114023.64,2,1,1,71167.17,1,3,523,France,Female,GOLD,1
701,33,9,147510.34,1,1,0,190611.92,0,5,228,France,Male,DIAMOND,0
671,30,2,0.0,1,0,1,102057.86,0,3,743,France,Male,PLATINUM,0
643,41,2,127841.52,1,1,0,172363.41,0,5,474,Germany,Male,GOLD,0
751,37,9,183613.66,2,0,0,49734.94,0,3,563,France,Female,SILVER,0
640,31,9,138857.59,1,1,0,48640.77,0,1,686,France,Female,SILVER,0
850,27,7,43658.33,2,1,1,3025.49,0,4,585,France,Female,PLATINUM,0
475,39,6,0.0,1,1,1,56999.9,1,1,388,France,Male,GOLD,1
597,35,8,131101.04,1,1,1,192852.67,0,3,758,Germany,Female,SILVER,0
567,40,7,122265.24,1,1,0,138552.74,0,1,433,Germany,Male,SILVER,0
747,34,10,0.0,2,1,1,50759.8,0,3,740,France,Female,GOLD,0
671,47,7,114603.76,2,1,0,153194.32,1,4,499,Germany,Female,SILVER,1
602,43,2,113641.49,4,1,0,115116.35,1,2,679,Germany,Female,GOLD,1
464,33,10,147493.7,2,1,0,100447.53,0,4,801,France,Female,DIAMOND,0
724,35,0,171982.95,2,0,1,167313.07,0,2,745,Germany,Female,GOLD,0
607,31,1,102523.88,1,1,1,166792.71,0,2,492,France,Female,GOLD,0
694,58,1,143212.22,1,0,0,102628.56,1,4,323,Germany,Female,DIAMOND,1
463,35,2,101257.16,1,1,1,118113.64,0,4,900,France,Male,PLATINUM,0
599,34,2,101506.66,1,0,0,198030.24,0,3,447,Spain,Male,PLATINUM,0
405,31,5,133299.67,2,1,1,72950.14,0,3,634,Germany,Male,SILVER,0
746,36,9,127157.04,1,1,1,155700.15,0,3,948,France,Male,SILVER,0
693,31,1,0.0,2,0,1,182270.88,0,1,304,France,Male,SILVER,0
619,40,10,0.0,1,1,1,147093.84,1,3,298,France,Female,DIAMOND,1
538,28,6,164365.44,1,0,1,5698.97,0,4,659,Germany,Female,DIAMOND,0
541,46,6,0.0,2,1,1,83456.67,0,1,596,France,Male,GOLD,0
644,54,6,0.0,1,0,1,84622.37,0,5,313,Spain,Male,GOLD,0
562,36,5,0.0,1,0,1,182843.24,0,5,615,Spain,Male,DIAMOND,0
762,36,5,119547.46,1,1,1,42693.65,0,5,972,France,Male,GOLD,0
749,46,10,78136.36,2,1,1,73470.98,0,5,887,Germany,Male,SILVER,0
509,26,10,0.0,2,1,1,6177.83,0,5,425,France,Male,PLATINUM,0
554,26,4,121365.39,1,1,1,8742.36,0,5,926,Germany,Male,DIAMOND,0
689,40,5,154251.67,1,0,1,118319.5,0,3,561,Spain,Female,PLATINUM,0
592,60,9,0.0,4,1,1,13614.01,1,5,803,France,Male,GOLD,1
554,46,4,0.0,2,0,1,57320.92,0,2,262,Spain,Male,GOLD,0
568,29,2,129177.01,2,0,1,104617.99,0,3,893,Germany,Female,DIAMOND,0
697,62,7,0.0,1,1,0,129188.18,1,4,547,Spain,Male,DIAMOND,1
575,40,1,139532.34,1,1,0,181294.39,0,2,319,France,Female,SILVER,0
582,38,9,135979.01,4,1,1,76582.95,1,2,876,France,Female,SILVER,1
790,46,9,0.0,1,0,0,14679.81,1,3,258,Spain,Female,SILVER,1
610,45,3,0.0,1,1,0,38276.84,1,2,589,Spain,Female,DIAMOND,1
633,59,5,0.0,1,1,1,137273.97,0,2,532,France,Male,SILVER,0
633,42,3,126041.02,1,0,1,11796.89,0,5,922,Germany,Male,GOLD,0
712,30,1,89571.59,1,1,1,177613.19,0,3,567,France,Female,PLATINUM,0
646,31,2,0.0,1,1,1,170821.43,1,4,350,Spain,Male,DIAMOND,1
618,40,0,140306.38,1,1,0,160618.61,1,4,878,Germany,Female,PLATINUM,1
672,23,10,110741.56,1,1,0,80778.5,0,4,455,Germany,Female,SILVER,0
696,30,4,114027.7,1,1,1,193716.56,0,2,597,Germany,Male,GOLD,0
554,31,6,135470.9,1,1,0,107074.81,0,3,382,Germany,Female,DIAMOND,0
620,34,8,102251.57,1,1,0,120672.09,0,4,663,Germany,Female,SILVER,0
529,43,0,123815.86,1,1,1,78463.99,1,5,703,France,Female,DIAMOND,1
479,30,7,143964.36,2,1,0,41879.99,0,4,503,Germany,Female,SILVER,0
648,27,7,0.0,2,1,1,163060.43,0,3,983,Spain,Female,DIAMOND,0
710,31,3,0.0,2,1,1,112289.06,0,2,681,France,Female,SILVER,0
688,37,7,138162.41,2,1,1,113926.31,0,2,612,Spain,Male,GOLD,0
756,36,2,136815.64,1,1,1,170041.95,0,5,236,Germany,Male,DIAMOND,0
679,58,9,109327.65,1,1,1,3829.13,0,3,902,Spain,Male,DIAMOND,0
585,36,10,0.0,2,1,1,180318.6,0,3,722,Spain,Male,SILVER,0
677,46,2,57037.74,1,1,1,158531.01,0,1,870,France,Male,GOLD,0
755,62,1,127706.33,2,0,1,142377.69,0,2,673,France,Male,DIAMOND,0
656,46,5,113402.14,2,1,1,138849.06,0,4,605,France,Female,SILVER,0
428,31,2,0.0,2,1,0,54487.43,0,3,221,France,Female,PLATINUM,0
850,41,3,136416.82,1,0,1,57844.26,0,2,264,France,Male,GOLD,0
632,42,6,59972.26,2,0,1,148172.94,0,1,491,Germany,Male,SILVER,0
687,31,3,0.0,2,0,0,48228.1,0,2,575,Spain,Male,PLATINUM,0
627,44,5,0.0,2,1,0,82969.61,1,5,396,France,Female,SILVER,1
791,37,2,163789.49,2,1,0,75832.53,0,3,340,France,Male,GOLD,0
610,50,5,130554.51,3,1,0,184758.17,1,2,821,Spain,Female,SILVER,1
524,50,4,0.0,2,1,1,31840.59,1,2,292,France,Male,SILVER,1
649,41,0,0.0,2,0,1,130567.02,0,4,547,France,Male,GOLD,0
516,35,10,104088.59,2,0,0,119666.0,0,1,565,France,Male,GOLD,0
563,35,2,183572.84,1,1,1,66006.75,1,2,488,France,Female,SILVER,1
565,40,1,89994.71,2,0,1,121084.27,0,4,576,Germany,Female,PLATINUM,0
529,38,7,99842.5,2,1,0,90256.06,1,4,220,Spain,Male,DIAMOND,1
478,36,3,92363.3,2,1,0,44912.7,0,4,480,Spain,Female,DIAMOND,0
557,27,2,0.0,2,0,1,4497.55,0,3,803,France,Female,SILVER,0
633,29,8,104944.1,1,1,1,97684.46,0,4,769,Germany,Female,DIAMOND,0
637,21,10,125712.2,1,0,0,175072.47,0,4,402,France,Female,PLATINUM,0
682,69,6,0.0,2,0,1,149604.18,0,2,547,France,Male,PLATINUM,0
741,36,0,127675.39,2,1,0,74260.16,0,3,283,Germany,Female,SILVER,0
475,57,1,0.0,2,1,0,89248.99,0,2,372,France,Female,GOLD,0
659,34,9,134464.58,2,1,0,178833.34,0,3,413,Germany,Male,SILVER,0
792,70,3,0.0,2,1,1,172240.27,0,4,524,France,Female,PLATINUM,0
696,22,9,149777.0,1,1,1,198032.93,0,3,873,France,Male,PLATINUM,0
780,43,0,0.0,1,0,1,15705.27,0,1,245,France,Female,DIAMOND,0
594,35,2,0.0,2,1,0,103480.69,0,4,378,France,Male,DIAMOND,0
714,72,3,0.0,1,1,1,86733.61,0,4,354,France,Female,SILVER,0
647,29,0,98263.46,2,1,0,164717.95,0,2,621,France,Female,GOLD,0
734,45,2,0.0,2,1,0,99593.28,0,5,321,France,Male,GOLD,0
614,37,8,75150.34,4,0,1,131766.67,1,1,516,France,Female,GOLD,1
601,26,7,105514.69,2,1,0,50070.59,0,5,525,Germany,Female,GOLD,0
525,25,6,0.0,2,1,0,89566.64,0,5,476,France,Female,DIAMOND,0
595,36,6,85768.42,1,1,1,24802.77,0,5,301,Spain,Male,DIAMOND,0
624,33,6,0.0,2,0,0,76551.7,0,5,566,Spain,Male,GOLD,0
732,34,8,122338.43,2,1,0,187985.85,0,1,254,France,Female,PLATINUM,0
601,37,5,0.0,1,0,0,20708.6,0,2,987,France,Female,GOLD,0
605,62,4,111065.93,2,0,1,125660.99,0,1,868,France,Female,PLATINUM,0
550,40,7,114354.95,1,1,0,54018.93,0,1,951,France,Female,GOLD,0
602,33,5,0.0,2,0,1,64038.34,0,1,713,Spain,Male,GOLD,0
770,30,8,0.0,2,0,1,50839.85,0,3,597,Spain,Male,GOLD,0
568,36,10,153610.61,1,1,1,54083.8,1,2,244,Spain,Female,SILVER,1
760,51,2,100946.71,1,0,0,179614.8,1,4,550,France,Female,DIAMOND,1
496,34,1,102723.35,2,1,0,180844.81,0,2,310,France,Female,SILVER,0
817,45,9,101207.75,1,0,0,88211.12,1,2,847,Germany,Male,SILVER,1
602,35,5,0.0,2,1,0,31050.02,0,5,414,France,Female,DIAMOND,0
662,47,6,0.0,2,1,1,129392.75,0,4,629,France,Female,GOLD,0
790,42,1,85839.62,1,1,0,198182.73,0,5,226,Germany,Male,GOLD,0
476,34,8,111905.43,1,0,1,197221.81,1,3,832,Germany,Female,PLATINUM,1
692,27,1,125547.53,1,0,0,7900.46,0,4,890,France,Male,SILVER,0
710,41,2,156067.05,1,1,1,9983.88,0,4,678,France,Female,DIAMOND,0
569,66,2,0.0,1,1,0,130784.2,1,1,345,France,Male,DIAMOND,1
805,31,4,0.0,2,1,0,4798.12,0,2,863,France,Female,PLATINUM,0
679,60,8,0.0,2,1,1,51380.9,0,4,797,France,Male,SILVER,0
617,37,4,116471.43,2,1,0,175324.74,1,3,984,Germany,Female,SILVER,1
740,60,5,108028.08,2,0,0,25980.42,1,5,922,France,Female,GOLD,1
660,32,0,114668.89,1,1,0,84605.0,0,4,458,France,Female,PLATINUM,0
616,31,3,136789.14,1,1,0,59346.4,1,1,861,France,Female,PLATINUM,1
511,27,8,0.0,2,1,1,49089.36,0,2,865,France,Male,SILVER,0
646,24,0,92398.08,1,1,1,18897.29,0,5,887,Germany,Male,GOLD,0
626,26,8,148610.41,3,0,1,104502.02,1,5,410,Spain,Female,PLATINUM,1
581,24,3,95508.2,1,1,1,45755.0,0,5,463,France,Female,PLATINUM,0
576,32,7,0.0,2,1,0,4660.91,0,5,722,France,Male,PLATINUM,0
543,48,1,100900.5,1,0,0,33310.72,1,2,751,Germany,Male,DIAMOND,1
652,45,9,110827.49,1,1,1,153383.54,1,3,510,Germany,Female,PLATINUM,1
657,40,7,99165.84,1,0,1,119333.95,1,5,267,Germany,Male,SILVER,1
638,34,7,0.0,2,0,0,3946.29,0,2,504,Spain,Female,PLATINUM,0
563,32,0,148326.09,1,1,0,191604.27,1,3,356,France,Female,GOLD,1
617,30,8,0.0,1,1,1,92621.9,0,3,829,France,Female,GOLD,0
658,39,4,0.0,1,1,1,147530.06,0,3,745,France,Female,GOLD,0
850,32,2,128647.98,2,0,0,54416.18,0,2,607,Germany,Male,SILVER,0
632,40,9,139625.34,1,1,0,93702.96,1,5,709,France,Female,DIAMOND,1
758,50,2,95813.76,3,1,1,67944.09,1,2,525,France,Female,PLATINUM,1
547,32,8,155726.85,1,1,0,67789.99,0,2,309,Germany,Male,SILVER,0
789,37,3,0.0,1,1,0,121883.87,1,4,259,France,Male,SILVER,1
624,36,0,0.0,2,1,0,111605.9,0,3,353,Spain,Female,GOLD,0
674,39,6,120193.42,1,0,0,100130.95,0,1,510,Spain,Male,PLATINUM,0
537,46,5,100727.5,1,0,1,140857.76,1,3,649,Germany,Female,DIAMOND,1
697,43,10,128226.37,1,0,0,188486.94,0,3,761,Spain,Male,DIAMOND,0
437,35,6,126803.34,2,1,1,161133.4,0,3,628,Germany,Male,DIAMOND,0
524,37,9,127480.58,2,1,0,179634.69,0,2,512,Germany,Female,SILVER,0
531,45,1,126495.57,2,1,1,164741.5,0,2,242,Spain,Female,GOLD,0
724,34,6,118235.7,2,0,0,157137.23,0,5,618,Germany,Male,DIAMOND,0
561,28,6,123692.0,1,1,1,70548.96,0,4,615,Spain,Male,GOLD,0
720,29,7,106230.92,1,1,1,69903.93,1,1,747,Germany,Female,SILVER,1
850,29,1,0.0,2,0,0,152996.89,0,3,601,France,Male,GOLD,0
698,46,0,0.0,2,1,1,125962.02,0,2,613,France,Female,DIAMOND,0
635,48,4,81556.89,2,1,0,191914.37,0,2,488,Germany,Female,DIAMOND,0
696,42,4,0.0,1,0,0,126353.13,1,3,255,France,Male,GOLD,1
731,19,6,0.0,2,1,1,151581.79,0,4,457,France,Male,PLATINUM,0
484,36,8,0.0,2,1,0,186136.48,0,1,512,Spain,Male,PLATINUM,0
648,49,10,0.0,2,1,1,159835.78,1,2,314,Spain,Female,GOLD,1
494,27,2,0.0,2,1,0,22404.64,0,2,488,Spain,Male,DIAMOND,0
576,40,9,0.0,2,1,0,112465.19,1,5,359,France,Male,SILVER,1
749,44,0,71497.79,2,0,0,151083.8,0,1,378,Germany,Female,SILVER,0
561,43,4,0.0,4,0,0,18522.91,1,1,320,France,Male,GOLD,1
721,69,2,108424.19,1,1,1,178418.35,0,1,260,France,Male,PLATINUM,0
608,59,1,0.0,1,1,0,70649.64,1,4,585,France,Male,DIAMOND,1
632,30,1,58668.02,1,1,1,78670.52,0,1,398,Germany,Male,GOLD,0
638,46,9,139859.54,1,1,0,38967.29,0,4,946,France,Male,GOLD,0
706,36,9,58571.18,2,1,0,40774.01,0,4,329,Germany,Male,PLATINUM,0
663,34,10,0.0,1,1,1,114083.73,0,3,664,France,Male,PLATINUM,0
552,41,9,124349.34,1,1,0,135635.25,0,3,539,France,Female,DIAMOND,0
557,24,4,0.0,1,0,0,20515.72,0,5,532,France,Female,GOLD,0
365,30,0,127760.07,1,1,0,81537.85,1,4,342,Germany,Male,DIAMOND,1
638,36,6,0.0,1,1,0,164247.51,0,4,932,France,Female,DIAMOND,0
664,33,7,97286.16,2,1,0,143433.33,0,5,334,Germany,Male,GOLD,0
646,38,7,0.0,2,1,0,1528.4,0,3,462,France,Male,SILVER,0
628,50,4,122227.71,1,0,1,14217.77,1,4,720,Germany,Male,SILVER,1
715,33,3,85227.84,1,1,1,68087.15,0,4,648,France,Female,GOLD,0
521,34,7,70731.07,1,1,1,20243.97,1,2,773,Spain,Female,GOLD,1
711,37,2,0.0,2,1,0,83978.86,1,4,407,Spain,Male,GOLD,1
701,34,6,107980.37,1,1,1,119374.74,0,3,563,Spain,Female,PLATINUM,0
753,38,1,117314.92,1,1,0,122021.33,1,5,645,Germany,Female,DIAMOND,1
638,25,4,148045.45,2,1,1,114722.42,0,2,537,Germany,Male,SILVER,0
613,21,7,105627.95,1,1,1,36560.51,0,5,495,France,Female,GOLD,0
604,23,9,124577.33,1,1,1,7267.25,0,4,470,Spain,Male,DIAMOND,0
520,29,8,95947.76,1,1,0,4696.44,0,5,617,France,Female,GOLD,0
744,32,4,96106.83,1,1,1,79812.77,0,5,520,Germany,Male,DIAMOND,0
585,36,5,146050.97,2,0,0,86424.57,0,3,665,Germany,Male,SILVER,0
633,50,7,88302.65,1,1,1,195937.16,0,4,382,Germany,Male,DIAMOND,0
611,37,1,117524.72,2,0,1,161064.29,0,5,299,Germany,Male,DIAMOND,0
647,41,1,85906.65,3,1,0,189159.97,0,3,936,Germany,Female,SILVER,0
753,35,3,0.0,2,1,1,184843.77,0,1,330,France,Male,GOLD,0
768,42,3,0.0,1,0,0,161242.99,1,1,651,Spain,Female,SILVER,1
513,41,9,107135.04,2,1,1,160546.58,0,1,576,Spain,Female,DIAMOND,0
651,37,10,117791.06,2,1,1,75837.58,0,2,276,Germany,Female,GOLD,0
657,40,10,0.0,2,1,1,52990.7,0,3,724,Spain,Male,GOLD,0
498,33,1,198113.86,1,1,0,69664.35,0,2,694,France,Male,PLATINUM,0
515,41,8,0.0,2,1,1,185054.14,0,5,547,France,Male,DIAMOND,0
705,61,4,0.0,2,1,1,191313.7,0,2,606,France,Male,DIAMOND,0
592,29,7,0.0,2,1,1,91196.67,0,5,624,France,Male,GOLD,0
678,25,10,76968.12,2,0,1,131501.72,0,1,365,Germany,Female,GOLD,0
574,37,7,0.0,2,1,0,32262.28,0,2,737,Spain,Female,DIAMOND,0
711,25,5,190066.54,1,0,0,51345.39,1,5,303,France,Female,GOLD,1
526,33,8,114634.63,2,1,0,110114.38,1,2,624,Spain,Female,SILVER,1
581,43,5,93259.57,3,1,0,141035.65,1,5,276,Germany,Female,DIAMOND,1
756,19,4,130274.22,1,1,1,133535.29,0,4,546,Spain,Male,SILVER,0
674,39,6,0.0,2,1,1,9574.83,0,3,629,Spain,Female,SILVER,0
608,42,10,163548.07,1,1,0,38866.85,0,3,602,France,Male,DIAMOND,0
588,22,9,67178.19,1,1,1,163534.75,1,2,728,Spain,Female,SILVER,1
648,26,9,162923.85,1,1,0,98368.24,0,5,922,France,Male,GOLD,0
616,30,5,0.0,2,0,1,196108.51,0,4,701,Spain,Male,PLATINUM,0
578,28,4,0.0,2,0,0,6947.09,0,3,849,Spain,Male,GOLD,0
545,44,2,127536.44,1,1,0,108398.63,0,5,320,Germany,Female,PLATINUM,0
751,50,2,96888.39,1,1,0,77206.25,1,2,756,Germany,Male,DIAMOND,1
850,40,6,97339.99,1,0,1,88815.25,0,1,756,France,Male,GOLD,0
695,36,4,161533.0,1,1,0,100940.91,0,2,749,France,Male,GOLD,0
535,38,8,0.0,2,1,0,136620.64,0,1,272,France,Female,DIAMOND,0
722,30,5,0.0,2,1,0,166376.54,0,5,282,France,Male,PLATINUM,0
713,43,5,86394.14,1,1,1,130001.13,0,3,663,France,Male,SILVER,0
449,21,7,0.0,2,0,0,175743.92,0,3,786,France,Female,GOLD,0
632,49,5,167962.7,1,0,0,140201.21,0,3,614,France,Female,DIAMOND,0
457,44,7,0.0,2,0,0,185992.36,0,4,717,Spain,Male,PLATINUM,0
703,37,1,149762.08,1,1,0,20629.4,1,3,371,France,Male,DIAMOND,1
507,46,8,102785.16,1,1,1,70323.68,0,1,633,Germany,Female,GOLD,0
535,20,9,134874.4,1,1,1,118825.56,0,2,640,Germany,Male,GOLD,0
556,46,3,131764.96,1,1,1,108500.66,1,5,606,Spain,Male,SILVER,1
671,44,0,84745.03,2,0,1,34673.98,0,4,863,Germany,Female,SILVER,0
710,51,4,93656.95,1,0,1,141400.51,1,5,933,Spain,Female,DIAMOND,1
624,23,5,0.0,2,0,0,132418.59,0,5,965,France,Female,GOLD,0
547,39,6,74596.15,3,1,1,85746.52,1,4,790,Germany,Female,SILVER,1
565,49,7,0.0,2,1,1,89609.26,0,4,579,France,Male,PLATINUM,0
675,32,2,155663.31,1,1,0,97658.66,0,2,655,France,Female,SILVER,0
641,42,6,0.0,2,0,0,121138.77,0,2,697,France,Female,PLATINUM,0
627,35,2,137852.96,1,1,1,172269.21,1,3,803,Germany,Female,SILVER,1
728,46,2,109705.52,1,1,0,20276.87,1,5,469,France,Female,PLATINUM,1
585,33,4,152805.05,1,1,0,63239.65,0,1,385,France,Female,GOLD,0
638,30,9,136808.53,2,1,1,106642.97,0,5,946,Spain,Male,GOLD,0
533,38,4,70362.52,2,1,1,104189.46,0,2,975,Germany,Male,SILVER,0
757,36,1,65349.71,1,0,0,64539.64,0,2,788,Germany,Male,SILVER,0
702,29,6,149218.39,1,1,1,9633.01,0,3,739,France,Female,DIAMOND,0
624,38,3,0.0,2,1,1,163666.85,0,3,357,France,Female,PLATINUM,0
659,27,4,0.0,2,1,0,99341.87,0,4,613,Spain,Male,PLATINUM,0
585,37,6,152496.82,1,1,1,99907.29,0,3,405,Germany,Male,SILVER,0
553,41,6,144974.55,1,1,1,19344.92,0,1,699,Spain,Male,PLATINUM,0
508,35,1,86893.28,1,0,0,59374.82,0,2,408,France,Male,SILVER,0
634,34,1,0.0,2,1,0,61995.57,0,5,522,Spain,Male,SILVER,0
626,23,6,85897.95,1,1,0,109742.8,0,2,906,Germany,Female,SILVER,0
569,35,4,93934.63,1,1,0,184748.23,0,5,786,France,Female,GOLD,0
639,29,4,133434.57,2,1,0,97983.44,0,3,293,Spain,Male,PLATINUM,0
616,29,8,149318.55,1,1,0,140746.13,0,1,564,Germany,Male,PLATINUM,0
617,30,3,132005.77,1,1,0,142940.39,0,5,285,France,Male,GOLD,0
617,79,7,0.0,1,1,1,160589.18,0,3,424,France,Female,SILVER,0
607,61,2,164523.5,2,1,1,35786.76,0,1,702,Germany,Male,DIAMOND,0
536,61,8,65190.29,1,1,1,64308.49,1,2,390,France,Female,DIAMOND,1
758,33,7,0.0,2,0,0,82996.47,0,4,953,France,Female,PLATINUM,0
811,47,3,123365.34,2,0,0,171995.34,0,4,601,France,Female,GOLD,0
662,64,0,98848.19,1,0,1,42730.12,0,1,676,France,Male,SILVER,0
665,45,5,155447.65,2,1,0,51871.95,1,4,511,Germany,Female,PLATINUM,1
750,52,6,107467.56,1,1,0,126233.18,1,5,644,Germany,Female,DIAMOND,1
605,39,3,0.0,2,1,0,199390.45,0,3,405,France,Male,SILVER,0
601,20,9,122446.61,2,1,0,86791.9,0,3,605,Spain,Female,PLATINUM,0
598,32,4,111156.52,1,1,1,167376.26,0,1,219,France,Female,SILVER,0
455,40,1,0.0,3,0,1,129975.34,0,2,407,France,Male,PLATINUM,0
667,70,3,77356.92,2,1,1,20881.96,0,2,681,Germany,Male,GOLD,0
724,31,9,138166.3,1,1,0,12920.43,0,5,376,Germany,Male,PLATINUM,0
634,37,7,51582.5,2,1,1,184312.88,0,5,902,France,Female,GOLD,0
782,33,7,191523.09,1,1,1,167058.75,0,4,763,France,Male,DIAMOND,0
651,63,8,129968.67,1,1,1,11830.53,0,3,746,Spain,Female,PLATINUM,0
649,78,4,68345.86,2,1,1,142566.75,0,2,446,Germany,Male,PLATINUM,0
705,39,5,149379.66,2,1,0,96075.55,0,2,444,France,Female,PLATINUM,0
677,43,3,133214.88,2,1,1,95936.84,0,5,865,Spain,Female,DIAMOND,0
466,56,2,111920.13,3,1,0,197634.11,1,3,586,Germany,Female,SILVER,1
679,58,8,125850.53,2,1,1,87008.17,0,2,572,Germany,Male,DIAMOND,0
737,43,1,125537.38,1,1,0,138510.01,1,2,316,Germany,Female,GOLD,1
599,39,2,188976.89,2,0,1,176142.09,0,3,729,Germany,Male,SILVER,0
523,22,8,123374.46,1,1,1,124906.59,0,4,862,France,Male,PLATINUM,0
781,35,4,80790.74,1,1,0,116429.51,0,2,456,Spain,Male,SILVER,0
544,33,6,0.0,2,1,1,124113.04,0,4,617,France,Female,SILVER,0
639,27,8,133806.54,2,1,0,6251.3,0,2,533,Spain,Female,PLATINUM,0
602,33,8,0.0,2,1,1,112928.74,0,4,813,France,Female,SILVER,0
617,41,7,0.0,2,0,1,14496.67,0,1,321,France,Male,PLATINUM,0
667,71,4,137260.78,1,0,1,94433.08,1,2,915,Spain,Male,DIAMOND,1
656,33,7,138705.02,2,1,0,37136.15,0,1,396,France,Male,GOLD,0
850,42,0,0.0,2,1,0,44165.84,0,2,377,France,Male,SILVER,0
800,38,1,0.0,2,1,0,51553.43,0,5,959,Spain,Male,DIAMOND,0
468,42,5,0.0,2,1,0,125305.34,0,3,780,France,Female,GOLD,0
565,33,8,130368.31,2,1,0,105642.43,0,3,860,Germany,Male,GOLD,0
577,37,4,0.0,1,1,1,79881.39,0,1,642,France,Female,PLATINUM,0
622,31,5,106260.67,1,1,1,2578.43,0,4,660,France,Male,SILVER,0
617,51,10,167273.71,1,0,0,93439.75,1,3,539,Germany,Female,PLATINUM,1
687,38,8,69434.4,2,1,1,66580.13,1,4,778,Spain,Male,GOLD,1
730,23,8,0.0,2,1,0,183284.53,0,3,537,France,Male,SILVER,0
789,31,4,175477.15,1,1,1,172832.9,0,1,702,France,Male,DIAMOND,0
724,34,2,0.0,2,1,1,118863.38,0,4,467,France,Female,GOLD,0
526,32,7,125540.05,1,0,0,86786.41,0,3,672,France,Male,PLATINUM,0
664,36,2,127160.78,2,1,0,78140.75,0,5,705,Germany,Female,GOLD,0
850,35,5,0.0,1,1,1,80992.8,0,5,838,France,Female,PLATINUM,0
736,27,5,51522.75,1,0,1,192131.77,0,4,562,France,Male,SILVER,0
652,74,5,0.0,2,1,1,937.15,0,5,286,France,Female,GOLD,0
809,48,2,0.0,1,1,0,160976.85,1,1,994,Spain,Female,GOLD,1
651,39,6,0.0,1,1,0,24176.44,0,1,283,France,Female,SILVER,0
669,50,9,201009.64,1,1,0,158032.5,1,2,346,France,Male,PLATINUM,1
630,25,7,79656.81,1,1,0,93524.22,0,4,784,Germany,Female,PLATINUM,0
530,37,4,0.0,2,1,1,164844.37,0,2,885,Spain,Male,PLATINUM,0
750,39,6,0.0,2,0,0,19264.33,0,5,940,Spain,Female,PLATINUM,0
671,31,4,0.0,2,0,1,79270.02,0,2,598,Spain,Female,GOLD,0
792,42,2,0.0,2,1,0,92664.09,0,3,522,France,Female,PLATINUM,0
690,36,10,91760.11,1,1,1,135784.94,0,2,443,Spain,Female,PLATINUM,0
445,38,6,119413.62,2,1,0,175756.36,0,2,263,Germany,Female,GOLD,0
749,24,1,0.0,3,1,1,47911.03,0,3,758,France,Male,GOLD,0
809,33,8,148055.74,1,0,0,199203.21,0,1,981,Germany,Male,PLATINUM,0
597,28,2,0.0,3,1,1,78707.97,0,3,793,France,Male,SILVER,0
603,24,1,165149.13,2,1,0,21858.28,0,1,872,Spain,Male,PLATINUM,0
573,28,8,0.0,2,0,0,77660.03,0,4,668,Spain,Male,PLATINUM,0
645,36,8,0.0,2,1,1,12096.61,1,2,608,France,Female,PLATINUM,1
576,52,2,100549.43,2,1,1,16644.16,0,4,221,Spain,Male,DIAMOND,0
677,40,5,0.0,2,1,0,88947.56,0,4,314,Spain,Male,GOLD,0
769,38,6,0.0,2,0,0,104393.78,0,5,390,Spain,Male,PLATINUM,0
741,42,9,121056.63,2,1,0,39122.58,0,4,872,Spain,Female,PLATINUM,0
631,35,8,129205.49,1,1,1,79146.36,0,2,460,France,Male,SILVER,0
559,36,1,104356.94,2,0,1,54184.06,0,5,969,Germany,Female,GOLD,0
469,35,5,0.0,2,1,0,186490.37,0,4,698,Spain,Male,SILVER,0
497,35,7,110053.62,2,1,1,92887.06,0,4,748,Germany,Male,PLATINUM,0
679,39,6,0.0,2,1,0,12266.06,0,2,702,Spain,Male,GOLD,0
718,25,4,108691.95,1,1,0,63030.97,0,2,723,France,Female,DIAMOND,0
782,36,1,148795.17,2,1,1,195681.43,0,1,615,France,Male,DIAMOND,0
490,35,7,107749.03,1,1,1,3937.37,0,5,960,France,Female,PLATINUM,0
649,20,5,0.0,2,1,1,58309.54,0,5,496,Spain,Male,PLATINUM,0
645,30,1,125739.26,1,1,1,193441.23,0,2,788,France,Male,SILVER,0
795,33,9,104552.72,1,1,1,120853.83,1,1,381,Germany,Female,SILVER,1
604,53,8,144453.75,1,1,0,190998.96,1,3,985,France,Male,DIAMOND,1
844,41,10,76319.64,1,1,1,141175.18,1,3,256,France,Female,PLATINUM,1
762,39,2,81273.13,1,1,1,18719.67,0,5,929,Spain,Male,GOLD,0
575,37,0,0.0,2,0,0,30114.32,0,2,930,Spain,Female,GOLD,0
687,34,5,128270.56,1,1,0,191092.62,0,3,908,France,Male,GOLD,0
683,35,9,61172.04,1,0,0,82951.12,0,3,306,Spain,Male,GOLD,0
688,35,5,111578.18,1,0,0,166165.93,1,1,384,Germany,Male,PLATINUM,1
625,45,3,0.0,1,1,1,184474.15,1,5,375,France,Female,GOLD,1
669,30,7,95128.86,1,0,0,19799.26,0,4,463,France,Male,PLATINUM,0
742,60,4,0.0,1,1,1,13161.66,1,1,358,France,Female,DIAMOND,1
730,34,1,0.0,2,1,1,126592.01,0,3,865,France,Male,DIAMOND,0
484,55,8,149349.58,3,0,0,137519.92,1,5,760,Germany,Female,PLATINUM,1
650,61,1,152968.73,1,0,1,82970.69,0,5,683,Spain,Male,DIAMOND,0
672,33,2,0.0,2,1,1,182738.0,0,4,609,Spain,Male,SILVER,0
539,24,3,0.0,2,1,1,198161.07,0,4,449,France,Female,PLATINUM,0
556,40,9,129860.37,1,0,0,17992.94,0,4,332,France,Female,DIAMOND,0
573,35,9,206868.78,2,0,1,102986.15,0,3,940,Germany,Female,SILVER,0
518,27,1,133801.49,1,1,1,143315.57,0,1,938,France,Female,DIAMOND,0
615,30,8,0.0,2,0,0,3183.15,0,2,436,France,Male,GOLD,0
526,42,1,0.0,1,0,1,168486.02,0,1,593,France,Male,GOLD,0
718,35,2,167924.95,1,1,0,43024.64,0,2,317,France,Female,SILVER,0
809,80,8,0.0,2,0,1,34164.05,0,3,311,Spain,Male,DIAMOND,0
597,67,2,0.0,2,0,1,108645.85,0,2,352,France,Male,PLATINUM,0
657,75,7,126273.95,1,0,1,91673.6,0,1,554,Spain,Male,GOLD,0
726,48,4,0.0,1,1,0,114020.06,1,2,283,France,Female,DIAMOND,1
533,39,2,0.0,1,0,1,73669.94,1,2,285,France,Female,GOLD,1
739,41,5,0.0,2,0,0,143882.25,0,5,574,France,Male,PLATINUM,0
555,62,4,119817.33,1,0,1,43507.1,1,2,697,Germany,Male,GOLD,1
795,35,8,0.0,2,1,0,167155.36,0,2,708,Spain,Male,DIAMOND,0
727,43,2,97403.18,1,1,1,107415.02,1,1,612,Spain,Male,GOLD,1
641,31,9,112494.99,1,1,1,32231.6,0,4,565,France,Male,GOLD,0
665,51,8,0.0,1,1,1,38928.48,1,2,317,Spain,Female,DIAMOND,1
577,35,4,108155.49,1,1,0,105407.79,0,1,565,France,Female,PLATINUM,0
477,48,8,129250.0,2,1,1,157937.35,0,1,885,Germany,Male,PLATINUM,0
581,34,1,0.0,2,0,1,81175.25,0,3,602,Spain,Male,SILVER,0
598,35,8,0.0,3,0,1,88658.73,0,4,235,Spain,Female,DIAMOND,0
819,49,1,120656.86,4,0,0,166164.3,1,3,991,Germany,Female,PLATINUM,1
828,28,8,134766.85,1,1,0,79355.87,0,3,738,Spain,Male,GOLD,0
696,24,9,0.0,1,0,0,10883.52,0,3,916,Spain,Male,SILVER,0
724,29,6,0.0,2,0,1,64729.51,0,5,957,France,Female,SILVER,0
665,25,5,153611.83,2,1,0,35321.65,0,1,862,Germany,Male,SILVER,0
709,43,8,0.0,2,0,0,168035.62,1,4,863,France,Female,GOLD,1
673,29,4,99097.36,1,1,1,9796.69,0,4,712,Germany,Female,PLATINUM,0
691,40,1,0.0,2,1,1,145613.17,0,2,878,Spain,Male,DIAMOND,0
704,24,2,148197.15,2,1,0,182775.08,0,1,871,France,Male,PLATINUM,0
637,27,9,128940.24,1,1,0,46786.92,0,5,304,France,Male,GOLD,0
595,30,5,100683.54,1,1,1,178361.04,0,3,376,Spain,Female,SILVER,0
545,39,6,0.0,1,0,0,38410.74,1,4,542,Spain,Female,SILVER,1
741,37,8,170840.08,2,0,0,109843.16,0,1,947,Germany,Female,SILVER,0
549,43,3,134985.66,1,1,0,6101.41,0,3,903,Germany,Female,PLATINUM,0
627,27,0,185267.45,2,1,1,77027.34,0,4,606,Germany,Male,SILVER,0
795,56,9,94348.94,1,1,0,29239.29,1,1,414,Germany,Female,PLATINUM,1
693,43,1,121927.92,1,1,0,87994.95,1,4,572,Germany,Female,GOLD,1
724,40,6,0.0,2,0,0,106149.48,0,3,437,France,Male,PLATINUM,0
660,35,8,58641.43,1,0,1,198674.08,0,5,815,Germany,Male,PLATINUM,0
614,30,3,131344.52,2,1,0,54776.64,0,2,636,Germany,Female,PLATINUM,0
640,33,1,167298.42,1,0,1,145381.65,0,1,892,France,Female,SILVER,0
766,62,7,142724.48,1,0,1,5893.23,1,2,460,Germany,Female,GOLD,1
645,59,8,121669.93,2,0,0,91.75,1,5,291,Germany,Female,SILVER,1
760,43,6,175735.5,1,1,1,157337.29,0,2,927,Spain,Male,GOLD,0
708,44,2,161887.81,2,1,0,84870.23,0,3,602,France,Female,DIAMOND,0
662,32,4,133950.37,1,1,1,48725.68,1,1,368,France,Female,DIAMOND,1
724,33,5,103564.83,2,1,0,121085.72,0,1,352,Germany,Male,GOLD,0
707,32,4,132835.56,1,0,0,136877.24,0,2,745,Spain,Female,SILVER,0
782,70,7,97072.42,1,0,1,131177.22,0,3,714,France,Female,GOLD,0
744,35,7,0.0,2,1,1,43036.6,0,5,784,Spain,Male,SILVER,0
845,38,2,112803.92,1,1,0,179631.85,0,1,881,Spain,Female,DIAMOND,0
838,35,0,0.0,2,0,1,197305.91,0,1,502,Spain,Male,SILVER,0
547,42,1,142703.4,1,1,0,86207.49,1,5,731,Germany,Female,PLATINUM,1
629,30,2,34013.63,1,1,0,19570.63,0,2,952,Spain,Female,DIAMOND,0
554,45,6,0.0,2,1,1,181204.5,0,3,802,France,Female,DIAMOND,0
687,61,7,80538.56,1,1,0,131305.37,1,4,274,France,Female,DIAMOND,1
568,43,9,0.0,1,1,0,125870.79,1,1,805,Spain,Female,PLATINUM,1
699,47,1,0.0,2,0,1,30117.44,0,3,788,Spain,Male,SILVER,0
560,41,4,152532.3,1,0,0,10779.69,0,3,459,Germany,Male,DIAMOND,0
695,45,3,0.0,2,1,1,30793.61,0,1,364,France,Male,PLATINUM,0
664,40,9,0.0,2,1,0,194767.3,0,5,354,France,Male,SILVER,0
733,51,10,141556.96,1,1,0,130189.53,0,3,800,France,Male,SILVER,0
717,41,3,135756.96,1,1,1,103706.41,0,2,801,France,Female,SILVER,0
688,36,0,89772.3,1,1,0,177383.68,1,5,663,Spain,Male,DIAMOND,1
566,44,5,141428.99,2,0,0,68408.74,0,4,459,Germany,Female,SILVER,0
779,26,0,0.0,2,0,1,111906.0,0,2,804,France,Female,DIAMOND,0
628,42,7,0.0,2,0,1,172967.87,0,2,283,Spain,Male,SILVER,0
648,54,9,120633.42,1,0,0,5924.38,1,4,425,France,Female,SILVER,1
677,58,9,0.0,1,0,1,168650.4,0,5,817,France,Male,GOLD,0
720,33,2,0.0,2,0,1,141031.08,0,2,633,France,Male,GOLD,0
535,49,7,115309.75,1,1,0,111421.77,0,5,885,Spain,Female,GOLD,0
588,41,6,106116.56,2,1,0,198766.61,0,3,666,Germany,Male,DIAMOND,0
543,36,4,0.0,2,1,1,141210.5,0,1,354,France,Male,GOLD,0
643,45,9,150840.03,2,1,0,155516.35,0,2,812,Spain,Female,GOLD,0
650,24,8,108881.73,1,1,0,104492.83,0,3,853,Spain,Male,SILVER,0
764,24,7,98148.61,1,1,0,26843.76,0,1,275,France,Male,GOLD,0
662,74,6,0.0,2,1,0,123583.85,0,1,512,France,Male,SILVER,0
732,26,7,0.0,2,1,0,154364.66,0,3,994,France,Male,DIAMOND,0
610,42,6,0.0,2,1,0,158302.59,1,5,237,Spain,Male,DIAMOND,1
701,40,5,169742.64,1,1,1,153537.55,1,4,840,France,Male,GOLD,1
625,39,2,0.0,2,1,0,100403.05,0,3,452,France,Male,PLATINUM,0
523,40,2,102967.41,1,1,0,128702.1,1,1,606,France,Female,PLATINUM,1
577,34,2,0.0,2,1,1,84033.35,0,5,309,France,Female,PLATINUM,0
802,38,1,142557.11,1,1,1,172497.73,0,4,670,France,Male,DIAMOND,0
722,35,1,120171.58,1,1,0,125240.8,0,2,324,Spain,Female,SILVER,0
712,34,1,0.0,2,1,1,195052.12,0,1,966,France,Male,PLATINUM,0
612,24,1,182705.05,1,1,1,171837.06,0,3,615,France,Male,SILVER,0
850,40,6,94607.08,1,1,0,36690.49,0,5,460,Germany,Male,DIAMOND,0
719,32,7,0.0,1,0,0,76264.27,0,3,677,Spain,Female,PLATINUM,0
675,39,1,0.0,2,1,0,153129.22,0,1,791,France,Male,DIAMOND,0
724,33,4,88046.88,1,0,1,186942.49,1,3,756,Germany,Male,SILVER,1
586,37,8,167735.69,2,0,1,104665.79,0,4,738,Germany,Male,DIAMOND,0
431,63,6,160982.89,1,1,1,168008.17,0,2,923,France,Male,DIAMOND,0
463,41,8,123151.51,2,1,0,70127.93,0,5,523,Germany,Female,SILVER,0
706,35,8,178032.53,1,0,1,42181.68,0,1,285,France,Female,GOLD,0
439,29,6,156569.43,1,1,0,180598.66,0,2,939,France,Female,GOLD,0
491,72,6,91285.22,1,1,1,7032.95,0,3,277,France,Female,GOLD,0
572,43,2,140431.98,1,1,0,26450.57,1,4,474,France,Male,DIAMOND,1
799,39,7,167395.6,2,0,1,139537.43,0,2,908,Germany,Female,PLATINUM,0
636,36,6,96643.32,1,0,0,182059.28,0,2,498,Germany,Male,DIAMOND,0
633,29,10,130206.28,1,1,0,184654.87,0,5,957,France,Male,GOLD,0
524,28,1,93577.3,1,1,1,51670.82,0,5,744,France,Male,PLATINUM,0
555,62,10,114822.64,1,0,1,8444.5,0,3,291,Germany,Female,GOLD,0
637,43,3,172196.23,1,1,1,104769.96,0,4,550,Spain,Male,GOLD,0
730,39,1,116537.6,1,0,0,145679.6,0,1,453,France,Male,GOLD,0
779,37,2,128389.63,1,1,1,6589.16,1,2,560,Germany,Female,DIAMOND,1
494,41,2,69974.66,2,1,0,188426.13,1,4,997,Spain,Female,SILVER,1
675,50,1,133204.91,1,0,1,8270.06,0,1,467,Spain,Female,PLATINUM,0
602,37,3,107592.89,2,0,1,153122.73,0,3,493,Spain,Male,GOLD,0
829,22,7,150126.44,1,1,0,152107.93,1,5,502,France,Female,SILVER,1
606,27,2,130274.26,2,1,0,147533.09,0,5,915,Germany,Male,GOLD,0
850,34,2,0.0,2,0,0,51919.04,0,4,506,France,Female,DIAMOND,0
533,52,7,0.0,1,0,1,194113.99,1,5,590,Spain,Female,DIAMOND,1
529,35,5,0.0,2,1,0,56518.0,0,4,284,Spain,Female,DIAMOND,0
736,43,4,176134.54,1,1,1,52856.88,0,2,266,France,Male,GOLD,0
610,40,0,0.0,2,1,0,62232.6,0,5,690,France,Male,GOLD,0
769,31,6,117852.26,2,1,0,147668.64,0,5,533,France,Female,DIAMOND,0
685,30,3,90536.81,1,0,1,63082.88,0,4,347,Germany,Male,SILVER,0
738,62,10,83008.31,1,1,1,42766.03,0,3,995,Germany,Male,GOLD,0
754,34,7,0.0,2,1,1,65219.85,0,3,467,France,Male,GOLD,0
592,26,4,105082.07,2,1,0,132801.57,0,1,949,Germany,Female,GOLD,0
796,32,5,102773.15,2,0,1,117832.88,0,2,630,Spain,Male,GOLD,0
604,33,3,148659.48,1,0,0,42437.75,0,5,376,France,Male,DIAMOND,0
619,33,3,100488.92,2,0,1,36446.74,0,4,522,Germany,Female,PLATINUM,0
698,57,6,136325.48,2,1,1,72549.27,1,2,687,France,Male,DIAMOND,1
752,37,5,113291.05,2,1,1,132467.54,0,1,264,Germany,Female,SILVER,0
810,51,5,0.0,2,0,1,184524.74,0,1,527,France,Female,DIAMOND,0
630,36,2,110414.48,1,1,1,48984.95,0,3,882,France,Female,SILVER,0
534,23,5,104822.45,1,0,1,160176.47,0,5,915,France,Female,SILVER,0
706,46,2,127660.46,2,1,0,150156.82,1,2,334,Spain,Female,PLATINUM,1
518,29,9,125961.74,2,1,0,160303.08,1,3,586,Germany,Male,DIAMOND,1
850,39,6,133214.13,1,0,1,20769.88,0,5,681,Spain,Male,PLATINUM,0
695,46,7,49512.55,1,1,0,133007.34,0,3,310,France,Male,DIAMOND,0
584,40,4,82441.75,1,0,0,80852.11,0,3,482,France,Female,GOLD,0
567,38,1,125877.65,2,1,1,107841.77,0,5,511,France,Female,DIAMOND,0
630,26,5,0.0,2,1,0,182612.38,0,5,437,France,Female,DIAMOND,0
757,49,2,0.0,2,0,0,164482.92,0,1,265,France,Female,PLATINUM,0
720,59,6,0.0,2,1,1,160849.43,1,3,521,Spain,Female,DIAMOND,1
563,30,7,90727.79,1,1,0,122268.75,0,2,599,France,Male,SILVER,0
712,37,7,93978.96,2,1,0,60651.77,0,1,313,Germany,Male,PLATINUM,0
759,38,1,0.0,2,1,0,20778.39,0,5,795,Spain,Male,DIAMOND,0
703,51,3,0.0,3,1,1,77294.56,1,2,924,France,Female,DIAMOND,1
797,31,8,0.0,2,1,0,117916.63,0,5,346,Spain,Female,DIAMOND,0
580,55,6,104305.74,1,0,1,175750.21,0,5,432,France,Male,GOLD,0
785,33,5,136624.6,2,1,1,169117.74,0,3,368,Germany,Female,PLATINUM,0
782,27,3,0.0,2,1,0,143614.01,0,3,858,Spain,Female,DIAMOND,0
603,35,1,123407.69,1,1,0,152541.89,1,2,833,Germany,Male,PLATINUM,1
734,30,3,0.0,2,1,0,107640.25,0,4,245,France,Male,DIAMOND,0
745,54,8,0.0,1,1,0,173912.29,1,1,447,Spain,Female,GOLD,1
586,35,7,0.0,2,1,0,70760.69,0,4,481,France,Female,PLATINUM,0
588,46,8,0.0,1,1,0,61931.21,0,5,950,Spain,Male,GOLD,0
699,43,3,80764.03,1,1,0,199378.58,1,3,490,France,Female,PLATINUM,1
518,28,9,85146.36,1,0,0,2803.89,0,4,275,France,Female,SILVER,0
729,36,8,109106.8,1,0,0,121311.12,0,3,456,France,Female,DIAMOND,0
751,36,5,73194.99,1,1,1,89222.66,0,3,301,Germany,Male,PLATINUM,0
650,46,9,149003.76,2,1,0,176902.83,0,3,880,Germany,Female,GOLD,0
542,29,9,0.0,1,1,0,8342.35,0,3,760,France,Male,GOLD,0
485,41,2,100254.76,2,1,1,12706.67,0,5,849,France,Male,PLATINUM,0
669,35,7,0.0,1,1,1,49108.23,1,1,335,France,Female,SILVER,1
774,26,5,0.0,2,1,1,64716.08,0,2,862,France,Female,GOLD,0
578,38,4,113150.44,2,1,0,176712.59,1,4,502,Germany,Female,GOLD,1
591,40,1,86376.29,1,0,1,136767.16,1,4,356,Spain,Female,SILVER,1
639,35,5,136526.26,2,1,0,59653.03,0,4,616,Spain,Female,GOLD,0
728,43,7,0.0,2,1,0,40023.7,0,4,937,France,Male,DIAMOND,0
794,57,3,117056.46,1,1,0,93336.93,1,3,669,Germany,Male,GOLD,1
651,34,2,90355.12,2,0,0,193597.94,0,3,576,Germany,Male,GOLD,0
643,45,5,0.0,1,1,0,142513.5,1,3,730,France,Male,GOLD,1
552,50,4,121175.56,1,1,0,117505.07,1,1,662,Germany,Male,DIAMOND,1
515,25,7,79543.59,1,0,1,38772.82,0,2,509,France,Female,DIAMOND,0
600,32,1,78535.25,1,1,0,64349.6,0,4,729,France,Female,PLATINUM,0
775,42,6,133970.22,2,0,1,187839.9,0,1,278,France,Male,GOLD,0
683,35,6,187530.66,2,1,1,37976.36,0,3,511,France,Female,SILVER,0
658,31,5,100082.14,1,0,1,49809.88,0,3,967,France,Male,GOLD,0
545,60,7,128981.07,1,0,1,176924.21,1,5,907,Germany,Female,GOLD,1
515,66,6,0.0,2,1,1,160663.11,0,2,282,France,Female,PLATINUM,0
597,40,8,101993.12,1,0,1,94774.12,0,5,681,Spain,Female,SILVER,0
684,37,4,138476.41,2,1,1,52367.29,0,3,369,Germany,Male,SILVER,0
635,65,5,117325.54,1,1,0,155799.86,1,3,958,Germany,Female,PLATINUM,1
705,40,5,203715.15,1,1,0,179978.68,1,2,801,Spain,Female,DIAMOND,1
589,37,6,138497.84,1,0,1,18988.58,0,1,828,France,Female,SILVER,0
758,33,0,129142.54,2,1,1,26606.28,0,5,464,Germany,Male,DIAMOND,0
632,36,7,0.0,2,1,1,52526.65,0,5,257,France,Female,DIAMOND,0
708,67,1,0.0,2,0,1,3837.08,0,1,652,France,Female,DIAMOND,0
727,62,5,0.0,2,0,1,38652.96,0,5,599,France,Male,GOLD,0
603,30,6,129548.5,2,1,1,19282.85,0,2,553,Spain,Male,SILVER,0
634,53,3,113781.5,2,1,1,106345.05,1,5,559,Germany,Female,GOLD,1
644,18,8,0.0,2,1,0,59172.42,0,4,975,Spain,Male,DIAMOND,0
501,57,10,0.0,2,1,1,47847.19,0,5,374,France,Male,PLATINUM,0
711,38,4,123345.85,1,1,0,141827.83,0,2,572,France,Male,GOLD,0
742,25,4,132116.13,2,1,0,129933.5,0,1,233,France,Female,DIAMOND,0
633,61,3,157201.48,1,0,1,50368.63,0,1,343,France,Male,PLATINUM,0
543,36,6,0.0,2,1,0,176728.28,0,4,894,France,Male,GOLD,0
508,49,7,122451.46,2,1,1,75808.1,0,3,881,France,Male,GOLD,0
733,38,5,0.0,2,1,1,1271.51,0,2,770,Spain,Female,PLATINUM,0
588,37,7,70258.88,2,1,0,139607.61,0,2,258,Germany,Female,DIAMOND,0
850,43,4,161256.53,1,1,1,140071.57,0,5,791,France,Male,SILVER,0
544,48,10,78314.63,3,1,1,103713.93,1,5,403,France,Male,PLATINUM,1
703,33,8,190566.65,1,1,1,79997.14,0,3,708,France,Female,PLATINUM,0
682,26,8,0.0,2,1,0,178373.43,0,3,806,France,Male,SILVER,0
827,60,2,0.0,2,0,1,60615.83,0,3,750,France,Female,DIAMOND,0
452,60,6,121730.49,1,1,1,142963.29,0,3,449,France,Female,SILVER,0
561,28,3,0.0,2,1,0,191387.76,0,1,276,Spain,Female,DIAMOND,0
608,23,8,197715.93,2,1,1,116124.28,0,5,845,Germany,Male,DIAMOND,0
698,27,1,94920.71,1,1,1,40339.9,0,1,701,France,Female,DIAMOND,0
740,31,8,0.0,2,0,0,86657.48,0,1,814,Spain,Female,GOLD,0
694,37,1,95668.82,2,1,0,100335.55,0,4,468,Germany,Male,GOLD,0
700,32,3,0.0,1,0,0,95740.37,0,2,790,France,Female,SILVER,0
677,72,8,0.0,2,1,1,153604.44,0,2,341,France,Female,PLATINUM,0
850,62,5,0.0,2,1,1,180243.56,0,5,324,Spain,Male,GOLD,0
581,34,1,101633.04,1,1,0,110431.51,1,3,469,Germany,Female,PLATINUM,0
666,38,6,127043.09,1,1,1,8247.0,0,3,965,France,Female,DIAMOND,0
754,39,6,170184.99,2,1,0,89593.26,0,2,380,Spain,Male,DIAMOND,0
617,61,7,91070.43,1,1,1,101839.77,0,2,647,Spain,Male,DIAMOND,0
688,33,2,0.0,1,0,0,27557.18,1,1,878,Spain,Female,DIAMOND,1
591,33,4,113743.37,1,1,0,124625.08,0,2,947,France,Female,SILVER,0
613,35,4,123557.65,2,0,1,170903.4,0,3,438,Spain,Male,SILVER,0
850,44,5,128605.32,1,0,1,171096.2,0,2,952,Germany,Female,PLATINUM,0
774,47,6,94722.88,1,0,1,61450.96,0,5,615,France,Female,DIAMOND,0
711,58,9,91285.13,2,1,1,26767.85,0,3,949,France,Male,DIAMOND,0
697,42,1,0.0,1,1,0,1262.83,1,3,603,France,Female,DIAMOND,1
729,28,0,0.0,2,1,1,31165.06,1,3,433,Spain,Female,PLATINUM,1
535,53,5,141616.55,2,1,1,75888.65,0,1,577,Germany,Female,PLATINUM,0
681,32,3,0.0,2,1,1,59679.9,0,1,526,Spain,Female,SILVER,0
790,40,9,0.0,2,1,1,70607.1,0,4,581,France,Female,SILVER,0
714,42,2,177640.09,1,0,1,47166.55,0,5,809,Germany,Male,GOLD,0
735,31,3,119558.35,1,0,0,72927.68,0,1,386,France,Male,GOLD,0
424,34,7,0.0,1,1,1,16250.61,0,4,640,Spain,Male,PLATINUM,0
715,41,4,94267.9,1,0,1,152821.12,1,5,831,France,Male,GOLD,1
671,29,3,0.0,2,1,0,158043.11,0,1,556,France,Female,DIAMOND,0
491,68,1,95039.12,1,0,1,116471.14,1,5,897,Germany,Female,SILVER,1
670,37,0,178742.71,1,1,1,194493.57,0,3,345,Spain,Male,DIAMOND,0
696,43,4,114091.38,1,0,1,159888.1,0,3,492,Germany,Male,DIAMOND,0
583,57,3,238387.56,1,0,1,147964.99,1,5,552,France,Female,GOLD,1
606,39,3,0.0,2,1,0,50560.45,1,2,612,France,Female,GOLD,1
600,35,4,143744.77,2,1,0,104076.51,0,4,797,France,Male,GOLD,0
513,35,8,0.0,1,1,0,76640.29,1,4,276,France,Male,GOLD,1
494,67,5,0.0,2,1,1,85890.16,0,2,408,Spain,Male,GOLD,0
677,56,5,123959.97,1,1,1,60590.72,1,1,809,Spain,Male,DIAMOND,1
594,34,7,141525.55,1,0,0,9443.15,0,4,302,France,Female,DIAMOND,0
765,42,4,123311.39,2,1,1,82868.34,0,5,798,France,Male,GOLD,0
678,46,1,0.0,2,0,0,82106.19,0,4,908,France,Female,PLATINUM,0
695,53,8,95231.91,1,0,0,70140.8,1,4,402,Germany,Female,SILVER,1
569,38,7,0.0,1,1,1,108469.2,0,5,550,France,Male,SILVER,0
535,48,5,134542.73,1,1,1,58203.67,1,4,351,Germany,Male,SILVER,1
705,35,5,0.0,1,1,0,133991.11,1,3,564,France,Female,PLATINUM,1
682,64,9,0.0,2,1,1,103318.44,0,2,614,Spain,Female,SILVER,0
461,51,9,119889.84,1,0,0,56767.67,1,1,933,France,Male,GOLD,1
650,28,5,122034.4,3,0,1,146663.43,1,4,240,Germany,Female,DIAMOND,1
668,36,3,133686.52,1,1,0,190958.48,1,3,668,Spain,Female,DIAMOND,1
587,46,6,88820.29,1,0,0,70224.34,0,4,507,France,Female,GOLD,0
678,37,8,149000.91,2,1,1,21472.42,0,5,257,Germany,Female,DIAMOND,0
778,44,8,123863.64,1,1,0,144494.94,0,1,830,France,Male,DIAMOND,0
645,29,1,130131.08,2,0,1,196474.35,0,4,846,France,Male,SILVER,0
536,53,2,143923.96,1,1,0,2019.78,1,1,572,Spain,Male,DIAMOND,1
480,47,8,75408.33,1,1,0,25887.89,1,4,556,Spain,Male,SILVER,1
587,48,1,0.0,2,1,1,8908.0,0,5,660,Spain,Male,DIAMOND,0
546,29,5,0.0,1,1,1,94823.95,0,4,986,France,Male,GOLD,0
850,42,8,119839.69,1,0,1,51016.02,1,2,303,Germany,Male,GOLD,1
662,26,0,0.0,2,0,1,72929.96,0,1,537,France,Male,SILVER,0
581,38,3,135157.05,1,1,1,32919.42,0,3,622,Germany,Female,SILVER,0
712,39,5,163097.55,2,1,1,23702.42,0,2,893,Spain,Female,GOLD,0
616,45,6,128352.59,3,1,1,144000.59,1,5,584,Germany,Female,DIAMOND,1
695,31,8,0.0,2,0,1,131644.41,0,5,941,Spain,Female,DIAMOND,0
646,39,0,154439.86,1,1,0,171519.06,0,4,422,Germany,Male,GOLD,0
593,40,2,0.0,1,1,1,5194.95,0,2,678,Spain,Female,SILVER,0
548,29,5,83442.98,1,0,1,177017.39,0,3,967,France,Male,GOLD,0
792,29,4,107601.79,1,1,0,18922.18,1,1,510,Germany,Female,DIAMOND,1
726,42,2,109471.79,1,0,1,175161.05,0,5,899,France,Female,GOLD,0
709,35,1,111827.27,2,1,0,12674.68,0,3,716,Spain,Female,DIAMOND,0
538,42,9,0.0,1,0,0,152855.96,0,4,641,Spain,Female,SILVER,0
553,46,3,82291.1,1,1,0,112549.99,1,1,880,Germany,Male,DIAMOND,1
634,36,2,85996.19,1,1,0,15887.68,0,4,552,Spain,Male,SILVER,0
763,35,9,0.0,1,1,1,31372.91,0,3,445,France,Male,SILVER,0
788,34,6,156478.62,1,0,1,181196.76,0,3,760,Spain,Male,DIAMOND,0
548,49,9,108437.89,1,0,0,127022.87,1,1,416,Germany,Male,GOLD,1
621,55,7,131033.76,1,0,1,75685.59,1,4,412,Germany,Female,SILVER,1
795,37,2,139265.63,2,1,1,198745.94,0,1,504,Germany,Male,PLATINUM,0
621,50,3,163085.79,1,0,1,131048.36,0,5,710,Spain,Male,PLATINUM,0
559,67,9,125919.35,1,1,0,175910.95,1,1,770,Spain,Male,SILVER,1
610,26,8,0.0,2,1,0,166031.08,0,2,989,France,Male,SILVER,0
618,48,7,0.0,1,1,0,13921.82,1,3,777,France,Male,PLATINUM,1
669,23,1,0.0,2,0,0,66088.83,0,1,250,France,Male,GOLD,0
663,26,5,141462.13,1,1,0,440.2,0,5,940,France,Male,SILVER,0
648,32,0,0.0,1,0,1,117323.31,0,4,674,France,Male,SILVER,0
726,31,9,114722.05,2,1,1,98178.57,0,5,811,France,Female,SILVER,0
628,28,4,0.0,2,1,1,176750.81,0,3,997,Spain,Male,DIAMOND,0
523,39,3,0.0,2,1,0,6726.53,0,1,907,France,Male,PLATINUM,0
718,25,7,0.0,2,1,0,30380.12,0,2,237,France,Female,PLATINUM,0
645,49,4,160133.88,1,0,1,88391.97,0,4,720,Germany,Male,GOLD,0
600,31,8,0.0,2,1,1,121555.51,0,2,930,France,Male,GOLD,0
539,38,8,105435.74,1,0,0,80575.44,1,2,627,Germany,Female,PLATINUM,1
512,30,6,0.0,2,1,0,88827.31,0,2,471,France,Female,GOLD,0
738,40,6,114940.67,2,1,1,194895.57,1,1,471,Germany,Female,SILVER,1
724,30,10,0.0,2,1,1,54265.55,0,1,315,France,Male,DIAMOND,0
584,41,3,88594.93,1,1,0,178997.89,0,3,822,Germany,Female,SILVER,0
581,27,5,102258.11,2,1,0,194681.6,0,2,564,France,Female,PLATINUM,0
598,48,6,120682.53,1,1,0,30635.52,1,2,675,France,Male,GOLD,1
465,53,1,117438.17,1,0,0,74898.8,1,2,954,Germany,Male,SILVER,1
723,45,4,0.0,2,1,0,37214.39,0,5,799,Spain,Female,PLATINUM,0
850,31,3,0.0,2,1,0,121866.87,0,1,777,France,Male,SILVER,0
736,42,7,117280.23,3,0,0,41921.06,1,5,788,France,Female,GOLD,1
581,55,6,0.0,1,1,1,22442.13,0,1,913,France,Female,SILVER,0
538,43,5,0.0,2,1,0,126933.73,0,4,587,Spain,Male,DIAMOND,0
748,40,4,0.0,2,1,0,132368.47,0,3,770,Spain,Female,DIAMOND,0
663,24,7,0.0,2,1,1,166310.82,0,4,943,France,Male,PLATINUM,0
628,34,4,158741.43,2,1,1,126192.54,0,3,983,France,Male,PLATINUM,0
516,27,9,0.0,1,1,0,142680.64,1,2,445,France,Male,GOLD,1
850,38,2,102741.15,2,0,1,23974.85,0,4,264,Germany,Female,SILVER,0
667,36,8,139753.35,1,1,0,79871.16,0,1,747,France,Male,GOLD,0
760,33,1,118114.28,2,0,1,156660.21,0,2,348,Spain,Female,SILVER,0
685,43,1,132667.17,1,1,1,41876.98,0,3,943,France,Female,PLATINUM,0
485,34,3,133658.24,1,1,0,70209.83,0,2,456,Germany,Male,SILVER,0
711,35,2,133607.75,1,1,1,120586.32,0,2,352,Germany,Female,DIAMOND,0
784,40,8,0.0,2,1,0,108891.3,0,2,672,Spain,Female,PLATINUM,0
562,41,5,165445.04,2,1,0,85787.31,0,4,766,Spain,Male,GOLD,0
800,40,5,97764.41,1,1,0,98640.15,1,3,889,France,Female,PLATINUM,1
643,36,7,161064.64,2,0,1,84294.82,0,1,233,France,Male,SILVER,0
599,33,2,51949.95,2,1,0,85045.92,0,3,541,Germany,Male,DIAMOND,0
653,31,7,102575.04,1,1,1,11043.54,0,5,283,France,Female,GOLD,0
749,47,9,110022.74,1,0,1,135655.29,1,3,634,Germany,Male,GOLD,1
630,28,1,0.0,2,1,1,133267.78,0,3,742,France,Female,GOLD,0
682,40,4,0.0,2,1,1,140745.91,0,5,819,France,Male,SILVER,0
714,31,4,125169.26,1,1,1,106636.89,0,3,669,France,Female,PLATINUM,0
617,37,9,101707.8,1,1,0,123866.28,0,5,425,Spain,Female,GOLD,0
725,19,0,75888.2,1,0,0,45613.75,0,2,406,Germany,Male,PLATINUM,0
664,44,7,77526.66,3,0,0,57338.56,1,5,339,Spain,Male,DIAMOND,1
651,35,2,86911.8,1,1,0,174094.24,0,5,849,France,Male,PLATINUM,0
663,35,9,0.0,2,1,1,195580.28,0,2,569,France,Male,DIAMOND,0
571,44,9,0.0,2,0,0,38433.35,0,4,448,France,Male,PLATINUM,0
527,31,1,112203.25,1,1,0,182266.01,0,3,903,France,Female,GOLD,0
505,33,3,106506.77,3,1,0,45445.78,1,5,683,Germany,Female,GOLD,1
667,43,1,103018.45,1,1,0,32462.39,1,4,784,Germany,Male,DIAMOND,1
513,34,7,60515.13,1,0,0,124571.09,0,1,452,Germany,Male,GOLD,0
628,30,8,89182.09,1,1,1,13126.9,0,3,228,France,Male,GOLD,0
676,49,1,0.0,1,1,0,79342.31,1,3,850,France,Female,PLATINUM,1
672,28,4,167268.98,1,1,1,169469.3,0,3,698,France,Male,DIAMOND,0
516,35,5,128653.59,1,1,0,127558.26,0,5,595,France,Male,DIAMOND,0
672,34,8,0.0,2,1,1,16245.25,0,5,923,France,Female,SILVER,0
709,31,6,0.0,2,1,1,71009.84,0,4,316,France,Male,PLATINUM,0
590,39,9,0.0,2,1,1,104730.52,0,5,474,France,Male,PLATINUM,0
773,25,2,135903.33,1,1,0,73656.38,0,4,790,France,Male,PLATINUM,0
470,34,9,0.0,2,0,1,89013.67,0,4,568,Spain,Male,DIAMOND,0
697,38,6,132591.36,1,1,1,7387.8,1,3,322,Germany,Female,DIAMOND,1
630,40,8,0.0,2,1,1,42495.81,0,3,960,France,Male,DIAMOND,0
382,36,0,0.0,1,1,1,179540.73,1,4,659,Spain,Male,GOLD,1
604,43,2,145081.72,1,1,1,23881.62,0,2,852,Spain,Male,DIAMOND,0
659,37,1,151105.68,1,1,1,140934.57,0,5,781,France,Female,SILVER,0
438,36,4,0.0,2,1,0,64420.5,0,3,660,France,Female,SILVER,0
769,26,7,0.0,2,1,0,176843.53,0,1,667,France,Female,GOLD,0
706,24,2,141078.57,1,1,1,24402.87,0,3,563,Spain,Male,GOLD,0
557,39,7,49572.73,1,1,0,115287.99,1,2,647,France,Female,SILVER,1
720,33,9,0.0,2,1,1,142956.48,0,4,296,France,Male,PLATINUM,0
561,37,4,101470.29,1,0,1,88838.14,0,1,433,Spain,Male,SILVER,0
655,60,3,0.0,2,1,1,86981.45,0,1,947,France,Female,PLATINUM,0
682,55,9,0.0,1,1,0,153356.8,1,5,294,France,Male,DIAMOND,1
591,58,5,128468.69,1,0,1,137254.55,0,2,515,Spain,Male,GOLD,0
683,33,8,0.0,1,0,0,73564.44,0,4,576,France,Male,PLATINUM,0
678,83,6,123356.63,1,0,1,92934.41,0,4,753,Germany,Male,DIAMOND,0
727,35,5,136364.46,1,0,0,142754.71,0,1,549,France,Male,PLATINUM,0
807,60,1,72948.58,2,1,1,17355.36,0,1,375,Germany,Female,PLATINUM,0
834,23,4,131254.81,1,1,0,20199.3,0,4,675,France,Male,SILVER,0
609,39,8,141675.23,1,0,1,175664.25,0,4,440,France,Female,SILVER,0
676,26,1,108348.66,1,0,0,60231.74,1,4,244,Germany,Female,SILVER,1
516,33,3,0.0,2,1,1,58685.59,0,2,692,Spain,Female,PLATINUM,0
831,30,2,0.0,2,0,1,3430.38,0,1,841,France,Male,DIAMOND,0
748,32,5,154737.88,2,1,1,172638.13,0,2,486,France,Male,PLATINUM,0
580,24,1,133811.78,1,1,0,17185.95,1,2,500,Germany,Male,DIAMOND,1
735,28,5,160454.15,2,0,1,114957.22,0,2,574,Germany,Male,PLATINUM,0
531,31,7,117052.82,1,1,0,118508.09,1,1,482,Germany,Female,SILVER,1
568,26,10,109819.16,2,1,0,154491.39,0,2,865,Germany,Female,SILVER,0
677,44,4,148770.61,2,1,1,191057.76,0,2,277,Germany,Female,PLATINUM,0
581,43,9,78022.61,1,0,1,30662.91,0,4,914,Spain,Male,PLATINUM,0
730,29,2,0.0,2,1,0,14174.09,0,4,523,Spain,Male,GOLD,0
572,30,6,0.0,1,0,1,175025.27,0,3,468,France,Female,SILVER,0
665,52,3,0.0,1,1,0,116137.01,1,1,307,France,Male,GOLD,1
651,24,7,40224.7,1,1,1,178341.33,0,4,842,Germany,Female,PLATINUM,0
429,27,6,117307.44,2,1,1,24020.49,0,4,985,France,Female,DIAMOND,0
679,39,0,86843.61,1,0,1,159830.58,0,5,1000,France,Male,PLATINUM,0
511,31,5,137411.29,1,0,1,161854.98,0,3,644,France,Female,PLATINUM,0
648,28,9,102282.61,1,1,1,157891.11,0,1,472,Spain,Female,DIAMOND,0
749,22,4,94762.16,2,1,1,42241.54,0,3,392,Germany,Male,SILVER,0
684,56,8,78707.16,1,1,1,99398.36,0,4,903,Spain,Male,SILVER,0
427,29,1,141325.56,1,1,1,93839.3,0,5,589,France,Male,GOLD,0
630,31,1,0.0,2,1,1,169802.73,0,4,402,Spain,Female,PLATINUM,0
567,37,7,0.0,2,1,1,28690.9,0,4,601,France,Female,PLATINUM,0
472,28,4,0.0,2,1,0,1801.77,0,3,633,Spain,Female,DIAMOND,0
625,35,5,86147.46,2,1,0,163440.8,1,2,240,Germany,Female,GOLD,1
619,27,1,154483.98,1,1,0,156394.74,0,2,431,France,Male,SILVER,0
430,38,9,0.0,2,1,1,12050.77,0,5,573,France,Male,SILVER,0
433,27,2,0.0,2,1,1,153698.65,0,2,415,Spain,Male,DIAMOND,0
705,25,3,113736.27,1,0,1,196864.61,0,2,645,France,Male,PLATINUM,0
493,46,4,0.0,2,1,0,1907.66,0,1,498,France,Female,SILVER,0
637,44,2,0.0,2,1,0,149665.65,0,2,348,France,Female,GOLD,0
616,41,1,103560.57,1,1,0,236.45,1,3,289,Germany,Female,PLATINUM,1
702,45,9,74989.58,1,1,1,171014.69,0,3,811,France,Male,SILVER,0
703,26,1,97331.19,1,1,0,63717.49,0,5,425,Germany,Female,DIAMOND,0
793,32,2,0.0,2,1,0,193817.63,1,2,442,France,Male,DIAMOND,1
583,24,9,135125.28,1,0,0,89801.9,0,5,304,France,Male,SILVER,0
612,33,5,69478.57,1,1,0,8973.67,1,1,836,Spain,Male,PLATINUM,1
643,46,6,0.0,2,0,0,106781.59,0,4,597,France,Female,DIAMOND,0
751,29,10,147737.63,1,0,1,94951.27,0,4,298,France,Male,PLATINUM,0
728,29,1,0.0,1,1,1,83056.22,0,2,300,Spain,Female,PLATINUM,0
592,37,4,212692.97,1,0,0,176395.02,0,1,232,France,Male,GOLD,0
592,38,4,0.0,2,1,0,35338.96,0,4,305,France,Female,SILVER,0
728,34,6,90425.15,2,1,1,11597.69,0,1,439,France,Female,SILVER,0
645,37,7,0.0,2,1,0,13589.93,0,4,318,Spain,Female,DIAMOND,0
604,34,3,0.0,2,1,0,38587.7,0,1,407,Spain,Female,DIAMOND,0
539,36,6,0.0,3,1,1,118959.64,0,3,841,Spain,Male,PLATINUM,0
750,34,9,112822.26,1,0,0,150401.53,1,2,563,Spain,Female,PLATINUM,1
712,40,3,109308.79,2,1,0,120158.72,1,1,778,Germany,Female,GOLD,1
523,36,8,158351.02,2,1,0,155304.53,0,1,486,France,Male,SILVER,0
747,27,10,0.0,2,0,0,13007.89,0,2,970,France,Male,PLATINUM,0
653,41,1,104584.11,1,1,0,15126.32,1,4,576,Germany,Male,PLATINUM,1
599,28,7,119706.22,1,0,0,31190.42,0,1,268,France,Male,PLATINUM,0
705,23,5,0.0,2,1,1,73131.73,0,4,308,Spain,Female,SILVER,0
537,38,1,0.0,2,0,1,41233.97,0,5,818,Spain,Female,PLATINUM,0
680,49,10,0.0,2,1,0,187008.45,0,2,933,France,Male,PLATINUM,0
677,34,3,126729.41,1,1,1,26106.39,1,3,439,Germany,Male,SILVER,1
681,59,4,122781.51,1,0,1,140166.95,0,2,401,France,Male,DIAMOND,0
651,45,10,135923.16,1,1,0,18732.84,0,3,500,Spain,Female,GOLD,0
710,31,5,0.0,2,1,0,9561.73,0,3,877,Spain,Female,PLATINUM,0
730,27,5,0.0,2,1,1,116081.93,0,3,480,France,Male,GOLD,0
559,40,5,139129.44,1,0,1,32635.54,0,4,601,Spain,Female,DIAMOND,0
722,50,4,132088.59,1,1,1,128262.14,0,5,761,Spain,Female,DIAMOND,0
557,38,2,129893.56,1,0,0,102076.03,0,2,823,Germany,Female,PLATINUM,0
586,58,7,151933.63,1,1,0,162960.05,1,4,894,France,Male,SILVER,1
644,33,8,0.0,2,1,1,155294.17,0,5,813,France,Male,SILVER,0
790,24,7,107418.27,1,0,1,160450.21,0,1,726,Germany,Male,PLATINUM,0
850,51,4,124425.99,1,0,0,118545.49,1,1,950,Germany,Male,GOLD,1
800,38,2,168190.33,2,1,0,68052.08,0,3,874,France,Female,SILVER,0
619,33,2,167733.51,2,1,1,65222.48,0,1,319,France,Female,SILVER,0
714,31,6,152926.6,1,1,1,50899.91,0,3,983,Spain,Female,DIAMOND,0
507,31,2,134237.07,1,1,1,166423.66,1,3,481,Germany,Male,PLATINUM,1
670,68,4,0.0,2,1,1,11426.7,0,5,775,France,Male,GOLD,0
622,23,8,0.0,2,1,1,131389.39,0,3,390,Spain,Female,SILVER,0
718,32,9,169947.41,2,1,1,27979.16,0,1,371,Germany,Male,GOLD,0
640,28,7,0.0,2,1,1,131097.9,0,5,611,France,Male,DIAMOND,0
700,26,4,119009.57,1,1,0,141926.43,0,4,319,France,Male,PLATINUM,0
570,42,0,107856.57,2,1,0,127528.84,0,3,628,Germany,Male,PLATINUM,0
569,32,8,145330.43,1,1,1,132038.65,0,2,379,Germany,Female,PLATINUM,0
659,36,2,76190.48,2,1,1,149066.14,0,1,374,Germany,Male,PLATINUM,0
732,36,7,0.0,2,1,1,60830.24,0,1,875,France,Male,GOLD,0
706,47,10,144090.42,1,1,0,140938.95,1,5,240,Germany,Female,DIAMOND,1
749,66,6,182532.23,2,1,1,195429.92,0,2,283,Germany,Male,GOLD,0
779,48,2,115290.27,1,0,0,98912.69,1,3,700,France,Female,SILVER,1
802,31,1,125013.72,1,1,1,187658.09,0,2,579,Germany,Male,DIAMOND,0
509,41,7,126683.8,1,0,1,114775.53,0,3,824,Spain,Male,PLATINUM,0
543,67,0,128843.67,1,1,1,134612.48,0,3,809,France,Female,SILVER,0
724,28,9,0.0,2,1,1,100240.2,0,2,664,France,Male,GOLD,0
778,38,3,145018.49,2,1,1,126702.41,0,2,598,France,Male,SILVER,0
644,18,7,0.0,1,0,1,59645.24,1,1,620,Spain,Male,GOLD,1
822,32,8,116358.0,1,1,0,108798.36,0,4,898,France,Male,DIAMOND,0
775,27,4,152309.37,1,1,0,104112.0,0,2,591,France,Female,GOLD,0
600,41,1,0.0,2,1,1,91193.65,0,4,467,France,Female,PLATINUM,0
820,39,1,104614.29,1,1,0,61538.43,1,4,943,France,Female,GOLD,1
658,36,8,174060.46,1,1,1,94925.62,0,1,603,France,Male,GOLD,0
669,43,1,160474.59,1,1,1,95963.14,0,3,946,France,Female,DIAMOND,0
673,38,2,170061.92,2,0,0,134901.34,1,5,954,France,Female,PLATINUM,1
603,40,4,102833.46,2,1,1,38829.11,0,3,448,France,Male,GOLD,0
674,45,7,142072.02,1,1,0,37013.29,0,2,710,France,Male,GOLD,0
828,30,4,73070.18,2,0,0,161671.15,0,4,534,France,Male,SILVER,0
593,36,2,70181.48,2,1,0,80608.12,0,3,273,France,Male,PLATINUM,0
684,38,5,105069.98,2,1,1,198355.28,0,2,862,France,Male,PLATINUM,0
528,29,9,170214.23,2,1,0,49284.0,0,3,940,Germany,Female,GOLD,0
540,42,9,87271.41,2,1,0,172572.64,0,1,978,Germany,Female,PLATINUM,0
705,25,0,97544.29,1,0,1,59887.15,0,4,723,France,Male,DIAMOND,0
622,47,6,142319.03,1,0,0,100183.05,0,4,578,Spain,Female,DIAMOND,0
727,52,4,0.0,2,1,1,118429.02,0,1,647,France,Male,SILVER,0
615,32,1,0.0,2,0,0,2139.25,0,4,883,France,Male,PLATINUM,0
730,26,3,0.0,1,1,0,34542.41,0,3,805,Spain,Male,GOLD,0
543,35,5,137482.19,1,0,0,62389.35,0,4,742,France,Male,SILVER,0
654,37,5,112146.12,1,1,0,75927.35,0,3,705,Germany,Male,GOLD,0
775,60,7,0.0,2,1,1,111558.7,0,1,830,France,Male,SILVER,0
526,34,3,122726.56,1,1,1,46772.36,0,1,429,Germany,Male,PLATINUM,0
749,40,1,139290.41,1,1,0,182855.42,1,1,381,France,Male,SILVER,1
765,51,3,123372.3,1,1,1,115429.32,0,4,259,France,Male,SILVER,0
421,28,8,122384.22,3,1,1,89017.38,1,4,237,Germany,Male,SILVER,1
772,34,9,0.0,2,1,0,170980.86,0,1,870,France,Male,SILVER,0
659,48,4,123593.22,2,1,0,82469.06,1,1,291,Germany,Male,PLATINUM,1
664,32,10,107209.73,1,1,1,112340.2,0,2,739,France,Male,DIAMOND,0
790,46,2,131365.37,2,1,1,180290.68,0,5,242,Spain,Male,GOLD,0
595,20,4,95830.43,1,1,0,177738.98,0,5,250,France,Male,GOLD,0
741,60,5,0.0,1,1,1,38914.51,0,1,563,France,Female,PLATINUM,0
655,34,4,109783.69,2,1,0,134034.32,0,1,985,Spain,Female,PLATINUM,0
640,38,9,0.0,2,1,0,88827.67,0,2,812,France,Male,GOLD,0
738,49,3,0.0,3,1,1,65066.48,1,2,460,Spain,Male,PLATINUM,1
850,36,0,164850.54,1,1,1,62722.44,0,1,377,France,Female,PLATINUM,0
614,51,3,0.0,2,1,1,5552.37,0,4,705,France,Male,GOLD,0
769,48,2,96542.16,2,0,1,197885.72,0,3,827,France,Male,DIAMOND,0
632,31,3,136556.44,1,1,0,82152.83,1,4,964,Spain,Male,SILVER,1
653,36,3,0.0,2,0,0,110525.6,0,2,504,Spain,Female,PLATINUM,0
655,28,10,0.0,2,0,1,126565.21,0,2,315,France,Male,SILVER,0
584,37,10,134171.8,4,1,1,70927.11,1,2,395,Germany,Female,DIAMOND,1
796,23,3,146584.19,2,0,0,125445.8,0,4,802,Spain,Female,SILVER,0
593,26,9,76226.9,1,1,0,167564.82,0,5,608,Spain,Male,GOLD,0
539,42,1,177728.55,1,1,0,105013.63,0,5,912,Germany,Male,PLATINUM,0
458,35,9,146780.52,2,1,1,3476.38,0,3,784,Germany,Male,PLATINUM,0
695,31,5,106089.2,1,0,0,99537.68,0,4,324,France,Female,GOLD,0
530,55,4,120905.03,1,0,1,123475.88,1,5,746,France,Female,DIAMOND,1
655,28,3,113811.85,2,0,1,76844.23,0,5,890,Spain,Female,PLATINUM,0
738,33,4,92676.3,1,1,0,105817.63,0,1,992,France,Male,GOLD,0
525,33,1,112833.35,1,0,1,175178.56,0,3,590,France,Male,PLATINUM,0
640,47,6,89799.46,2,0,1,13783.77,1,4,857,France,Female,PLATINUM,1
772,30,4,78653.05,1,1,0,1790.48,0,2,949,Spain,Male,DIAMOND,0
539,38,8,71460.67,2,1,1,10074.05,0,3,750,Spain,Male,DIAMOND,0
597,40,9,106756.01,2,1,0,151167.94,0,3,701,Germany,Female,PLATINUM,0
551,38,10,0.0,2,1,1,216.27,0,2,912,France,Female,SILVER,0
584,26,4,0.0,2,1,0,147600.54,0,2,408,France,Male,SILVER,0
686,60,9,0.0,3,1,1,75246.21,1,4,295,France,Male,GOLD,1
723,30,1,0.0,3,1,0,164647.72,1,3,421,Spain,Male,SILVER,1
564,33,2,115761.51,1,0,1,112350.21,1,2,792,Germany,Female,PLATINUM,1
553,48,3,0.0,1,0,1,30730.95,1,3,421,Spain,Female,PLATINUM,1
543,41,5,0.0,2,0,1,143980.29,0,5,370,Spain,Male,SILVER,0
670,38,7,0.0,2,1,1,77864.41,0,1,794,France,Male,GOLD,0
618,21,2,125682.79,1,0,0,57762.0,0,1,783,France,Female,PLATINUM,0
624,42,3,145155.37,1,1,0,72169.95,1,2,833,France,Male,PLATINUM,1
470,31,2,101675.22,2,1,0,45033.75,0,1,788,Spain,Female,SILVER,0
414,60,3,0.0,2,1,1,93844.82,0,5,315,Spain,Male,DIAMOND,0
439,36,2,165536.28,2,1,1,123956.83,0,3,877,France,Male,DIAMOND,0
754,40,2,160625.17,1,0,1,3554.63,0,1,816,Spain,Male,DIAMOND,0
730,45,6,152880.97,1,0,0,162478.11,0,4,856,Germany,Male,PLATINUM,0
716,39,10,115301.31,1,1,0,43527.4,1,5,465,Germany,Female,DIAMOND,1
703,28,9,0.0,2,0,1,2151.17,0,1,462,France,Male,SILVER,0
517,53,0,109172.88,1,1,0,54676.1,1,4,547,Germany,Male,GOLD,1
521,38,6,0.0,2,1,0,51454.06,0,4,572,France,Male,SILVER,0
561,45,2,168085.38,2,0,1,115719.08,0,4,998,Germany,Female,GOLD,0
592,70,5,71816.74,2,1,0,105096.82,1,1,255,Germany,Female,DIAMOND,1
526,36,1,0.0,1,1,0,160696.72,0,1,425,France,Male,PLATINUM,0
671,34,5,130929.02,4,1,1,28238.25,1,1,586,Spain,Female,PLATINUM,1
598,64,9,0.0,1,0,1,13181.37,1,5,753,France,Female,GOLD,1
446,51,4,105056.13,1,0,0,70613.52,0,2,731,France,Female,DIAMOND,0
722,29,9,0.0,2,1,1,142033.07,0,5,276,Spain,Female,PLATINUM,0
574,43,3,141349.43,1,1,1,100187.43,0,5,499,Germany,Female,DIAMOND,0
682,58,4,0.0,1,1,0,176036.01,0,2,495,Spain,Female,SILVER,0
624,34,6,0.0,1,1,0,582.59,1,5,468,Spain,Female,PLATINUM,1
554,40,4,0.0,1,0,1,168780.04,0,5,544,France,Male,SILVER,0
802,40,4,0.0,2,1,1,81908.09,0,3,841,Spain,Male,DIAMOND,0
553,31,6,0.0,2,0,0,124596.63,0,2,741,France,Male,SILVER,0
542,43,8,145618.37,1,0,1,10350.74,0,3,292,France,Female,PLATINUM,0
841,31,3,162701.65,2,1,1,126794.56,0,3,232,France,Female,PLATINUM,0
634,41,8,68213.99,1,1,1,6382.46,0,3,911,France,Female,SILVER,0
700,40,2,0.0,2,1,0,199753.97,0,5,654,Spain,Female,SILVER,0
643,32,2,0.0,1,0,0,131301.74,0,2,691,Spain,Female,SILVER,0
714,35,6,126077.43,2,1,1,53954.24,0,2,352,Germany,Female,DIAMOND,0
585,30,6,0.0,2,1,1,137757.69,0,5,874,France,Female,PLATINUM,0
589,46,9,0.0,2,1,0,170676.67,0,1,449,France,Male,GOLD,0
689,67,9,157094.78,1,1,1,99490.01,0,2,670,Germany,Male,GOLD,0
664,24,7,0.0,1,0,1,35611.35,0,2,607,France,Male,GOLD,0
625,36,8,129944.39,2,0,0,198914.8,0,1,991,France,Female,DIAMOND,0
446,32,8,0.0,2,0,0,133292.94,0,2,444,France,Male,SILVER,0
684,46,3,102955.14,2,1,0,154137.33,0,2,986,Germany,Female,PLATINUM,0
850,33,10,0.0,1,1,0,4861.72,1,1,359,France,Male,SILVER,1
747,43,1,130788.71,1,0,1,101495.0,1,4,292,France,Male,PLATINUM,1
604,56,0,62732.65,1,0,1,124954.56,0,3,948,France,Female,GOLD,0
632,39,5,97854.37,2,1,0,93536.38,0,4,271,Spain,Female,DIAMOND,0
655,37,9,121342.24,1,1,1,180241.44,0,1,299,Germany,Male,SILVER,0
735,38,7,86131.71,2,0,0,93478.96,0,5,692,Spain,Male,PLATINUM,0
633,60,8,69365.25,1,1,1,10288.24,0,4,437,France,Female,DIAMOND,0
615,19,5,0.0,2,1,0,159920.92,0,3,594,Spain,Male,DIAMOND,0
634,46,5,123642.36,1,1,1,49725.16,1,1,751,Germany,Female,PLATINUM,1
568,44,7,0.0,2,0,0,62370.67,1,2,869,France,Female,SILVER,1
562,51,1,124662.54,1,1,1,65390.46,1,5,446,France,Female,PLATINUM,1
833,30,1,0.0,2,1,0,141860.62,0,5,380,France,Male,DIAMOND,0
691,41,2,0.0,1,1,1,56850.92,1,2,896,France,Male,SILVER,1
850,32,7,0.0,2,0,0,155227.0,0,1,990,France,Female,GOLD,0
586,38,2,0.0,2,1,0,87168.46,0,2,650,France,Female,SILVER,0
687,29,7,93617.07,1,0,1,113050.92,0,2,856,Spain,Female,PLATINUM,0
719,38,0,0.0,1,1,0,126876.47,0,1,954,Spain,Male,SILVER,0
434,58,9,125801.03,2,1,0,60891.8,1,2,690,Germany,Female,PLATINUM,1
697,34,2,126558.92,1,1,0,73334.43,0,5,809,France,Female,PLATINUM,0
707,30,8,0.0,2,1,0,33159.37,0,5,402,France,Male,GOLD,0
628,27,5,95826.49,2,1,0,155996.96,1,2,818,Germany,Male,SILVER,0
597,60,0,78539.84,1,0,1,48502.88,0,1,786,Germany,Female,DIAMOND,0
567,48,3,0.0,1,1,0,55362.45,0,5,546,France,Female,DIAMOND,0
801,32,4,75170.54,1,1,1,37898.5,0,1,451,France,Female,SILVER,0
692,29,4,0.0,2,0,0,138880.24,0,2,983,Spain,Female,DIAMOND,0
643,33,0,137811.75,1,1,1,184856.89,0,3,262,France,Female,GOLD,0
576,29,7,130575.26,1,0,1,173629.78,0,3,233,Germany,Male,PLATINUM,0
773,42,8,152324.66,2,1,0,171733.22,0,4,628,Germany,Female,GOLD,0
554,35,6,117707.18,2,0,0,95277.15,1,2,643,France,Female,DIAMOND,1
773,41,5,0.0,1,1,0,28266.9,1,4,497,Spain,Female,DIAMOND,1
582,50,2,148942.0,1,1,1,116944.3,0,1,612,France,Male,PLATINUM,0
749,28,3,0.0,1,1,0,3408.7,0,1,811,Spain,Female,GOLD,0
599,58,4,0.0,1,0,0,176407.15,1,2,818,France,Male,GOLD,1
752,33,4,0.0,2,1,1,39570.78,0,2,409,France,Male,SILVER,0
625,39,10,129845.26,1,1,1,96444.88,0,5,615,Germany,Female,GOLD,0
737,30,8,174356.13,1,0,0,31928.5,0,5,403,France,Male,PLATINUM,0
653,30,2,88243.29,2,1,1,96658.26,0,1,875,Spain,Female,PLATINUM,0
721,55,3,44020.89,1,1,0,65864.4,1,3,712,France,Female,GOLD,1
687,40,1,0.0,2,1,0,8207.36,0,3,289,Spain,Female,DIAMOND,0
691,24,6,0.0,2,1,1,92811.2,0,3,591,France,Male,GOLD,0
605,30,9,135422.31,1,0,1,186418.85,0,5,241,France,Female,DIAMOND,0
601,40,10,127847.86,1,0,0,173245.68,0,1,376,France,Male,GOLD,0
681,41,0,120549.29,2,1,0,175722.31,0,5,257,France,Female,SILVER,0
662,54,1,187997.15,1,0,0,111442.71,1,4,857,Spain,Female,SILVER,1
580,34,6,0.0,2,1,1,160095.31,0,5,721,France,Male,DIAMOND,0
576,39,9,84719.98,1,0,0,191063.36,0,5,724,France,Male,GOLD,0
425,39,5,0.0,2,1,0,140941.47,0,1,426,Spain,Female,DIAMOND,0
615,36,6,0.0,1,1,1,27011.8,1,2,566,France,Male,GOLD,1
525,59,6,55328.4,1,1,0,83342.73,1,4,829,France,Female,SILVER,1
443,59,4,110939.3,1,1,0,72846.58,1,5,304,Germany,Male,PLATINUM,1
709,32,2,0.0,2,0,0,109681.29,0,5,891,France,Female,DIAMOND,0
632,71,3,83116.68,1,1,1,27597.76,0,5,742,France,Male,PLATINUM,0
625,52,8,121161.57,1,1,0,48988.28,0,3,275,Spain,Male,DIAMOND,0
660,35,6,100768.77,1,1,0,19199.61,0,2,659,France,Female,DIAMOND,0
599,43,4,0.0,1,1,0,170347.1,0,5,550,France,Female,PLATINUM,0
817,46,0,89087.89,1,0,1,87941.85,1,1,788,Germany,Female,SILVER,1
510,26,6,136214.08,1,0,0,159742.33,0,2,853,France,Female,PLATINUM,0
590,29,10,0.0,1,1,1,51907.72,1,1,523,Spain,Male,GOLD,1
640,29,3,0.0,2,1,0,2743.69,0,1,956,France,Female,SILVER,0
741,53,3,0.0,2,1,1,38913.68,0,3,245,Spain,Male,GOLD,0
589,38,8,92219.21,1,1,0,99106.97,0,2,554,Germany,Male,PLATINUM,0
571,47,7,0.0,2,0,0,112366.98,0,5,489,France,Female,SILVER,0
576,28,1,119336.29,2,0,1,58976.85,0,1,592,Germany,Male,GOLD,0
684,40,6,137326.65,1,1,0,186976.6,0,1,530,Germany,Female,PLATINUM,0
652,33,7,128135.99,1,1,0,158437.73,0,5,671,Germany,Male,DIAMOND,0
803,31,9,157120.86,2,1,0,141300.53,0,3,963,France,Male,GOLD,0
740,56,4,99097.33,1,1,1,85016.64,1,4,823,Spain,Female,PLATINUM,1
803,41,9,137742.9,2,1,1,166957.82,0,5,567,Germany,Male,SILVER,0
692,24,2,120596.93,1,0,1,180490.53,0,5,466,Germany,Male,DIAMOND,0
645,49,5,110132.55,3,0,1,187689.91,1,3,390,Spain,Female,GOLD,1
460,27,7,0.0,2,1,0,156150.08,1,3,299,France,Female,PLATINUM,1
508,64,2,0.0,1,1,1,6076.62,0,3,993,France,Female,GOLD,0
603,55,7,127723.25,2,1,0,139469.11,1,4,301,Germany,Female,SILVER,1
692,54,5,0.0,2,1,1,88721.84,0,3,552,France,Male,PLATINUM,0
585,28,9,135337.49,2,1,1,40385.61,0,3,972,Germany,Female,DIAMOND,0
752,32,9,115587.49,2,0,1,101677.46,0,5,722,Germany,Male,DIAMOND,0
558,38,8,113000.92,1,1,1,152872.39,0,2,784,France,Male,GOLD,0
572,24,1,0.0,2,1,1,151460.84,0,3,827,France,Male,GOLD,0
452,32,5,0.0,2,0,1,75279.39,0,1,923,France,Female,GOLD,0
689,29,1,77556.79,2,1,1,122998.26,0,2,693,France,Female,SILVER,0
642,26,0,0.0,1,0,0,47472.68,0,5,616,France,Male,SILVER,0
665,37,3,111911.63,1,1,1,110359.68,1,4,413,Germany,Female,GOLD,1
782,34,9,0.0,1,1,0,183021.06,1,2,441,France,Male,GOLD,1
637,40,6,0.0,2,1,1,181610.6,0,3,230,Spain,Female,PLATINUM,0
785,61,4,129855.72,2,1,0,170214.82,1,4,766,Spain,Female,SILVER,1
588,44,8,154409.74,1,1,0,49324.03,1,1,736,France,Male,DIAMOND,1
850,50,10,0.0,2,1,1,33741.84,0,2,802,Spain,Female,PLATINUM,0
677,37,3,88363.03,1,0,1,117946.3,0,2,276,France,Male,DIAMOND,0
628,50,8,0.0,1,0,0,144366.83,1,2,407,Spain,Male,GOLD,1
584,31,5,0.0,2,1,0,31474.27,0,2,568,France,Male,PLATINUM,0
577,28,7,0.0,1,1,0,143274.41,0,2,987,Spain,Male,SILVER,0
691,30,7,116927.89,1,1,0,21198.39,0,1,813,Germany,Male,DIAMOND,0
663,28,8,123674.28,2,1,1,87985.2,0,1,925,Germany,Male,SILVER,0
492,35,8,121063.49,1,0,0,85421.48,0,1,656,France,Male,PLATINUM,0
611,28,2,0.0,2,0,0,25395.83,0,4,300,France,Male,SILVER,0
653,43,0,0.0,2,1,0,27862.58,0,2,901,France,Male,SILVER,0
640,34,1,137523.02,1,0,0,24761.36,0,1,994,Spain,Male,GOLD,0
738,36,5,0.0,2,1,1,96881.32,0,1,856,Spain,Male,GOLD,0
809,33,3,0.0,2,0,1,141426.78,0,5,627,Spain,Female,GOLD,0
488,32,3,114540.38,1,1,0,92568.07,0,2,804,Germany,Male,GOLD,0
850,27,1,101278.25,2,1,1,26265.18,0,4,859,Germany,Male,SILVER,0
748,39,3,157371.54,1,0,1,97734.3,0,1,510,France,Female,PLATINUM,0
553,43,6,85200.82,2,1,1,160574.09,0,5,550,Germany,Male,PLATINUM,0
529,27,1,0.0,2,1,1,37769.98,0,5,333,France,Female,PLATINUM,0
634,34,3,145030.92,1,1,1,41820.65,0,5,529,France,Male,DIAMOND,0
642,38,3,0.0,2,0,0,171463.83,0,2,737,France,Male,GOLD,0
844,18,2,160980.03,1,0,0,145936.28,0,5,821,France,Male,DIAMOND,0
695,50,8,0.0,1,1,0,126381.6,1,2,680,France,Female,PLATINUM,1
698,36,2,82275.35,2,1,1,93249.26,0,5,925,France,Male,GOLD,0
451,38,9,61482.47,1,1,1,167538.66,0,1,628,Germany,Female,GOLD,0
635,41,10,0.0,2,1,1,61994.2,0,5,883,Spain,Female,PLATINUM,0
513,31,5,174853.46,1,1,0,84238.63,0,5,640,Spain,Female,SILVER,0
684,41,1,134177.06,1,0,0,177506.66,0,1,456,Spain,Female,PLATINUM,0
576,24,3,0.0,1,0,1,78498.04,1,2,938,France,Male,SILVER,1
605,35,6,0.0,2,1,1,45206.57,0,3,241,France,Male,SILVER,0
687,38,4,117633.28,1,0,1,88396.6,0,5,827,Germany,Male,DIAMOND,0
637,33,9,113913.53,1,0,1,65316.5,0,1,705,France,Female,PLATINUM,0
483,50,9,0.0,2,1,1,111020.24,0,5,706,France,Female,SILVER,0
678,27,2,0.0,2,1,1,13221.25,0,4,1000,Spain,Male,GOLD,0
794,41,7,0.0,2,1,1,74275.08,0,2,266,France,Female,GOLD,0
687,29,4,78939.15,1,1,0,122134.56,1,4,892,Germany,Female,SILVER,1
484,34,4,148249.54,1,0,1,33738.27,0,3,774,Germany,Female,DIAMOND,0
549,45,6,124240.93,1,1,1,146372.51,0,4,385,Germany,Male,DIAMOND,0
850,39,0,141829.67,1,1,1,92748.16,0,3,520,Spain,Male,DIAMOND,0
616,59,5,153861.1,1,1,1,17699.48,0,4,681,France,Male,SILVER,0
803,43,3,0.0,1,1,0,72051.44,0,4,351,Spain,Male,SILVER,0
488,34,3,0.0,2,1,1,125979.36,0,1,974,France,Male,GOLD,0
783,39,9,0.0,2,1,0,143752.77,0,4,301,Spain,Male,DIAMOND,0
759,22,5,0.0,1,1,0,22303.17,0,1,758,France,Female,DIAMOND,0
569,35,3,116969.35,1,0,0,94488.82,0,1,413,Spain,Male,GOLD,0
656,44,10,143571.52,1,0,0,127444.14,0,1,614,France,Male,DIAMOND,0
769,39,8,0.0,1,0,1,21016.0,0,3,828,France,Female,GOLD,0
681,48,8,139480.18,1,1,1,163581.67,0,1,420,Germany,Female,GOLD,0
657,38,5,123770.46,1,0,0,47019.66,1,1,385,Germany,Female,SILVER,1
681,57,2,173306.13,1,0,1,131964.66,0,3,870,Spain,Female,DIAMOND,0
544,22,4,0.0,2,1,0,70007.67,0,3,597,Spain,Male,SILVER,0
709,30,5,0.0,2,0,1,161388.22,0,3,418,France,Female,PLATINUM,0
783,38,9,114135.17,1,1,0,153269.98,0,2,343,France,Male,GOLD,0
582,30,2,0.0,2,1,1,132029.95,0,2,276,France,Male,GOLD,0
806,48,4,164701.68,1,1,1,21439.49,0,2,851,France,Male,PLATINUM,0
714,63,4,138082.16,1,0,1,166677.54,0,1,945,France,Male,GOLD,0
395,34,5,106011.59,1,1,1,17376.57,1,3,549,Germany,Female,GOLD,1
487,53,4,199689.49,1,1,1,24207.86,1,1,726,France,Male,SILVER,1
634,37,5,115345.86,2,0,0,168781.8,0,3,261,France,Male,GOLD,0
780,26,3,140356.7,1,1,0,117144.15,0,2,403,France,Female,SILVER,0
606,45,5,63832.43,1,1,1,93707.8,0,5,940,Germany,Male,SILVER,0
559,45,8,24043.45,1,0,1,169781.45,1,5,851,France,Male,DIAMOND,1
748,40,3,95297.11,1,0,0,171515.84,0,4,667,France,Male,GOLD,0
476,40,4,0.0,2,0,0,182547.04,0,1,488,France,Female,GOLD,0
737,44,7,0.0,2,0,0,57898.58,0,2,315,France,Male,PLATINUM,0
628,25,7,0.0,2,1,1,195977.75,0,2,495,France,Male,PLATINUM,0
529,32,9,147493.89,1,1,0,33656.35,0,4,250,France,Male,PLATINUM,0
708,32,10,86614.06,2,1,1,172129.26,0,4,330,France,Male,PLATINUM,0
631,40,3,107949.45,1,1,0,52449.62,1,4,728,Germany,Male,DIAMOND,1
503,31,4,0.0,2,1,1,21645.06,0,1,843,Spain,Male,DIAMOND,0
660,34,1,0.0,2,1,0,9692.58,0,3,853,France,Male,DIAMOND,0
588,33,2,0.0,2,1,1,12483.56,0,1,469,Spain,Male,PLATINUM,0
583,44,8,0.0,2,1,1,27431.62,0,4,837,France,Female,DIAMOND,0
479,27,2,172463.45,1,1,1,40315.27,0,3,704,Spain,Male,DIAMOND,0
610,57,7,72092.95,4,0,1,113228.82,1,2,900,France,Female,GOLD,1
590,43,8,0.0,2,1,1,143628.31,0,2,363,France,Male,SILVER,0
733,30,0,83319.28,1,0,0,57769.2,0,2,627,Spain,Female,PLATINUM,0
472,29,8,102490.27,1,0,1,181224.56,0,4,812,France,Male,SILVER,0
548,57,6,76165.65,1,1,1,133537.53,0,2,816,France,Male,PLATINUM,0
461,28,8,0.0,1,1,1,103349.74,0,4,861,France,Female,DIAMOND,0
776,36,1,0.0,2,1,0,53477.76,0,3,329,France,Male,DIAMOND,0
668,42,3,150461.07,1,1,0,108139.23,0,1,335,France,Male,DIAMOND,0
484,29,4,130114.39,1,1,0,164017.89,0,1,249,France,Female,GOLD,0
520,34,4,134007.9,1,1,1,193209.11,0,5,523,France,Male,PLATINUM,0
703,37,8,105961.68,2,0,1,74158.8,0,1,619,France,Male,DIAMOND,0
778,34,5,139064.06,2,0,0,67949.32,0,2,899,France,Male,SILVER,0
595,52,9,0.0,1,1,1,106340.66,1,4,479,France,Male,GOLD,1
492,29,1,144591.96,1,1,1,196293.76,0,3,251,France,Male,SILVER,0
639,35,8,0.0,2,1,0,170483.9,0,3,441,France,Male,DIAMOND,0
665,28,8,191402.82,2,1,0,83238.4,0,4,320,France,Male,SILVER,0
654,40,6,0.0,1,0,0,183872.88,1,4,720,France,Male,DIAMOND,1
683,41,0,148863.17,1,1,1,163911.32,0,2,295,Spain,Male,GOLD,0
705,39,8,144102.32,1,1,1,11682.36,0,2,219,Spain,Female,GOLD,0
718,52,8,79475.3,3,1,1,32421.32,1,3,930,France,Male,SILVER,1
559,52,2,0.0,1,1,0,129013.59,1,3,899,France,Male,DIAMOND,1
585,32,8,144705.87,2,0,0,171482.56,0,1,767,France,Female,PLATINUM,0
662,39,5,138106.75,1,0,0,19596.73,0,2,847,France,Female,PLATINUM,0
525,47,1,118087.68,1,1,0,88120.78,1,3,310,Germany,Female,DIAMOND,1
774,32,4,0.0,2,0,0,114899.13,0,2,464,France,Female,GOLD,0
641,36,1,0.0,2,1,0,102021.39,0,2,262,Spain,Female,GOLD,0
512,41,6,0.0,1,1,1,100507.81,0,3,920,France,Female,PLATINUM,0
786,39,7,0.0,2,0,0,100929.59,0,3,958,Spain,Female,SILVER,0
655,45,0,0.0,2,1,0,166830.71,0,2,434,France,Female,GOLD,0
491,36,0,53369.13,1,1,1,103934.12,0,1,540,France,Female,GOLD,0
656,47,1,0.0,2,1,1,197961.93,0,5,402,Spain,Male,SILVER,0
752,48,5,116060.08,1,1,0,156618.38,1,5,265,Spain,Male,PLATINUM,1
724,30,7,115315.04,1,1,0,15216.53,0,1,985,Germany,Male,SILVER,0
604,71,10,0.0,2,1,1,129984.2,0,1,750,Spain,Female,GOLD,0
684,25,1,0.0,2,0,1,144978.47,0,2,904,France,Female,DIAMOND,0
780,37,3,0.0,2,0,0,182156.81,1,4,991,France,Female,PLATINUM,1
588,30,0,110148.49,1,1,0,5790.9,1,4,375,Germany,Female,GOLD,1
573,47,4,152522.47,1,0,1,164038.07,1,4,273,Germany,Female,GOLD,1
716,35,4,144428.87,1,1,0,134132.65,0,2,495,France,Male,PLATINUM,0
537,37,3,0.0,2,1,1,20603.32,0,2,847,France,Male,SILVER,0
673,65,0,0.0,1,1,1,85733.33,0,3,595,France,Male,SILVER,0
614,37,9,0.0,2,1,1,62023.1,0,2,639,Spain,Female,SILVER,0
602,56,3,115895.22,3,1,0,4176.17,1,4,848,France,Female,PLATINUM,1
622,30,2,158584.82,3,1,0,142342.55,1,2,981,France,Female,DIAMOND,1
646,40,5,93680.43,2,1,1,179473.26,0,4,298,France,Male,SILVER,0
720,34,3,0.0,2,1,1,77047.78,0,4,368,Spain,Male,DIAMOND,0
768,49,1,133384.66,1,1,0,102397.22,1,2,684,Germany,Male,PLATINUM,1
594,38,4,0.0,2,0,0,186884.04,0,1,477,France,Male,SILVER,0
599,49,2,0.0,2,1,0,111190.53,0,5,427,Spain,Female,SILVER,0
656,75,3,0.0,2,1,1,1276.87,0,2,361,France,Female,DIAMOND,0
685,43,6,117302.62,1,0,0,68701.73,0,4,975,Spain,Female,DIAMOND,0
640,75,1,106307.91,2,0,1,113428.77,0,2,703,Germany,Female,PLATINUM,0
600,34,0,0.0,2,0,1,3756.23,0,2,964,France,Male,GOLD,0
583,26,10,72835.56,2,1,0,96792.15,0,3,485,Germany,Female,DIAMOND,0
687,26,6,0.0,2,1,1,32909.13,0,2,257,France,Female,SILVER,0
639,27,2,0.0,2,0,0,125244.18,0,3,541,France,Female,PLATINUM,0
688,32,5,0.0,2,0,1,177607.77,0,2,864,France,Female,SILVER,0
676,36,3,91711.59,1,1,1,95393.43,0,5,270,France,Female,PLATINUM,0
707,31,2,82787.93,2,0,0,91423.69,0,5,585,France,Female,PLATINUM,0
827,46,1,183276.32,1,1,1,13460.27,0,4,511,Spain,Male,DIAMOND,0
648,53,6,111201.41,1,1,1,121542.29,0,4,715,Spain,Female,PLATINUM,0
652,41,9,159434.03,1,1,0,178373.93,0,5,856,Germany,Male,GOLD,0
559,39,2,0.0,2,1,1,121151.1,0,1,453,Spain,Female,PLATINUM,0
627,35,7,0.0,1,1,0,187718.26,0,4,256,Spain,Female,GOLD,0
537,37,6,0.0,1,1,1,17802.42,0,2,336,France,Male,PLATINUM,0
625,37,7,115895.42,1,1,0,48486.25,0,5,973,France,Female,GOLD,0
801,58,1,79954.61,2,1,1,30484.19,0,1,760,Spain,Male,GOLD,0
657,30,1,139762.13,2,1,1,23317.88,0,5,731,Germany,Male,SILVER,0
649,36,8,0.0,2,0,1,109179.89,0,3,674,France,Female,DIAMOND,0
658,29,4,80262.6,1,1,1,20612.82,0,2,420,France,Male,GOLD,0
678,31,2,0.0,2,1,1,58803.28,0,1,888,France,Male,DIAMOND,0
778,33,1,0.0,2,1,0,85439.73,0,2,624,France,Male,DIAMOND,0
504,32,8,206663.75,1,0,0,16281.94,0,1,899,France,Female,SILVER,0
693,40,4,130661.96,1,1,1,101918.96,0,3,910,France,Male,SILVER,0
689,47,1,93871.95,3,1,0,156878.42,1,4,334,France,Male,DIAMOND,1
756,29,2,117412.19,2,1,0,4888.91,0,1,565,Spain,Male,DIAMOND,0
689,39,7,0.0,2,0,0,14917.09,0,2,680,France,Male,PLATINUM,0
838,31,2,0.0,2,1,0,8222.96,0,1,783,France,Male,GOLD,0
740,36,7,0.0,1,1,1,13177.4,0,5,466,France,Male,SILVER,0
605,47,7,142643.54,1,1,0,189310.27,0,3,255,Spain,Male,PLATINUM,0
785,36,2,0.0,1,0,1,61811.1,0,2,607,France,Male,PLATINUM,0
771,23,7,156123.73,1,1,0,72990.62,0,3,769,France,Female,DIAMOND,0
678,38,3,0.0,2,1,0,66561.6,0,1,331,France,Male,SILVER,0
638,24,1,0.0,2,0,1,162597.15,0,1,567,France,Male,GOLD,0
553,27,3,0.0,2,0,0,159800.16,0,5,300,France,Female,GOLD,0
657,50,9,0.0,2,0,0,37171.46,0,4,971,France,Male,GOLD,0
614,19,5,97445.49,2,1,0,122823.34,0,5,596,France,Female,PLATINUM,0
620,21,9,0.0,2,0,0,154882.79,0,4,400,Spain,Male,SILVER,0
582,52,2,151457.88,1,0,1,40893.61,0,5,889,France,Male,DIAMOND,0
714,46,1,0.0,1,1,0,152167.79,1,2,747,France,Male,PLATINUM,1
631,46,9,160736.63,1,0,1,93503.02,0,3,576,Spain,Male,SILVER,0
736,50,9,116309.01,1,1,0,185360.4,1,1,760,Germany,Male,GOLD,1
651,28,7,0.0,2,1,0,823.96,0,1,383,France,Male,SILVER,0
541,37,9,118636.92,1,1,1,73551.44,0,2,771,France,Male,GOLD,0
623,24,7,148167.83,2,1,1,109470.34,0,3,884,France,Female,PLATINUM,0
468,46,7,91443.75,1,1,0,10958.18,0,1,748,France,Male,GOLD,0
471,42,3,164951.56,1,1,0,190531.77,0,3,361,France,Male,DIAMOND,0
674,44,3,88902.21,1,1,0,73731.32,0,3,729,Germany,Male,SILVER,0
521,22,5,0.0,2,1,1,99828.45,0,1,782,France,Male,PLATINUM,0
598,39,1,0.0,2,1,0,159130.32,0,4,493,Spain,Male,GOLD,0
750,36,6,0.0,2,1,1,59816.41,0,3,371,Spain,Female,PLATINUM,0
749,33,10,76692.22,1,0,1,30396.43,0,3,567,Germany,Female,SILVER,0
775,40,9,126212.64,1,1,0,70196.57,0,3,262,France,Male,DIAMOND,0
633,44,7,0.0,2,1,0,29761.29,0,2,627,France,Female,SILVER,0
670,36,2,84266.44,2,0,0,38614.69,0,5,508,Germany,Female,SILVER,0
663,33,9,0.0,2,0,0,91514.62,0,5,868,Spain,Male,PLATINUM,0
718,39,6,0.0,2,0,1,63889.1,0,1,583,Spain,Male,SILVER,0
631,31,8,137687.72,1,1,0,190067.12,0,1,498,France,Female,GOLD,0
804,50,4,0.0,1,1,1,8546.87,1,2,482,France,Female,GOLD,1
690,39,6,0.0,2,1,0,160532.88,0,1,517,France,Male,PLATINUM,0
655,36,2,147149.59,1,1,1,87816.86,0,5,680,France,Female,GOLD,0
617,58,3,119024.75,2,1,0,35199.24,1,2,452,Germany,Female,PLATINUM,1
417,34,7,0.0,2,1,0,55003.79,0,4,969,France,Male,SILVER,0
487,46,4,135070.58,2,1,1,44244.49,1,2,400,Germany,Female,PLATINUM,1
582,46,8,67563.31,1,1,0,44506.09,1,1,454,Spain,Female,SILVER,1
597,28,0,142705.95,1,1,0,127233.39,0,4,845,France,Female,PLATINUM,0
690,30,5,0.0,2,0,1,78700.03,0,3,954,Spain,Female,SILVER,0
687,44,7,0.0,3,1,0,155853.52,1,2,336,Spain,Female,SILVER,1
745,46,2,122220.19,1,1,1,118024.1,0,3,781,France,Male,DIAMOND,0
708,54,8,145151.4,1,0,1,125311.17,1,4,863,Germany,Female,PLATINUM,1
569,34,6,144855.34,1,0,0,196555.32,0,4,697,Spain,Female,GOLD,0
583,38,8,0.0,1,1,0,47848.56,0,1,414,France,Male,PLATINUM,0
757,44,5,140856.16,2,1,0,158735.1,0,5,293,Spain,Male,DIAMOND,0
513,48,2,0.0,1,1,1,114709.13,1,3,497,Spain,Male,SILVER,1
573,33,0,90124.64,1,1,0,137476.71,0,5,574,France,Female,DIAMOND,0
850,37,9,0.0,1,0,0,100101.06,0,5,814,France,Female,DIAMOND,0
550,42,10,128707.31,1,1,0,63092.65,1,4,337,Germany,Female,PLATINUM,1
753,92,3,121513.31,1,0,1,195563.99,0,3,307,France,Male,PLATINUM,0
581,40,0,101016.53,1,0,1,7926.35,1,3,783,Germany,Male,SILVER,1
528,35,3,156687.1,1,1,0,199320.77,0,4,982,France,Male,PLATINUM,0
582,32,1,116409.55,1,0,1,152790.92,0,4,519,France,Female,SILVER,0
500,37,9,125822.21,1,1,0,111698.0,0,5,266,Spain,Male,PLATINUM,0
752,36,1,86837.95,1,1,1,105280.55,0,5,615,France,Female,SILVER,0
525,57,2,145965.33,1,1,1,64448.36,0,5,337,Spain,Female,PLATINUM,0
611,43,8,64897.75,1,1,0,114996.33,0,4,692,France,Female,SILVER,0
738,38,5,177997.07,1,0,1,19233.41,0,5,799,Spain,Male,PLATINUM,0
749,34,2,0.0,1,0,0,174189.04,1,1,653,Spain,Male,PLATINUM,1
784,38,1,138515.02,1,1,1,171768.76,0,2,942,Germany,Male,PLATINUM,0
516,46,1,104947.72,1,1,0,115789.25,1,5,665,France,Female,DIAMOND,1
499,53,1,75225.53,2,0,0,144849.1,1,4,424,Spain,Female,SILVER,1
794,28,5,0.0,2,0,1,86699.98,0,3,734,Spain,Female,DIAMOND,0
530,22,7,0.0,2,1,0,104170.48,0,5,516,Spain,Female,PLATINUM,0
575,36,1,0.0,1,0,1,94570.56,0,4,319,France,Male,GOLD,0
646,33,2,0.0,2,0,0,198208.0,0,1,570,France,Female,PLATINUM,0
776,35,8,106365.29,1,1,1,148527.56,0,5,454,Spain,Male,GOLD,0
601,43,3,141859.12,2,1,1,111249.62,0,5,799,Germany,Male,GOLD,0
829,36,4,81795.74,2,1,0,90106.94,0,2,746,Germany,Male,DIAMOND,0
738,35,3,0.0,1,1,1,15650.73,0,2,766,Spain,Male,DIAMOND,0
779,24,10,122200.31,2,1,0,43705.56,0,1,974,Germany,Female,SILVER,0
616,45,3,143129.41,2,0,1,64327.26,0,5,308,Germany,Male,GOLD,0
793,52,2,0.0,1,1,0,159123.82,1,5,883,Spain,Male,GOLD,1
571,33,9,0.0,2,0,1,77519.62,0,2,702,France,Female,PLATINUM,0
770,24,9,101827.07,1,1,0,167256.35,0,4,730,France,Male,GOLD,0
755,41,6,104817.41,1,1,0,126013.58,1,1,224,France,Male,GOLD,1
626,37,2,133968.96,2,1,0,148689.65,0,2,321,France,Female,DIAMOND,0
533,43,4,80442.06,2,0,1,12537.42,0,2,593,Germany,Male,SILVER,0
786,35,3,0.0,2,1,0,92712.97,0,3,529,France,Male,PLATINUM,0
706,68,4,114386.85,1,1,1,28601.68,0,5,269,Spain,Male,DIAMOND,0
582,29,4,0.0,2,0,0,156153.27,0,5,548,France,Male,DIAMOND,0
640,39,9,131607.28,4,0,1,6981.43,1,2,436,Germany,Male,GOLD,1
645,21,1,0.0,2,0,0,28726.07,0,5,469,Spain,Female,GOLD,0
850,25,8,69385.17,2,1,0,87834.24,0,4,722,Germany,Female,SILVER,0
580,45,2,179334.83,2,1,1,169303.65,0,5,928,Germany,Male,SILVER,0
673,43,5,168069.73,1,1,1,146992.24,1,4,732,France,Female,GOLD,1
497,37,8,128650.11,2,1,1,163641.53,0,1,525,Spain,Male,SILVER,0
692,33,9,0.0,1,1,0,113505.93,1,3,272,France,Male,PLATINUM,1
699,26,6,79932.41,1,0,0,150242.44,0,4,874,Spain,Male,SILVER,0
665,38,9,0.0,1,0,1,87412.74,0,3,309,Spain,Male,GOLD,0
742,43,6,97067.69,1,0,1,60920.03,1,5,375,Germany,Female,GOLD,1
624,36,10,0.0,2,0,1,186180.42,0,5,230,Spain,Female,GOLD,0
684,34,9,0.0,2,1,1,65257.57,0,5,263,France,Male,SILVER,0
748,36,4,141573.55,1,1,0,82158.14,0,3,499,Spain,Male,SILVER,0
847,41,3,101543.51,4,1,0,16025.17,1,4,924,Germany,Female,PLATINUM,1
568,46,3,0.0,2,1,1,29372.62,0,5,446,Spain,Female,DIAMOND,0
553,42,7,0.0,2,1,0,7680.23,0,3,869,Spain,Male,SILVER,0
737,54,9,0.0,1,1,0,83470.4,1,5,987,France,Male,PLATINUM,1
675,31,2,90826.27,2,1,0,60270.87,0,3,661,Spain,Male,SILVER,0
753,44,3,138076.47,1,1,0,15523.09,1,2,290,Germany,Male,SILVER,1
634,27,3,107027.52,1,1,0,173425.68,0,1,610,Germany,Male,PLATINUM,0
730,62,2,0.0,2,1,1,186489.95,0,4,594,Spain,Male,GOLD,0
738,26,9,0.0,2,1,1,48644.94,0,1,524,France,Male,PLATINUM,0
830,40,4,0.0,2,0,1,81622.52,0,5,543,Spain,Male,DIAMOND,0
743,39,3,119695.75,1,0,1,26136.13,0,4,837,Germany,Male,GOLD,0
562,35,3,142296.13,1,0,1,177112.7,0,3,836,Germany,Male,DIAMOND,0
564,41,9,103522.75,2,1,1,34338.21,0,1,599,Germany,Male,GOLD,0
620,31,2,166833.86,2,1,1,135171.6,0,1,312,Spain,Male,PLATINUM,0
767,43,1,76408.85,2,1,0,77837.63,0,2,307,France,Male,PLATINUM,0
695,36,6,114007.5,2,1,0,118120.88,0,1,533,France,Male,DIAMOND,0
628,31,5,0.0,1,0,0,147963.07,1,1,404,France,Female,DIAMOND,1
577,39,10,0.0,2,1,0,10553.31,0,2,596,France,Female,PLATINUM,0
686,41,7,152105.57,2,0,1,132374.41,0,1,665,France,Female,SILVER,0
456,32,9,133060.63,1,1,1,125167.92,0,2,655,Germany,Male,DIAMOND,0
593,27,10,0.0,3,0,0,94620.0,1,2,401,Spain,Male,PLATINUM,1
660,61,5,155931.11,1,1,1,158338.39,0,1,884,Spain,Female,PLATINUM,0
736,25,9,81732.88,2,1,0,136497.28,0,3,960,Germany,Female,PLATINUM,0
807,31,1,141069.18,3,1,1,194257.11,0,4,374,Germany,Female,DIAMOND,0
781,29,9,0.0,2,0,0,172097.4,0,4,867,France,Male,SILVER,0
609,34,7,140694.78,2,1,0,46266.63,0,3,726,Spain,Male,DIAMOND,0
499,36,5,131142.53,2,1,0,174918.46,0,5,941,Germany,Male,PLATINUM,0
551,27,2,113873.22,1,1,1,85129.77,1,5,522,Spain,Male,GOLD,1
765,50,9,126547.8,1,1,1,79579.94,1,1,357,France,Female,PLATINUM,1
799,22,8,174185.98,2,0,1,192633.85,0,3,219,France,Female,PLATINUM,0
610,34,0,103108.17,1,0,0,125646.82,0,1,738,France,Male,DIAMOND,0
751,29,3,159597.45,1,1,0,39934.41,0,5,791,France,Male,PLATINUM,0
666,31,2,79589.43,1,0,0,4050.57,0,5,569,France,Female,DIAMOND,0
681,18,1,98894.39,1,1,1,9596.4,0,1,553,France,Female,GOLD,0
595,39,9,136422.41,1,1,1,151757.81,0,1,379,France,Female,PLATINUM,0
616,43,3,120867.18,1,1,0,18761.92,1,4,386,Spain,Female,DIAMOND,1
786,32,2,120452.4,2,0,0,79602.86,0,4,709,France,Male,GOLD,0
682,36,5,72373.62,2,1,0,36895.99,0,2,505,Germany,Male,GOLD,0
673,47,1,0.0,2,0,0,108762.16,0,5,382,France,Male,SILVER,0
655,24,9,107065.31,1,1,1,51959.82,0,5,873,France,Male,GOLD,0
697,29,0,172693.54,1,0,0,141798.98,0,2,267,Germany,Male,DIAMOND,0
674,21,9,120150.39,2,1,1,33964.03,0,3,515,France,Female,DIAMOND,0
649,70,9,116854.71,2,0,1,107125.79,0,3,989,Germany,Male,DIAMOND,0
796,40,2,113228.38,2,1,1,46415.09,0,1,233,Germany,Male,PLATINUM,0
714,36,1,101609.01,2,1,1,447.73,0,3,997,Germany,Female,PLATINUM,0
701,37,1,0.0,2,1,0,163457.55,0,3,947,France,Male,GOLD,0
636,29,6,157576.47,2,1,1,101102.39,0,1,332,Spain,Female,PLATINUM,0
797,45,8,0.0,1,0,0,125110.02,0,2,456,France,Male,DIAMOND,0
603,48,5,0.0,1,1,0,100478.6,1,2,709,France,Female,PLATINUM,1
569,43,8,161546.68,2,0,1,178187.28,0,2,415,Spain,Male,PLATINUM,0
699,51,2,92246.14,2,0,1,91346.03,0,5,268,Germany,Female,PLATINUM,0
767,35,9,0.0,2,1,0,39511.61,0,1,981,France,Female,DIAMOND,0
756,34,2,148200.72,1,0,0,194584.48,0,3,851,Germany,Female,SILVER,0
826,56,8,174506.1,2,0,1,161802.82,1,3,808,Spain,Female,DIAMOND,1
544,30,8,145241.63,1,1,1,80676.83,0,1,388,Spain,Male,DIAMOND,0
635,44,2,79064.85,2,0,1,113291.75,0,1,855,Germany,Female,PLATINUM,0
567,34,10,0.0,2,0,1,161571.79,0,5,391,Spain,Male,DIAMOND,0
789,37,6,110689.07,1,1,1,71121.04,1,1,792,Germany,Female,SILVER,1
763,37,6,0.0,2,1,1,149705.25,0,5,799,Spain,Female,SILVER,0
766,28,4,90696.78,1,0,1,21597.2,0,1,599,Germany,Female,PLATINUM,0
581,50,4,0.0,2,1,1,80701.72,0,3,232,Spain,Female,GOLD,0
720,57,1,162082.31,4,0,0,27145.73,1,5,692,Germany,Female,SILVER,1
773,33,10,0.0,1,1,1,98820.09,0,4,610,Spain,Female,SILVER,0
681,29,8,0.0,1,1,0,66367.33,0,2,479,France,Male,GOLD,0
659,29,9,82916.48,1,1,1,84133.48,0,5,652,Germany,Male,SILVER,0
735,21,1,178718.19,2,1,0,22388.0,0,1,527,France,Female,PLATINUM,0
794,38,9,179581.31,1,1,0,23596.24,0,4,814,Spain,Male,PLATINUM,0
748,45,2,119852.01,1,0,0,73853.94,1,2,741,Germany,Male,PLATINUM,1
619,57,3,137946.39,1,1,1,72467.99,1,5,367,Germany,Male,PLATINUM,1
602,25,0,0.0,2,1,1,101274.17,0,1,502,France,Female,PLATINUM,0
633,38,2,91902.56,2,1,1,107673.35,0,5,913,France,Male,GOLD,0
541,32,8,0.0,2,0,0,40889.14,0,5,725,France,Male,PLATINUM,0
434,71,9,119496.87,1,1,0,125848.88,0,3,690,Germany,Male,SILVER,0
642,40,8,109219.83,1,1,0,52827.51,0,5,520,France,Male,SILVER,0
592,38,8,119278.01,2,0,1,19370.73,0,3,619,France,Female,GOLD,0
662,38,4,0.0,2,1,0,136259.65,0,5,248,Spain,Male,GOLD,0
571,35,8,0.0,2,0,0,84569.13,0,3,329,France,Female,SILVER,0
503,28,5,0.0,2,1,0,125918.17,0,2,868,France,Female,PLATINUM,0
520,38,4,0.0,2,1,0,56388.63,0,2,867,France,Female,DIAMOND,0
555,26,9,0.0,2,0,1,158918.03,0,3,554,Spain,Female,SILVER,0
642,72,1,160541.0,2,1,1,142223.94,0,5,836,France,Male,SILVER,0
619,38,1,0.0,1,1,0,112442.63,1,4,989,Spain,Female,PLATINUM,1
712,43,1,141749.74,2,0,1,90905.26,0,4,957,Germany,Male,PLATINUM,0
850,49,5,122486.47,1,0,1,59748.19,0,3,852,France,Male,DIAMOND,0
452,30,7,112935.87,1,1,1,99017.34,0,1,575,France,Male,DIAMOND,0
611,40,7,128486.91,2,1,0,10109.47,0,5,559,Germany,Female,DIAMOND,0
811,45,5,0.0,2,1,1,146123.19,0,3,372,France,Female,DIAMOND,0
717,38,7,0.0,2,1,1,158580.05,0,4,714,France,Male,SILVER,0
591,43,3,0.0,2,0,1,198926.36,0,3,785,France,Male,PLATINUM,0
549,34,6,204017.4,2,1,0,109538.35,0,1,872,Germany,Male,GOLD,0
703,44,6,98862.54,1,1,0,151516.7,0,4,407,France,Male,PLATINUM,0
622,34,7,98675.74,1,1,0,138906.85,1,5,995,Germany,Female,GOLD,1
487,34,2,96019.5,1,0,0,9085.0,0,2,740,France,Female,GOLD,0
850,34,6,101266.51,1,1,0,33501.98,0,1,901,France,Female,DIAMOND,0
622,31,7,0.0,1,1,0,35408.77,0,2,978,France,Male,PLATINUM,0
563,44,7,105007.31,2,1,1,197812.16,0,4,481,Germany,Male,GOLD,0
619,35,8,132292.63,1,1,0,65682.93,0,1,508,France,Female,DIAMOND,0
613,59,8,91415.76,1,0,0,27965.0,1,2,422,Germany,Male,DIAMOND,1
480,39,5,121626.9,1,1,1,82438.13,0,1,462,Spain,Male,SILVER,0
706,32,6,94486.47,1,1,1,146949.74,0,5,904,France,Male,DIAMOND,0
728,37,4,0.0,1,0,0,4539.38,0,2,521,Spain,Female,DIAMOND,0
731,30,7,0.0,2,0,1,143086.09,0,5,871,France,Male,DIAMOND,0
692,49,9,0.0,2,1,0,178342.63,0,1,373,Spain,Female,PLATINUM,0
756,40,1,94773.11,1,1,0,114279.63,0,4,585,France,Male,PLATINUM,0
638,57,6,0.0,1,1,0,33676.48,1,4,523,France,Male,GOLD,1
625,28,3,0.0,1,0,0,183646.41,0,4,718,France,Female,GOLD,0
793,39,3,137817.52,1,0,0,83997.79,0,5,252,France,Male,PLATINUM,0
449,31,1,113693.0,1,0,0,82796.29,0,1,395,Spain,Female,GOLD,0
512,36,0,129804.17,1,1,0,53020.9,0,2,349,France,Male,PLATINUM,0
737,32,7,128551.36,2,0,1,189402.71,0,2,314,France,Female,GOLD,0
718,29,3,0.0,1,0,1,134462.29,0,4,253,France,Female,PLATINUM,0
683,57,5,162448.69,1,0,0,9221.78,1,5,746,Germany,Female,SILVER,1
651,25,2,109175.14,2,1,0,114566.47,0,1,652,Germany,Female,SILVER,0
586,52,6,140900.97,1,1,1,67288.89,0,3,396,France,Female,SILVER,0
705,40,3,92889.91,1,1,1,109496.69,0,1,451,Germany,Female,PLATINUM,0
602,39,6,154121.32,2,1,0,176614.86,1,5,815,France,Female,GOLD,1
675,39,6,0.0,2,0,0,83419.15,0,4,367,France,Female,DIAMOND,0
614,35,2,127283.78,1,1,1,31302.35,0,1,668,Spain,Male,SILVER,0
793,63,9,116270.72,1,1,1,184243.25,0,3,236,France,Female,DIAMOND,0
633,47,0,0.0,1,1,1,6342.84,1,3,350,France,Female,GOLD,1
759,33,9,160541.36,2,0,0,93541.14,0,4,497,France,Female,SILVER,0
527,39,9,96748.89,2,1,0,94711.43,0,2,534,Germany,Female,SILVER,0
787,42,10,145988.65,2,1,1,79510.37,0,4,396,France,Female,DIAMOND,0
670,54,2,95507.12,1,1,1,63213.31,0,2,638,France,Female,SILVER,0
652,48,8,133297.24,1,1,0,77764.37,0,1,619,France,Female,GOLD,0
598,53,10,167772.96,1,1,1,136886.86,0,5,686,Germany,Male,SILVER,0
675,39,7,0.0,2,0,1,36267.21,0,5,316,France,Male,GOLD,0
634,26,8,0.0,1,1,0,21760.96,0,4,783,France,Male,DIAMOND,0
544,37,2,0.0,2,0,0,135067.02,0,5,322,Spain,Male,DIAMOND,0
768,36,3,141334.95,1,0,1,125870.5,0,3,277,France,Female,DIAMOND,0
651,41,4,38617.2,1,1,1,104876.8,0,1,771,France,Female,SILVER,0
712,33,2,182888.08,1,1,0,3061.0,0,1,278,France,Male,SILVER,0
772,47,9,152347.01,1,0,1,17671.78,0,1,902,France,Male,SILVER,0
590,30,3,0.0,2,1,0,83090.35,0,4,332,Spain,Male,PLATINUM,0
523,63,6,116227.27,1,1,1,119404.63,0,5,738,Germany,Male,DIAMOND,0
707,53,6,109663.47,1,1,1,52110.45,0,1,416,Spain,Female,SILVER,0
652,31,3,103696.97,3,0,0,155221.05,1,4,897,France,Female,SILVER,1
443,35,6,161111.45,1,0,0,13946.66,0,5,765,France,Male,SILVER,0
542,35,9,127543.11,2,1,0,468.94,1,4,732,Germany,Female,SILVER,1
675,35,8,0.0,2,1,1,56642.97,0,3,806,France,Male,PLATINUM,0
652,38,6,123081.84,2,1,1,188657.97,0,5,305,Spain,Female,PLATINUM,0
598,56,4,98365.33,1,1,1,44251.33,0,5,850,Spain,Female,DIAMOND,0
475,32,8,119023.28,1,1,0,100816.29,0,1,278,France,Female,PLATINUM,0
555,40,10,43028.77,1,1,0,170514.21,0,2,997,France,Male,GOLD,0
511,45,5,68375.27,1,1,0,193160.25,1,1,351,France,Male,DIAMOND,1
665,38,5,0.0,2,1,0,156439.56,0,4,837,France,Female,PLATINUM,0
708,19,7,112615.86,1,1,1,4491.77,0,5,881,Spain,Male,PLATINUM,0
435,37,8,114346.3,1,0,1,980.93,1,1,426,Germany,Male,PLATINUM,1
704,54,6,133656.91,3,1,0,145071.33,1,1,329,Germany,Female,PLATINUM,1
622,35,5,0.0,2,1,0,51112.8,0,5,775,France,Female,GOLD,0
671,34,10,0.0,1,1,0,23235.38,0,5,991,Spain,Female,SILVER,0
592,31,7,110071.1,1,0,0,43921.36,0,3,702,Spain,Male,GOLD,0
592,38,3,0.0,1,1,1,12905.89,1,1,983,Spain,Male,PLATINUM,1
631,41,0,0.0,1,0,0,87959.83,0,2,557,Spain,Female,PLATINUM,0
676,40,2,147803.48,1,1,0,95181.06,1,5,275,France,Female,DIAMOND,1
535,40,7,111756.5,1,1,0,8128.32,1,2,567,Germany,Male,GOLD,1
625,36,3,0.0,2,1,0,41295.1,1,2,841,France,Female,PLATINUM,1
601,54,1,131039.97,2,1,1,199661.5,0,1,929,Germany,Female,DIAMOND,0
653,34,5,118838.75,1,1,1,52820.13,0,2,360,France,Male,GOLD,0
466,41,2,152102.18,2,1,0,181879.56,0,4,322,Germany,Male,PLATINUM,0
599,45,10,103583.05,1,1,0,132127.69,1,2,376,Germany,Male,SILVER,1
668,38,1,147904.31,1,1,1,69370.05,0,3,502,Spain,Male,SILVER,0
698,27,7,0.0,2,1,0,111471.55,0,5,766,France,Male,GOLD,0
788,43,10,0.0,2,1,1,116111.51,0,4,797,France,Female,DIAMOND,0
612,35,1,0.0,1,1,1,83256.26,1,1,298,Spain,Male,SILVER,1
614,40,6,0.0,1,1,1,20339.79,1,4,438,France,Male,PLATINUM,1
718,43,5,132615.73,2,1,0,32999.1,0,3,795,Germany,Male,SILVER,0
682,48,9,101198.01,1,1,1,49732.9,0,4,672,Spain,Female,GOLD,0
611,37,6,0.0,2,1,0,110782.88,0,5,501,France,Female,DIAMOND,0
685,35,4,137948.51,1,1,0,113639.64,0,1,404,Spain,Male,PLATINUM,0
721,35,6,118273.83,1,0,1,3086.89,0,3,804,France,Female,GOLD,0
554,46,7,87603.35,3,0,1,96929.24,1,4,818,Spain,Female,PLATINUM,1
609,34,1,0.0,1,1,1,181177.9,0,4,226,France,Male,PLATINUM,0
658,28,9,152812.58,1,1,0,166682.57,0,2,790,Germany,Female,DIAMOND,0
738,39,5,0.0,2,1,1,114388.98,0,3,514,France,Male,SILVER,0
628,36,3,0.0,2,1,1,8742.91,0,4,276,France,Male,PLATINUM,0
736,28,2,0.0,2,1,1,117431.1,0,3,457,Spain,Female,PLATINUM,0
664,39,7,60263.23,1,1,0,170835.32,0,5,466,Germany,Male,SILVER,0
850,31,4,146587.3,1,1,1,89874.82,0,2,687,Germany,Male,GOLD,0
720,37,2,120328.88,2,1,1,138470.21,0,1,302,France,Female,DIAMOND,0
679,39,2,146186.28,2,1,1,193974.47,0,4,412,Germany,Male,SILVER,0
628,69,5,0.0,2,1,1,181964.6,0,3,348,France,Male,DIAMOND,0
794,55,6,115796.7,1,1,0,160526.36,1,1,442,Germany,Female,GOLD,1
666,71,1,53013.29,2,1,1,112222.64,0,1,419,Germany,Male,GOLD,0
565,55,4,118803.35,2,1,1,128124.7,1,2,535,France,Male,GOLD,1
665,34,5,67816.72,1,1,1,29641.58,0,5,310,France,Female,SILVER,0
512,33,6,121685.31,2,1,1,83681.97,0,4,973,France,Female,GOLD,0
768,48,3,122831.58,1,1,1,24533.89,1,2,813,Germany,Male,PLATINUM,1
477,47,9,144900.58,1,1,0,61315.37,1,4,498,France,Male,GOLD,1
531,31,3,96288.26,1,1,0,56794.73,0,4,247,France,Male,DIAMOND,0
503,37,6,0.0,2,0,0,136506.86,0,3,717,Spain,Male,SILVER,0
504,40,5,0.0,2,0,0,146703.36,0,2,538,Spain,Male,SILVER,0
634,45,2,0.0,1,1,1,143458.31,0,3,863,France,Female,DIAMOND,0
586,42,2,0.0,1,1,0,102889.34,0,3,338,Spain,Female,PLATINUM,0
661,37,5,136425.18,1,1,0,81102.81,0,2,687,France,Female,PLATINUM,0
705,38,1,189443.72,1,0,1,106648.58,0,3,648,France,Male,PLATINUM,0
573,72,8,98765.84,1,1,1,96015.53,0,1,255,Spain,Female,PLATINUM,0
577,48,6,179852.26,1,1,0,193580.32,0,2,782,Spain,Male,GOLD,0
684,43,7,0.0,2,1,0,131093.99,0,5,358,France,Female,PLATINUM,0
622,29,7,101486.96,1,1,1,8788.35,0,1,327,France,Male,PLATINUM,0
716,44,1,0.0,1,1,1,152108.47,0,4,453,France,Female,GOLD,0
715,42,6,0.0,2,1,1,128745.69,0,4,289,Spain,Male,SILVER,0
646,42,3,175159.9,2,0,0,67124.48,1,3,641,France,Female,DIAMOND,1
738,29,2,0.0,2,1,1,170421.13,0,3,252,France,Male,GOLD,0
720,44,3,86102.27,1,1,0,180134.88,1,2,481,France,Male,DIAMOND,1
512,46,3,0.0,2,1,1,56408.14,0,4,669,Spain,Female,PLATINUM,0
524,25,7,131402.21,1,0,0,193668.49,0,4,997,Germany,Female,PLATINUM,0
783,72,5,121215.9,2,1,1,105206.48,0,3,509,France,Female,GOLD,0
475,46,10,0.0,2,0,0,122953.0,1,3,800,France,Female,DIAMOND,1
838,41,5,0.0,2,1,0,81313.51,0,1,867,Spain,Female,SILVER,0
685,30,4,84958.6,2,0,1,194343.72,0,2,987,Germany,Female,GOLD,0
698,38,1,171848.38,1,0,0,16957.45,0,5,806,Spain,Female,PLATINUM,0
686,34,3,123971.51,2,1,0,147794.63,0,5,410,France,Female,PLATINUM,0
658,35,9,71829.34,1,1,1,68141.92,0,1,285,Spain,Male,SILVER,0
606,37,6,82373.94,1,0,0,172526.9,1,3,632,France,Male,PLATINUM,1
639,37,4,116121.84,2,0,1,181850.74,0,1,503,France,Female,PLATINUM,0
678,43,2,153393.18,2,1,1,193828.27,0,1,274,Germany,Female,GOLD,0
643,33,4,0.0,2,1,1,152992.04,0,2,720,France,Male,PLATINUM,0
673,57,4,0.0,2,1,1,49684.09,0,1,428,Spain,Female,SILVER,0
678,60,8,185648.56,1,0,0,192156.54,1,2,508,France,Male,PLATINUM,1
544,32,9,110728.39,1,1,1,14559.62,0,1,629,France,Female,SILVER,0
645,43,9,140121.17,1,1,0,11302.7,1,1,752,Germany,Male,DIAMOND,1
658,44,6,148481.09,1,1,0,130529.13,0,4,940,France,Female,SILVER,0
672,53,9,169406.33,4,1,1,147311.47,1,4,232,France,Female,DIAMOND,1
556,36,2,134208.22,1,0,1,177670.57,0,4,343,France,Female,GOLD,0
549,39,7,0.0,1,0,0,81259.25,1,2,716,Spain,Female,GOLD,1
639,41,5,98635.77,1,1,0,199970.74,0,3,391,Germany,Female,PLATINUM,0
684,32,3,102630.13,2,1,1,127433.47,0,2,684,Germany,Male,DIAMOND,0
536,39,4,0.0,2,1,0,27150.35,0,1,422,France,Male,PLATINUM,0
699,50,0,158633.61,1,1,0,193785.87,0,1,835,Spain,Female,SILVER,0
591,51,8,132508.3,1,1,1,161304.68,1,5,752,Germany,Female,DIAMOND,1
714,33,10,103121.33,2,1,1,49672.01,0,4,830,Spain,Female,PLATINUM,0
679,33,9,112528.65,2,1,0,177362.45,0,2,362,France,Female,SILVER,0
519,47,6,157296.02,2,0,0,147278.43,1,1,934,Spain,Female,PLATINUM,1
748,39,9,132865.56,1,1,1,59636.43,1,2,756,France,Female,DIAMOND,1
463,20,8,204223.03,1,1,0,128268.39,0,2,983,Spain,Male,SILVER,0
820,36,4,0.0,2,1,0,31422.69,0,2,366,France,Male,SILVER,0
492,51,8,117808.74,2,1,1,67311.12,0,3,263,Germany,Male,GOLD,0
633,27,3,0.0,2,1,0,44008.91,0,1,612,Spain,Male,SILVER,0
596,42,7,0.0,2,1,1,121568.37,0,5,567,France,Male,GOLD,0
502,33,8,0.0,2,1,1,123509.01,0,4,717,France,Male,DIAMOND,0
458,39,9,0.0,2,1,0,116343.09,0,4,345,France,Female,PLATINUM,0
698,41,3,90605.29,1,1,1,14357.0,0,5,444,France,Male,SILVER,0
739,45,7,102703.62,1,0,1,147802.94,1,3,827,Germany,Male,SILVER,1
724,32,6,0.0,2,1,1,150026.79,0,4,480,France,Female,PLATINUM,0
587,46,9,107850.82,1,1,0,139431.0,1,3,744,Germany,Male,SILVER,1
619,44,6,52831.13,1,1,1,112649.22,1,3,245,Spain,Female,SILVER,1
552,42,8,103362.14,1,0,1,186869.58,1,2,492,Germany,Female,DIAMOND,1
631,29,2,96863.52,2,1,1,31613.35,0,3,958,Germany,Female,DIAMOND,0
558,45,1,153697.53,2,0,0,89891.4,1,2,351,France,Female,SILVER,1
537,39,3,135309.36,1,1,0,31728.86,1,2,746,Germany,Male,PLATINUM,1
642,19,3,113905.48,1,1,1,176137.2,0,5,893,Germany,Female,PLATINUM,0
490,33,1,0.0,2,1,1,80792.83,0,3,861,France,Male,DIAMOND,0
540,31,10,118158.74,1,1,1,158027.57,0,4,645,Spain,Female,SILVER,0
550,47,2,0.0,2,1,1,97057.28,0,3,794,France,Male,GOLD,0
718,35,8,0.0,2,1,0,94820.85,0,5,769,France,Male,PLATINUM,0
760,49,9,91502.99,1,1,0,117232.9,1,5,511,Germany,Female,PLATINUM,1
695,37,2,0.0,2,1,1,99692.65,0,1,361,France,Male,SILVER,0
612,44,2,115163.38,1,1,1,97677.52,1,1,244,Germany,Male,DIAMOND,1
647,30,6,143138.91,2,1,0,2955.46,0,3,896,Germany,Male,PLATINUM,0
594,38,10,0.0,2,1,0,58332.91,0,3,827,Spain,Female,PLATINUM,0
675,32,1,0.0,3,1,0,85901.09,0,5,890,France,Male,PLATINUM,0
524,29,3,159035.45,1,1,0,2705.31,1,4,580,Spain,Male,GOLD,1
652,27,10,107303.72,2,0,0,44435.76,0,2,986,France,Male,GOLD,0
702,29,10,88378.6,1,1,0,88550.28,0,3,596,France,Female,PLATINUM,0
588,32,1,0.0,2,1,1,8763.87,0,1,824,France,Male,PLATINUM,0
788,37,8,141541.25,1,0,0,66013.27,0,4,582,Spain,Male,DIAMOND,0
584,38,3,0.0,2,1,1,4525.4,0,2,941,Spain,Female,GOLD,0
674,44,4,131593.85,1,0,1,171345.02,1,2,558,Germany,Female,GOLD,1
774,46,9,0.0,2,1,1,34774.26,0,2,919,Spain,Male,SILVER,0
705,46,5,89364.91,1,0,1,139162.15,0,4,336,Spain,Female,GOLD,0
647,42,9,0.0,2,1,1,51362.82,0,1,358,France,Female,DIAMOND,0
591,35,2,90194.34,2,1,0,57064.57,0,5,986,Germany,Female,DIAMOND,0
760,43,8,121911.59,1,1,0,193312.33,0,3,224,France,Male,SILVER,0
647,51,1,119741.77,2,0,0,54954.51,1,3,847,Germany,Female,SILVER,1
690,54,5,0.0,1,1,0,12847.61,1,5,439,France,Male,GOLD,1
680,23,5,140007.19,1,0,1,31714.08,0,3,808,France,Male,GOLD,0
704,27,5,147004.34,1,1,0,64381.33,1,4,828,Germany,Male,SILVER,1
497,29,4,85646.81,1,0,0,63233.02,1,5,750,France,Female,GOLD,1
652,80,4,0.0,2,1,1,188603.07,0,1,662,France,Female,GOLD,0
606,38,3,99897.53,1,0,0,37054.65,0,5,226,Germany,Male,PLATINUM,0
589,36,1,100895.54,1,1,1,68075.14,0,3,967,France,Male,PLATINUM,0
802,51,7,0.0,1,0,1,40855.79,0,3,590,Spain,Male,SILVER,0
732,55,9,136576.02,1,0,1,3268.17,1,2,443,France,Male,PLATINUM,1
445,31,7,145056.59,1,1,1,175893.53,0,4,946,France,Male,PLATINUM,0
602,38,7,111835.94,2,1,0,124389.61,0,3,855,France,Male,SILVER,0
647,26,8,109958.15,1,1,1,136592.24,1,2,271,Spain,Female,GOLD,1
444,45,6,0.0,1,1,0,130009.85,1,4,669,France,Male,GOLD,1
556,31,1,128663.81,2,1,0,125083.29,0,4,876,Germany,Female,PLATINUM,0
739,40,1,109681.61,1,1,1,193321.3,0,5,523,Spain,Male,PLATINUM,0
695,27,6,125552.96,1,1,0,105291.26,0,1,551,Germany,Male,SILVER,0
523,60,1,163894.35,1,0,1,57061.71,0,1,309,Germany,Male,DIAMOND,0
702,26,5,56738.47,2,1,1,100442.22,1,3,374,France,Male,SILVER,1
643,62,9,0.0,2,0,0,155870.82,0,5,652,France,Male,PLATINUM,0
516,33,10,138847.9,1,1,1,127256.7,0,3,465,Germany,Female,DIAMOND,0
501,34,7,93244.42,1,0,1,199805.63,0,2,354,Germany,Female,PLATINUM,0
785,39,1,130147.98,1,1,0,163798.41,1,1,526,France,Female,SILVER,1
598,38,0,125487.89,1,0,0,158111.71,0,5,355,France,Male,DIAMOND,0
647,44,5,0.0,3,1,1,174205.22,1,3,752,Spain,Female,DIAMOND,1
773,45,8,96877.21,1,1,1,113950.51,0,4,744,France,Male,SILVER,0
754,27,8,0.0,2,0,0,121821.16,0,3,307,Spain,Female,DIAMOND,0
730,32,9,127661.69,1,0,0,60905.51,0,3,542,France,Female,DIAMOND,0
762,43,5,134204.67,1,1,1,139971.01,0,4,672,Spain,Female,DIAMOND,0
683,31,2,0.0,2,0,1,77326.78,0,2,791,France,Male,DIAMOND,0
718,28,6,0.0,2,1,0,146875.86,0,4,319,Spain,Male,DIAMOND,0
614,36,1,118311.76,1,1,0,146134.68,0,4,709,France,Male,DIAMOND,0
614,35,6,128100.28,1,0,0,69454.24,1,4,830,Germany,Female,PLATINUM,1
773,41,7,190238.93,1,1,1,57549.65,0,2,862,France,Female,DIAMOND,0
659,36,6,123841.49,2,1,0,96833.0,1,5,875,France,Male,PLATINUM,0
717,76,9,138489.66,1,1,1,68400.14,0,2,860,France,Female,GOLD,0
544,47,5,105245.21,1,0,0,99922.08,1,3,491,Germany,Male,GOLD,1
572,33,9,68193.72,1,1,0,19998.31,0,1,269,France,Male,GOLD,0
619,31,3,141751.82,1,0,1,61531.86,0,4,241,Spain,Female,DIAMOND,0
535,38,2,119272.29,1,0,0,195896.59,1,5,346,France,Male,SILVER,1
630,31,0,0.0,2,1,1,34475.14,0,2,252,France,Male,PLATINUM,0
850,38,2,0.0,2,1,0,9015.07,0,1,834,France,Female,SILVER,0
752,49,2,78653.84,1,1,0,7698.6,0,2,989,France,Male,SILVER,0
591,44,10,113581.98,1,1,0,1985.41,0,5,645,Germany,Female,GOLD,0
542,54,8,105770.14,1,0,1,140929.98,1,4,780,Spain,Male,DIAMOND,1
630,49,1,0.0,2,0,1,162858.29,0,3,998,Spain,Female,GOLD,0
676,23,1,107787.47,1,0,1,116378.82,0,5,597,France,Male,SILVER,0
785,55,5,0.0,2,1,1,7008.65,0,2,263,France,Male,DIAMOND,0
554,38,4,137654.05,2,1,1,172629.67,0,2,326,France,Female,PLATINUM,0
828,41,7,0.0,2,1,0,171378.77,0,2,666,France,Female,PLATINUM,0
462,34,1,94682.56,2,1,0,138478.2,0,5,747,Germany,Male,PLATINUM,0
850,30,5,123210.56,2,1,1,102180.27,0,4,749,Germany,Male,DIAMOND,0
644,35,5,161591.11,3,1,1,63795.62,0,4,712,Germany,Male,PLATINUM,0
595,29,6,150685.79,1,1,0,87771.06,0,4,480,France,Male,SILVER,0
663,39,8,0.0,2,1,1,101168.9,0,5,445,France,Female,SILVER,0
706,42,8,95386.82,1,1,1,75732.25,0,5,734,Spain,Female,SILVER,0
733,32,5,0.0,2,1,0,131625.14,0,1,522,Spain,Female,GOLD,0
742,31,4,105239.1,1,1,1,19700.24,0,3,790,France,Male,DIAMOND,0
668,69,9,0.0,1,0,1,134483.07,0,5,397,Spain,Female,PLATINUM,0
670,35,3,103465.02,2,1,1,174627.06,0,3,671,France,Female,SILVER,0
548,37,4,0.0,1,1,0,121763.68,0,5,926,Spain,Male,GOLD,0
772,42,0,101979.16,1,1,0,90928.48,0,4,612,Germany,Female,GOLD,0
535,48,9,109472.47,1,1,0,157358.43,1,2,415,Spain,Male,GOLD,1
717,35,1,0.0,3,0,0,174770.14,1,3,810,Spain,Male,GOLD,1
684,24,8,143582.89,1,1,1,22527.27,0,4,559,Spain,Male,GOLD,0
637,54,5,0.0,1,0,1,150836.98,0,2,259,Spain,Female,PLATINUM,0
555,30,1,0.0,2,0,0,88146.86,0,1,561,France,Male,DIAMOND,0
596,47,6,0.0,1,1,0,74835.65,0,2,458,France,Male,GOLD,0
811,52,10,76915.4,1,0,0,146359.81,1,2,488,Germany,Male,GOLD,1
805,45,9,116585.97,1,1,0,189428.75,1,1,885,Germany,Female,GOLD,1
615,32,4,0.0,2,1,1,6225.63,0,4,294,France,Male,GOLD,0
540,40,8,0.0,2,1,0,3560.0,0,5,501,Spain,Female,GOLD,0
474,33,5,0.0,2,1,0,181945.52,1,1,454,France,Male,DIAMOND,1
657,41,8,109402.13,1,1,1,66463.62,0,4,988,Spain,Male,GOLD,0
697,39,6,151553.19,1,1,1,44946.29,0,4,221,France,Female,SILVER,0
693,38,3,0.0,2,0,0,78133.48,1,5,724,France,Female,GOLD,1
705,33,5,116765.7,1,0,0,190659.17,1,1,711,Germany,Female,SILVER,1
636,42,2,0.0,2,1,1,55470.78,0,4,991,France,Male,PLATINUM,0
656,32,1,104254.27,1,1,1,17034.37,0,3,715,Spain,Female,PLATINUM,0
787,46,7,117685.31,2,1,1,93360.35,0,4,890,France,Male,SILVER,0
716,34,9,0.0,1,1,1,66695.71,0,3,980,Spain,Male,DIAMOND,0
813,27,1,137275.36,1,0,1,115733.16,0,2,799,Spain,Male,PLATINUM,0
709,32,2,87814.89,1,1,0,138578.37,0,2,643,France,Female,DIAMOND,0
532,60,5,76705.87,2,0,1,13889.73,0,5,753,France,Male,GOLD,0
554,27,4,0.0,2,1,1,135083.73,0,5,738,Spain,Female,SILVER,0
518,50,4,0.0,1,0,0,107112.25,1,2,225,Spain,Male,PLATINUM,1
779,34,5,0.0,2,0,1,111676.63,0,1,945,Spain,Female,SILVER,0
749,27,9,0.0,2,1,0,132734.87,0,4,739,France,Female,PLATINUM,0
546,52,1,106074.89,1,1,1,23548.45,1,3,579,Germany,Female,PLATINUM,1
705,24,5,177799.83,2,0,0,79886.06,0,2,443,Spain,Female,GOLD,0
594,36,6,153880.15,1,0,0,135431.72,0,4,706,France,Male,PLATINUM,0
681,43,3,66338.68,1,1,1,18772.5,1,5,350,France,Male,DIAMOND,1
611,27,7,0.0,2,1,1,157474.1,0,2,231,France,Male,DIAMOND,0
588,40,10,125534.51,1,1,0,121504.18,1,5,801,Germany,Female,SILVER,1
722,29,1,107233.85,2,1,0,24924.92,0,2,941,Germany,Male,DIAMOND,0
764,34,6,108760.27,2,1,0,166324.79,1,3,665,Germany,Male,GOLD,1
672,40,3,0.0,1,1,0,113171.61,1,5,755,France,Female,GOLD,1
733,36,1,0.0,2,0,1,108377.82,0,2,932,Spain,Male,SILVER,0
697,45,1,0.0,2,1,0,46807.62,1,3,559,France,Female,PLATINUM,1
773,23,8,0.0,2,1,0,56759.79,0,5,359,Spain,Female,DIAMOND,0
680,37,6,124140.57,2,1,0,92826.35,0,1,460,Spain,Female,GOLD,0
697,43,8,103409.16,1,1,0,66893.28,1,2,593,Germany,Male,GOLD,1
751,38,7,0.0,2,0,0,90839.61,0,3,654,Spain,Male,PLATINUM,0
642,33,9,0.0,2,1,1,150475.14,0,4,341,Spain,Female,GOLD,0
850,19,8,0.0,1,1,1,68569.89,0,3,615,France,Male,GOLD,0
625,49,2,80816.45,1,1,1,20018.79,0,1,677,Spain,Female,PLATINUM,0
646,34,3,131283.11,1,0,0,130500.65,0,3,328,France,Female,SILVER,0
694,35,7,0.0,1,1,0,133570.43,1,4,296,Spain,Female,SILVER,1
627,41,3,0.0,2,1,0,132719.8,0,2,902,France,Male,DIAMOND,0
811,34,1,149297.19,2,1,1,186339.74,0,2,946,Germany,Female,GOLD,0
667,27,3,106116.5,2,1,0,3674.71,0,1,683,Germany,Female,DIAMOND,0
752,38,0,145974.79,2,1,1,137694.23,0,5,884,France,Male,PLATINUM,0
710,33,2,0.0,2,1,0,72945.32,0,4,221,France,Female,DIAMOND,0
430,33,8,0.0,1,1,1,69759.91,0,2,936,France,Female,GOLD,0
688,29,1,0.0,2,1,0,154695.57,0,5,352,France,Male,PLATINUM,0
712,36,2,100749.5,3,0,0,70758.37,1,2,291,France,Male,PLATINUM,1
795,29,4,0.0,2,0,0,155711.64,0,3,902,Spain,Male,GOLD,0
820,31,2,94222.53,1,1,0,103570.8,0,1,947,Spain,Female,PLATINUM,0
623,35,0,130557.24,1,1,1,47880.71,0,5,936,France,Female,DIAMOND,0
472,32,1,159397.75,1,0,1,57323.18,0,4,829,Spain,Female,PLATINUM,0
508,31,8,72541.48,1,1,0,129803.08,0,5,759,France,Male,GOLD,0
418,36,7,90145.04,1,1,1,69157.93,0,5,995,France,Male,SILVER,0
850,24,6,0.0,2,1,1,13159.9,0,3,899,France,Female,DIAMOND,0
539,39,6,0.0,2,1,1,86767.48,0,5,315,France,Male,PLATINUM,0
628,39,6,0.0,2,0,0,134441.6,0,3,887,France,Male,PLATINUM,0
757,31,10,39539.39,2,0,0,192519.39,0,5,799,France,Male,GOLD,0
591,34,4,150635.3,1,1,1,72274.84,0,5,940,Germany,Female,PLATINUM,0
554,31,1,0.0,2,0,1,192660.55,0,2,759,France,Male,PLATINUM,0
793,35,2,0.0,2,1,1,79704.12,0,4,347,France,Male,DIAMOND,0
542,29,7,0.0,2,0,1,196651.72,0,3,761,France,Female,DIAMOND,0
728,32,9,127772.1,2,1,1,152643.48,0,5,658,Germany,Female,DIAMOND,0
537,28,3,157842.07,1,1,0,86911.49,0,3,348,France,Male,GOLD,0
600,29,6,74430.1,2,1,1,96051.1,0,2,366,Germany,Female,DIAMOND,0
653,40,0,0.0,2,1,0,35795.85,0,5,823,France,Female,GOLD,0
674,34,2,152797.9,1,1,0,175709.4,1,4,385,Germany,Male,GOLD,1
657,31,3,125167.02,1,0,0,98820.39,0,2,225,Spain,Male,SILVER,0
727,71,8,0.0,1,1,1,198446.91,1,4,869,Spain,Male,GOLD,1
635,35,2,113635.16,1,1,0,90883.12,0,1,613,Spain,Male,SILVER,0
598,40,9,0.0,1,1,0,68462.59,1,3,324,France,Female,DIAMOND,1
669,44,8,96418.09,1,0,0,131609.48,1,3,915,France,Female,SILVER,1
488,34,2,0.0,2,1,1,181270.84,0,2,557,France,Female,PLATINUM,0
711,29,9,0.0,2,0,1,3234.8,0,4,501,France,Female,PLATINUM,0
620,32,7,0.0,2,1,1,34665.79,0,3,479,France,Male,PLATINUM,0
632,44,3,133793.89,1,1,1,34607.14,1,1,621,France,Female,SILVER,1
460,40,6,119507.58,2,1,0,91560.63,1,5,766,Germany,Female,SILVER,1
675,36,3,54098.18,2,0,1,54478.52,0,4,432,Spain,Male,PLATINUM,0
794,30,8,0.0,2,1,1,24113.91,0,3,368,France,Male,DIAMOND,0
782,32,9,0.0,1,1,1,87566.97,0,5,255,France,Male,SILVER,0
813,62,10,64667.95,2,0,1,140454.14,0,4,691,France,Female,SILVER,0
741,32,8,0.0,2,1,0,143598.7,0,4,870,France,Male,DIAMOND,0
691,38,7,0.0,2,0,0,81617.4,0,4,833,France,Male,GOLD,0
720,71,5,183135.39,2,1,1,197688.5,0,2,723,France,Male,DIAMOND,0
575,52,8,123925.23,1,0,0,111342.66,1,4,650,Spain,Male,PLATINUM,1
705,38,3,123894.43,1,1,0,21177.1,0,4,319,France,Female,PLATINUM,0
727,18,2,93816.7,2,1,0,126172.11,0,1,523,Germany,Female,DIAMOND,0
501,34,5,0.0,1,1,0,27380.99,0,4,501,France,Female,PLATINUM,0
691,33,6,0.0,2,1,1,100408.31,0,2,467,France,Female,DIAMOND,0
529,44,1,0.0,2,0,0,14161.3,0,4,786,Spain,Female,DIAMOND,0
649,46,2,0.0,2,1,1,66602.7,0,3,499,France,Female,SILVER,0
518,35,8,141665.63,1,0,1,192776.64,0,3,701,Germany,Female,GOLD,0
666,51,2,148222.65,1,0,0,156953.54,1,2,595,France,Male,DIAMOND,1
540,22,4,0.0,3,1,1,186233.26,1,3,530,France,Male,PLATINUM,1
537,41,0,0.0,2,0,1,175262.49,0,5,866,France,Female,SILVER,0
668,45,4,102486.21,2,1,1,158379.25,0,4,823,Spain,Male,GOLD,0
579,31,9,0.0,2,1,0,112395.98,0,3,297,Spain,Female,GOLD,0
682,43,5,125851.93,1,1,1,193318.33,0,4,462,France,Female,GOLD,0
677,34,10,171671.9,1,1,1,50777.77,0,1,392,Spain,Female,DIAMOND,0
457,38,6,0.0,2,1,0,173219.09,0,3,629,Spain,Female,DIAMOND,0
547,44,5,0.0,3,0,0,5459.07,1,1,471,Spain,Female,DIAMOND,1
598,46,7,131769.04,1,0,0,184980.23,1,2,911,Germany,Female,GOLD,1
731,47,1,115414.19,3,0,0,191734.67,1,3,611,France,Female,GOLD,1
618,37,2,168178.21,2,0,1,101273.23,0,1,576,France,Male,SILVER,0
806,40,5,80613.93,1,1,1,142838.64,0,1,314,France,Male,SILVER,0
666,36,6,0.0,2,1,0,176692.87,0,3,990,Spain,Female,GOLD,0
535,40,8,0.0,1,1,1,27689.77,0,1,514,France,Female,DIAMOND,0
658,29,5,75395.53,2,0,1,54914.92,0,4,298,Germany,Male,PLATINUM,0
545,32,4,0.0,1,1,0,94739.2,0,1,319,Spain,Female,PLATINUM,0
459,42,6,129634.25,2,1,1,177683.02,1,3,326,Spain,Female,PLATINUM,1
688,51,5,0.0,1,1,0,91624.11,1,4,320,France,Female,PLATINUM,1
784,23,2,0.0,1,1,1,6847.73,0,5,257,Spain,Male,GOLD,0
739,38,0,128366.44,1,1,0,12796.43,0,3,631,Spain,Male,PLATINUM,0
668,28,1,124511.01,1,0,0,114258.18,0,1,529,Germany,Female,DIAMOND,0
707,33,2,58036.33,1,1,1,83335.78,0,1,911,France,Female,GOLD,0
663,40,6,156218.19,1,0,1,33607.72,0,5,375,France,Male,SILVER,0
723,52,5,131694.97,1,0,1,92873.5,1,4,949,Germany,Male,SILVER,1
542,67,10,129431.36,1,0,1,21343.74,0,5,521,France,Male,GOLD,0
620,36,8,0.0,2,1,1,145937.99,0,5,675,France,Male,PLATINUM,0
787,39,10,108935.39,1,1,1,101168.3,0,5,637,Spain,Male,DIAMOND,0
619,49,9,145359.99,1,1,0,38186.85,0,4,468,France,Female,DIAMOND,0
744,36,2,153804.44,1,1,1,87213.33,0,3,252,Spain,Male,SILVER,0
850,39,10,0.0,2,1,1,143030.09,0,3,440,Spain,Female,DIAMOND,0
644,46,9,95441.27,1,1,0,108761.05,1,1,568,France,Female,SILVER,1
782,41,4,0.0,1,1,0,132943.88,0,5,480,Spain,Female,PLATINUM,0
573,27,2,128243.03,1,1,1,11631.34,0,2,383,France,Male,DIAMOND,0
631,37,9,131519.49,2,1,1,51752.18,0,1,404,Germany,Male,SILVER,0
727,45,6,114422.85,2,1,1,104678.78,1,5,346,Germany,Male,PLATINUM,1
645,41,2,93925.3,1,1,0,123982.14,1,2,751,Germany,Male,PLATINUM,1
649,40,4,95001.33,1,0,1,123202.99,0,3,993,Germany,Male,GOLD,0
635,38,0,103257.14,1,0,0,158344.63,0,2,537,Spain,Male,PLATINUM,0
762,46,6,123571.77,3,0,1,57014.17,1,5,655,Germany,Male,DIAMOND,1
693,41,4,0.0,2,0,0,156381.47,0,4,448,France,Male,PLATINUM,0
659,32,3,150923.74,2,0,1,174652.51,0,2,849,Germany,Female,PLATINUM,0
660,38,7,0.0,2,0,1,146585.53,0,2,780,France,Male,GOLD,0
458,36,5,0.0,2,1,0,79723.78,0,3,428,Spain,Male,SILVER,0
706,37,7,0.0,2,1,1,110899.3,0,1,799,Spain,Female,GOLD,0
840,30,8,136291.71,1,1,0,54113.38,0,3,938,France,Male,PLATINUM,0
526,35,9,118536.4,1,1,0,40980.87,1,3,416,Germany,Female,DIAMOND,1
665,51,2,0.0,1,0,0,53353.36,0,1,434,France,Male,GOLD,0
623,40,7,0.0,1,1,1,25904.12,0,5,253,Spain,Female,SILVER,0
622,36,0,108960.0,2,1,0,111180.3,1,1,532,Spain,Female,PLATINUM,1
765,41,4,124182.21,1,0,0,100153.43,0,1,318,France,Male,SILVER,0
624,32,2,79368.87,2,1,1,145471.94,0,1,994,France,Female,SILVER,0
521,29,2,87212.8,1,1,1,994.86,0,1,836,Germany,Female,PLATINUM,0
663,22,9,0.0,1,1,0,29135.89,1,5,590,Spain,Female,DIAMOND,1
643,33,7,98630.31,2,1,1,40250.82,0,4,762,Germany,Male,PLATINUM,0
532,38,9,0.0,2,0,0,30583.95,0,2,396,France,Male,PLATINUM,0
629,35,7,156847.29,2,1,0,31824.29,0,4,837,Germany,Male,SILVER,0
655,37,1,0.0,1,1,1,106040.97,0,5,226,Spain,Male,GOLD,0
654,32,1,114510.85,1,1,1,126143.23,0,4,224,Germany,Female,GOLD,0
680,47,5,0.0,2,1,1,179843.33,0,1,735,France,Female,DIAMOND,0
835,18,2,142872.36,1,1,1,117632.63,0,3,650,Germany,Male,GOLD,0
653,42,1,0.0,2,1,1,5768.32,0,2,397,France,Female,SILVER,0
823,37,5,164858.18,1,1,1,173516.71,0,5,970,France,Male,DIAMOND,0
620,44,8,0.0,2,1,1,15627.51,0,5,940,Spain,Male,DIAMOND,0
704,39,2,111525.02,1,1,0,199484.96,0,4,368,France,Male,SILVER,0
699,44,8,158697.61,1,1,0,107181.22,0,2,963,France,Male,DIAMOND,0
850,63,8,169832.57,1,0,0,184107.26,1,1,965,France,Male,SILVER,1
813,29,6,0.0,1,1,0,33953.87,0,3,259,France,Male,PLATINUM,0
583,40,3,54428.37,1,1,0,109638.78,1,4,646,Spain,Female,PLATINUM,1
657,29,7,83889.03,1,1,0,153059.62,0,3,682,Spain,Male,SILVER,0
798,36,1,0.0,2,1,1,159044.1,0,4,604,France,Male,GOLD,0
500,40,1,99004.24,1,1,1,152845.99,0,5,481,Spain,Male,GOLD,0
611,46,5,0.0,1,1,0,77677.14,1,4,749,France,Female,PLATINUM,1
607,28,1,135936.1,2,1,1,110560.14,0,2,571,Spain,Male,SILVER,0
609,32,7,118520.41,1,0,0,3815.48,0,1,733,France,Male,GOLD,0
471,23,6,104592.55,2,1,0,131736.23,0,2,485,Germany,Male,DIAMOND,0
705,24,7,100169.51,1,1,0,121408.55,0,1,566,France,Female,SILVER,0
701,23,3,0.0,2,1,0,38960.59,0,2,253,France,Male,PLATINUM,0
753,50,4,0.0,2,1,1,861.4,0,5,464,France,Female,PLATINUM,0
506,34,7,0.0,2,0,0,115842.1,0,1,929,France,Male,DIAMOND,0
601,44,3,0.0,2,1,0,30607.11,0,4,319,France,Male,SILVER,0
678,23,10,115563.71,1,1,1,91633.53,0,3,297,Germany,Male,DIAMOND,0
719,69,3,0.0,2,1,1,58320.06,0,4,489,France,Male,SILVER,0
564,35,9,0.0,2,1,1,105837.38,0,4,505,Spain,Female,GOLD,0
657,57,8,107174.58,1,1,1,126369.55,1,2,288,Germany,Male,SILVER,1
522,32,8,124450.36,2,1,1,165786.1,0,3,721,Germany,Male,GOLD,0
530,36,2,0.0,2,1,1,14721.8,0,5,972,Spain,Female,GOLD,0
662,42,6,105021.28,1,1,0,48242.38,0,4,313,Spain,Female,PLATINUM,0
749,30,1,0.0,2,0,1,126551.65,0,1,427,France,Male,SILVER,0
611,51,1,122874.74,1,1,1,149648.45,0,1,247,Spain,Male,PLATINUM,0
725,29,6,0.0,2,1,1,190776.83,0,4,826,France,Female,SILVER,0
835,47,5,108289.28,2,1,1,45859.55,1,5,787,Germany,Female,GOLD,1
562,31,2,112708.2,1,0,1,186370.3,0,5,249,Germany,Male,SILVER,0
657,67,5,119785.47,2,1,1,107534.32,0,1,876,Spain,Male,PLATINUM,0
730,39,1,99010.67,1,1,0,194945.8,0,5,260,France,Female,GOLD,0
624,37,0,0.0,2,0,0,112104.55,0,5,925,France,Male,GOLD,0
506,37,5,0.0,2,1,1,127543.81,0,4,837,France,Male,SILVER,0
605,27,9,0.0,2,1,0,198091.81,0,3,580,France,Male,PLATINUM,0
509,35,8,0.0,2,0,1,67431.28,0,3,825,France,Male,GOLD,0
562,37,2,0.0,1,0,1,52525.15,1,3,231,France,Male,PLATINUM,1
771,66,7,143773.07,1,1,1,130827.88,0,2,625,France,Female,DIAMOND,0
576,55,6,44582.07,3,0,1,67539.85,1,3,619,France,Female,GOLD,1
686,43,2,134896.03,1,1,1,97847.05,0,4,541,Germany,Male,PLATINUM,0
722,37,2,0.0,1,0,0,120906.83,0,4,625,France,Male,GOLD,0
640,44,3,137148.68,1,1,0,92381.01,0,1,351,France,Male,PLATINUM,0
663,46,6,95439.4,1,1,1,21038.58,1,4,825,Germany,Female,DIAMOND,1
828,37,4,0.0,2,1,0,94845.45,0,4,652,France,Male,PLATINUM,0
701,59,7,0.0,2,0,1,27597.59,0,4,387,Spain,Male,SILVER,0
655,47,10,0.0,2,1,0,167778.62,0,2,989,France,Female,SILVER,0
754,45,6,0.0,1,1,0,73881.68,1,2,560,France,Female,SILVER,1
600,39,7,88477.36,2,1,0,58632.37,0,5,877,Germany,Female,GOLD,0
616,36,10,78249.53,1,1,0,136934.91,0,4,789,Germany,Female,SILVER,0
824,30,0,133634.02,1,1,1,162053.92,0,1,977,France,Male,PLATINUM,0
427,37,5,0.0,2,1,1,121485.1,0,2,869,France,Male,PLATINUM,0
577,31,6,0.0,1,1,1,196395.25,0,4,458,Spain,Male,GOLD,0
587,45,8,134980.74,1,1,1,123309.57,1,1,314,Germany,Female,SILVER,1
850,30,8,154870.28,1,1,1,54191.38,0,5,690,Germany,Female,PLATINUM,0
575,22,8,105229.34,1,1,1,34397.08,0,1,806,Spain,Female,GOLD,0
660,38,6,109869.32,1,1,1,154641.91,0,3,688,Spain,Male,PLATINUM,0
617,34,0,131244.65,2,1,0,183229.02,0,5,933,France,Female,DIAMOND,0
622,58,7,116922.25,1,1,0,120415.61,1,2,475,Germany,Female,GOLD,1
812,39,5,115730.71,3,1,1,185599.34,1,1,380,Germany,Male,SILVER,1
693,36,8,178111.82,1,0,0,58719.63,1,2,447,France,Male,SILVER,1
515,33,2,0.0,2,1,1,136028.97,0,4,625,France,Male,PLATINUM,0
633,35,10,0.0,2,1,0,65675.47,0,1,898,France,Male,DIAMOND,0
700,32,8,110923.15,2,1,1,161845.81,1,2,635,France,Female,SILVER,1
612,76,6,96166.88,1,1,1,191393.26,0,5,693,Germany,Male,DIAMOND,0
619,56,7,0.0,2,1,1,42442.21,0,1,652,Spain,Female,PLATINUM,0
479,47,6,121797.09,1,0,1,5811.9,1,2,451,France,Male,PLATINUM,1
636,43,6,0.0,2,1,0,43128.95,0,5,748,France,Male,PLATINUM,0
606,34,3,161572.24,1,0,1,191076.22,0,3,893,Spain,Male,PLATINUM,0
548,46,1,0.0,1,1,1,104469.06,1,4,842,France,Female,SILVER,1
718,39,2,0.0,1,1,1,52138.49,0,2,431,Spain,Female,PLATINUM,0
672,40,10,102980.44,1,1,0,1285.81,1,2,568,Germany,Male,SILVER,1
572,47,2,0.0,2,1,0,36099.7,0,4,991,France,Female,GOLD,0
551,43,7,0.0,2,1,0,178393.68,0,1,972,France,Male,PLATINUM,0
660,43,1,0.0,1,0,1,112026.1,1,5,720,France,Female,DIAMOND,1
680,37,4,0.0,2,1,0,61240.87,0,3,801,France,Male,SILVER,0
546,25,7,127728.24,2,1,1,105279.74,0,5,917,Spain,Male,SILVER,0
671,34,10,153360.02,1,1,0,140509.86,0,4,761,Spain,Male,SILVER,0
675,32,10,0.0,2,1,0,191545.65,0,3,610,Spain,Male,GOLD,0
733,48,7,85915.52,1,1,1,23860.5,0,2,857,Germany,Male,GOLD,0
815,35,4,0.0,2,0,1,198490.33,0,2,680,France,Male,DIAMOND,0
579,31,9,0.0,1,0,1,139048.0,0,5,779,France,Male,SILVER,0
577,43,3,0.0,2,1,1,135008.92,0,2,524,Spain,Male,PLATINUM,0
824,26,7,146266.0,1,1,0,21903.62,1,2,867,France,Male,GOLD,1
699,31,8,125927.51,2,1,0,147661.47,0,2,240,Spain,Male,PLATINUM,0
721,41,2,0.0,2,1,0,168219.75,0,4,672,France,Male,SILVER,0
683,34,9,114609.55,2,0,1,25339.29,0,5,739,Spain,Male,DIAMOND,0
623,40,6,0.0,2,1,1,66119.07,0,5,742,France,Male,PLATINUM,0
706,34,0,140641.26,2,1,1,77271.91,0,3,288,Germany,Male,GOLD,0
533,47,9,83347.25,1,1,1,137696.25,0,5,418,France,Male,PLATINUM,0
521,30,2,107316.09,1,1,0,64299.82,0,2,945,France,Male,SILVER,0
660,33,1,0.0,2,0,0,117834.91,0,1,485,Spain,Female,PLATINUM,0
550,31,5,142200.19,2,1,1,122221.71,0,4,878,France,Male,PLATINUM,0
678,43,5,102338.19,1,1,1,79649.62,0,3,859,France,Male,PLATINUM,0
715,34,9,102277.52,1,0,0,177852.57,1,2,338,Germany,Female,SILVER,1
678,32,5,0.0,2,1,0,90284.47,0,2,783,France,Female,GOLD,0
548,32,2,172448.77,1,1,0,188083.77,1,2,374,France,Female,GOLD,1
568,28,5,145105.64,2,1,0,185489.11,0,5,975,France,Male,GOLD,0
512,36,3,84327.77,2,1,0,17675.36,0,5,727,France,Female,PLATINUM,0
479,35,9,92833.89,1,1,0,99449.86,1,3,328,Germany,Male,DIAMOND,1
684,31,8,0.0,2,1,0,188637.05,0,4,515,Spain,Female,SILVER,0
684,45,6,148071.39,1,1,0,183575.01,0,3,895,France,Male,DIAMOND,0
512,31,6,0.0,2,1,0,168462.26,0,1,264,Spain,Male,SILVER,0
691,21,3,103000.94,1,1,1,104648.58,0,3,346,Spain,Male,SILVER,0
647,47,5,105603.21,2,1,1,157360.9,0,1,364,Spain,Male,DIAMOND,0
547,38,5,167539.97,1,0,1,159207.34,0,5,662,France,Female,PLATINUM,0
797,59,4,129321.44,1,1,1,93624.55,0,3,245,Spain,Male,GOLD,0
727,59,5,152581.06,1,1,0,71830.1,1,4,599,Germany,Male,PLATINUM,1
757,46,0,0.0,2,1,0,37460.05,0,5,748,France,Male,DIAMOND,0
410,50,2,102278.79,2,1,0,89822.48,0,5,749,Germany,Female,PLATINUM,0
687,36,4,97157.96,1,0,1,63185.05,0,2,817,France,Female,PLATINUM,0
850,51,3,109799.55,2,1,1,12457.76,1,3,974,Spain,Male,PLATINUM,1
666,33,2,147229.65,1,1,1,56410.17,0,3,509,France,Female,SILVER,0
583,51,6,125268.03,2,1,0,165082.25,0,4,837,France,Male,PLATINUM,0
663,36,6,77253.5,1,0,0,35817.97,1,5,944,Germany,Female,PLATINUM,1
692,45,6,152296.83,4,0,1,108040.86,1,4,489,Germany,Male,DIAMOND,1
549,31,9,135020.21,2,1,1,23343.18,0,2,803,Germany,Female,DIAMOND,0
813,34,0,0.0,2,1,0,43169.15,0,2,505,France,Male,DIAMOND,0
769,73,1,0.0,1,1,1,29792.11,0,3,415,France,Female,DIAMOND,0
563,57,6,0.0,2,1,1,39297.48,0,2,263,Spain,Male,DIAMOND,0
739,42,2,141642.92,2,1,0,172149.76,0,2,271,France,Male,DIAMOND,0
694,37,10,143835.47,1,0,1,33326.71,0,1,992,France,Male,PLATINUM,0
627,57,9,0.0,2,1,1,107712.42,0,2,333,France,Female,PLATINUM,0
829,50,7,0.0,2,0,1,178458.86,0,2,332,Spain,Male,SILVER,0
668,34,0,0.0,1,0,0,99984.86,0,1,865,Spain,Male,GOLD,0
515,65,7,92113.61,1,1,1,142548.33,0,5,802,France,Male,PLATINUM,0
532,44,3,148595.55,1,1,0,74838.64,1,1,955,France,Male,PLATINUM,1
508,54,10,0.0,1,1,1,175749.36,0,3,661,Spain,Male,GOLD,0
704,36,3,114370.41,1,0,1,66810.48,0,3,268,France,Male,PLATINUM,0
794,33,0,0.0,2,0,0,178122.71,0,1,755,France,Male,DIAMOND,0
678,26,1,0.0,2,1,0,45443.68,0,5,278,France,Female,DIAMOND,0
822,46,3,115074.02,2,1,0,26249.86,0,4,649,Germany,Female,GOLD,0
757,30,6,161378.02,1,0,0,71926.28,1,5,878,Germany,Female,DIAMOND,1
639,38,5,0.0,2,0,0,93716.38,0,2,539,France,Female,PLATINUM,0
793,63,4,103729.79,2,1,1,80272.06,0,3,650,France,Male,DIAMOND,0
850,28,9,97408.03,1,1,1,175853.64,0,3,962,Spain,Male,GOLD,0
703,35,5,140691.08,2,1,0,167810.26,0,3,811,Germany,Male,PLATINUM,0
790,37,6,0.0,2,1,1,119484.01,0,4,413,Spain,Male,GOLD,0
665,40,1,173432.55,1,0,1,116766.79,0,5,870,Spain,Female,PLATINUM,0
434,55,6,0.0,1,0,1,73562.05,1,5,821,Spain,Male,PLATINUM,1
750,36,8,112940.07,1,0,1,9855.81,0,3,447,Spain,Female,GOLD,0
635,27,8,127471.56,1,1,1,152916.05,1,5,476,France,Female,DIAMOND,1
817,58,3,114327.59,2,1,1,42831.11,0,3,262,Germany,Male,DIAMOND,0
696,31,8,0.0,2,0,0,191074.11,0,4,665,France,Female,SILVER,0
621,42,8,68683.68,1,1,1,74157.71,0,4,642,Spain,Male,SILVER,0
773,39,4,0.0,2,0,1,182081.45,0,2,545,Spain,Female,GOLD,0
616,43,7,95984.21,1,0,1,115262.54,1,1,564,Germany,Female,GOLD,1
638,29,9,103417.74,1,1,1,15336.4,0,4,492,France,Female,SILVER,0
718,38,7,0.0,2,1,0,38308.34,0,2,680,France,Male,SILVER,0
731,70,3,0.0,2,1,1,141180.66,0,2,409,Spain,Male,DIAMOND,0
555,24,2,0.0,2,0,1,197866.55,0,4,347,Spain,Female,GOLD,0
488,22,6,0.0,2,1,1,66393.89,0,4,826,France,Female,SILVER,0
701,63,3,120916.52,3,0,0,144727.45,1,1,566,Germany,Male,DIAMOND,1
565,46,7,135369.71,1,0,1,140130.22,0,1,829,France,Male,DIAMOND,0
600,28,2,116623.31,1,0,1,59905.29,0,1,589,Germany,Male,DIAMOND,0
705,44,0,184552.12,1,1,0,68860.3,1,3,295,Spain,Male,DIAMOND,1
745,36,8,67226.37,1,1,0,130789.6,0,2,296,France,Male,DIAMOND,0
593,32,10,158537.42,1,1,0,166850.57,0,5,584,Spain,Male,SILVER,0
544,29,1,118560.55,1,1,1,164137.36,0,3,796,France,Female,GOLD,0
711,81,6,0.0,2,1,1,72276.24,0,4,774,France,Female,SILVER,0
709,39,9,124723.92,1,1,0,73641.86,0,2,526,Germany,Female,SILVER,0
674,27,4,111568.01,1,0,1,22026.18,0,4,666,Germany,Female,DIAMOND,0
507,29,4,89349.47,2,0,0,180626.68,0,3,889,France,Female,GOLD,0
648,42,2,98795.61,2,1,0,89123.99,0,5,365,Spain,Male,GOLD,0
663,45,5,83195.12,1,1,1,48682.1,0,2,290,France,Male,GOLD,0
745,33,1,0.0,2,1,1,174431.01,0,1,552,France,Female,DIAMOND,0
756,41,2,124439.49,2,0,1,47093.11,0,4,938,Germany,Male,PLATINUM,0
731,39,2,0.0,2,1,0,136737.13,0,2,665,Spain,Female,SILVER,0
584,42,3,137479.13,1,1,0,25669.1,0,3,534,Germany,Male,PLATINUM,0
608,31,7,79962.92,2,1,0,60901.72,0,4,898,France,Male,SILVER,0
559,32,9,145303.52,1,1,0,103560.98,0,2,450,France,Male,PLATINUM,0
622,33,3,96926.12,2,1,0,48553.77,0,2,776,Germany,Male,PLATINUM,0
540,40,3,165298.12,1,0,1,199862.75,0,4,656,France,Female,GOLD,0
649,47,8,110783.28,1,1,1,71420.16,0,3,768,Spain,Female,PLATINUM,0
769,31,4,61297.05,2,1,1,7118.02,0,4,311,France,Male,DIAMOND,0
640,45,1,0.0,1,1,1,10908.33,0,4,391,France,Male,PLATINUM,0
570,29,4,122028.65,2,1,1,173792.77,0,3,456,Germany,Male,GOLD,0
512,41,8,145150.28,1,1,0,64869.32,1,4,358,France,Female,SILVER,1
624,80,3,0.0,1,1,1,65801.44,0,1,387,France,Male,PLATINUM,0
661,26,8,0.0,2,0,0,196875.87,0,4,547,France,Male,GOLD,0
850,31,4,164672.66,1,0,1,61936.1,0,1,519,Germany,Female,PLATINUM,0
828,42,10,0.0,1,1,1,186071.14,0,1,526,Spain,Male,PLATINUM,0
787,25,5,0.0,2,1,0,47307.9,0,4,754,France,Male,DIAMOND,0
757,43,5,131433.33,2,1,1,3497.43,1,1,468,Germany,Female,GOLD,1
850,39,6,0.0,2,1,0,103921.43,0,3,491,Spain,Female,GOLD,0
529,35,5,95772.97,1,1,1,112781.5,0,5,619,Spain,Male,DIAMOND,0
500,34,4,0.0,2,1,0,12833.96,0,2,747,France,Female,DIAMOND,0
588,33,9,150186.22,2,1,1,65611.01,0,3,485,Germany,Male,SILVER,0
669,29,7,146011.4,1,0,0,50249.16,0,1,381,France,Female,DIAMOND,0
715,35,3,0.0,1,1,1,152012.36,0,4,917,France,Female,GOLD,0
601,44,1,100486.18,2,1,1,62678.53,0,1,650,France,Male,GOLD,0
555,46,4,120392.99,1,1,0,177719.88,1,5,594,Germany,Female,SILVER,1
599,35,6,137102.65,1,0,0,76870.81,0,1,620,Spain,Male,SILVER,0
698,52,8,96781.39,1,1,1,153373.71,0,1,629,Germany,Male,GOLD,0
637,35,8,147127.81,2,1,1,84760.7,0,2,792,Germany,Male,GOLD,0
641,32,5,122947.92,1,1,1,99154.86,0,1,977,Germany,Male,SILVER,0
643,48,8,0.0,2,1,0,174729.3,0,1,976,Spain,Male,SILVER,0
603,35,1,105346.03,2,1,1,130379.5,0,5,701,Germany,Male,SILVER,0
586,46,8,106968.96,1,1,1,79366.98,1,4,827,Germany,Male,PLATINUM,1
837,37,6,94001.61,2,1,0,140723.05,0,2,594,Germany,Male,SILVER,0
645,42,4,98298.18,1,1,1,676.06,0,4,234,France,Male,DIAMOND,0
580,33,7,131647.01,2,0,0,79775.19,0,2,769,Germany,Female,PLATINUM,0
667,42,6,0.0,1,1,0,88890.05,0,3,905,France,Male,PLATINUM,0
620,29,9,0.0,2,1,0,13133.88,0,4,367,Spain,Male,PLATINUM,0
704,36,7,120026.98,2,0,1,100601.73,0,1,348,France,Male,GOLD,0
706,53,3,0.0,3,0,0,88479.02,1,3,390,Spain,Female,SILVER,1
500,44,9,160838.13,2,1,0,196261.64,0,2,978,Germany,Male,SILVER,0
625,52,5,164978.01,1,1,1,67788.49,0,3,482,France,Male,PLATINUM,0
511,48,6,149726.08,1,0,0,88307.87,1,2,527,Germany,Male,GOLD,1
621,40,7,0.0,2,0,1,131283.6,1,4,499,Spain,Female,PLATINUM,1
850,40,0,0.0,2,1,0,1099.95,0,4,980,France,Female,PLATINUM,0
629,49,4,0.0,2,1,1,196335.48,0,5,921,France,Female,PLATINUM,0
691,33,1,128306.83,1,1,1,113580.79,0,2,459,France,Female,PLATINUM,0
466,36,5,119540.15,1,0,1,80603.99,0,1,513,France,Female,PLATINUM,0
647,33,7,121260.19,2,1,0,77216.48,0,1,335,Spain,Male,PLATINUM,0
627,49,4,111087.5,1,0,1,146680.25,0,5,900,Spain,Male,SILVER,0
670,30,3,133446.34,1,0,0,3154.95,0,5,317,Spain,Male,GOLD,0
620,42,1,0.0,2,0,1,65565.92,0,2,615,France,Female,PLATINUM,0
549,31,4,0.0,2,0,1,25684.85,0,1,427,France,Male,PLATINUM,0
769,27,7,188614.07,1,1,0,171344.09,0,1,883,Germany,Male,GOLD,0
729,42,1,0.0,2,1,1,149535.97,0,5,263,Spain,Female,SILVER,0
748,40,0,0.0,1,0,0,60416.76,0,4,724,France,Male,SILVER,0
751,29,1,135536.5,1,1,0,66825.33,0,5,275,France,Male,GOLD,0
610,36,4,129440.3,2,1,0,102638.35,0,4,975,France,Male,PLATINUM,0
690,54,1,144027.8,1,1,1,108731.02,1,5,480,Germany,Female,SILVER,1
700,29,8,0.0,2,0,1,152097.02,0,4,255,Spain,Male,GOLD,0
850,38,1,146343.98,1,0,1,103902.11,0,4,973,Spain,Male,GOLD,0
633,33,3,0.0,2,1,0,191111.02,0,5,674,France,Female,PLATINUM,0
577,40,1,0.0,2,1,1,108787.0,0,1,530,Spain,Female,GOLD,0
615,35,2,97440.02,2,1,1,139816.1,0,3,287,France,Female,SILVER,0
490,37,3,116465.53,1,0,1,24435.77,0,5,645,France,Female,SILVER,0
675,36,9,106190.55,1,0,1,22994.32,0,4,749,Spain,Male,SILVER,0
552,45,9,0.0,2,1,0,26752.56,0,2,723,Spain,Male,DIAMOND,0
655,50,10,0.0,4,1,0,179267.94,1,1,889,France,Female,GOLD,1
595,43,5,0.0,2,0,0,105149.8,0,1,430,Spain,Female,SILVER,0
660,31,9,125189.75,2,1,1,139874.43,0,5,612,Germany,Male,GOLD,0
809,41,1,79706.25,2,1,0,165675.01,0,5,464,Germany,Male,DIAMOND,0
623,23,1,106012.2,2,0,1,191415.94,0,2,919,France,Male,GOLD,0
684,48,3,73309.38,1,0,0,21228.34,1,3,579,France,Female,DIAMOND,1
650,31,1,160566.11,2,0,0,27073.81,0,1,404,France,Female,DIAMOND,0
535,38,8,127475.24,1,0,0,60775.76,1,2,785,Germany,Male,SILVER,1
477,27,1,128554.98,1,1,1,133173.19,0,1,248,France,Male,PLATINUM,0
695,44,8,0.0,2,1,1,70974.13,0,2,544,Spain,Male,DIAMOND,0
847,37,9,112712.17,1,1,0,116097.26,0,1,355,Spain,Female,GOLD,0
764,39,5,81042.42,1,0,1,109805.17,0,4,225,France,Female,DIAMOND,0
640,26,5,90402.77,1,1,1,3298.65,0,5,412,Germany,Male,DIAMOND,0
750,37,1,133199.71,2,1,1,27366.77,0,4,959,Germany,Female,PLATINUM,0
614,36,5,0.0,2,1,0,130610.78,0,1,877,Spain,Male,GOLD,0
701,37,3,0.0,2,1,1,164268.28,0,5,647,France,Female,GOLD,0
661,35,5,0.0,1,1,0,155394.52,0,1,698,France,Male,GOLD,0
515,48,5,129387.94,1,0,1,147955.91,1,3,269,France,Male,SILVER,1
607,37,4,135927.06,1,0,0,180890.4,0,1,476,Germany,Female,PLATINUM,0
608,62,8,144976.5,1,0,0,175836.03,1,1,836,France,Female,GOLD,1
630,29,6,131354.39,1,0,1,9324.31,1,4,846,Germany,Male,SILVER,1
511,58,0,149117.31,1,1,1,162599.51,0,1,517,France,Male,GOLD,0
784,33,10,0.0,2,1,0,162022.47,0,3,562,Spain,Male,PLATINUM,0
725,45,1,129855.32,1,0,0,24218.65,0,2,917,France,Male,SILVER,0
551,30,2,143340.44,1,1,0,145796.49,0,2,911,Germany,Female,DIAMOND,0
613,29,0,0.0,2,0,1,133897.32,0,5,291,Spain,Male,SILVER,0
606,47,3,93578.68,2,0,1,137720.56,1,5,537,France,Male,GOLD,1
521,77,6,0.0,2,1,1,49054.1,0,4,366,France,Female,DIAMOND,0
613,69,9,78778.49,1,0,1,8751.59,0,2,680,Germany,Male,GOLD,0
567,45,1,157320.51,1,1,0,62193.92,0,4,630,Spain,Female,PLATINUM,0
650,39,4,0.0,2,0,0,186275.7,0,2,802,France,Female,DIAMOND,0
741,19,8,108711.57,2,1,0,24857.25,0,3,812,Germany,Female,SILVER,0
579,39,3,166501.17,2,1,0,93835.64,0,2,340,France,Female,PLATINUM,0
752,38,10,101648.5,2,1,0,172001.44,0,1,296,Germany,Female,PLATINUM,0
643,20,0,133313.34,1,1,1,3965.69,0,2,948,Spain,Female,DIAMOND,0
594,61,3,62391.22,1,1,1,192434.11,0,4,968,France,Male,SILVER,0
513,30,5,0.0,2,1,0,162523.66,0,2,444,France,Male,DIAMOND,0
656,34,6,59877.33,1,1,0,14032.62,1,5,248,Spain,Female,SILVER,1
778,35,1,151958.19,3,1,1,131238.37,1,4,420,Germany,Female,GOLD,1
561,56,7,152759.0,2,1,0,133167.11,1,2,377,France,Male,GOLD,1
499,38,9,0.0,2,0,1,183042.2,0,2,642,France,Female,GOLD,0
520,39,6,145644.05,1,0,0,104118.93,0,3,467,France,Female,PLATINUM,0
350,51,10,0.0,1,1,1,125823.79,1,4,383,France,Male,GOLD,1
584,28,10,0.0,2,1,0,19834.32,0,3,706,France,Male,GOLD,0
628,55,7,0.0,3,1,0,85890.75,1,3,791,Spain,Female,DIAMOND,1
651,40,4,0.0,2,1,1,147715.83,0,5,771,France,Male,SILVER,0
513,43,9,0.0,2,1,0,152499.8,0,1,301,France,Female,SILVER,0
596,48,2,131326.47,1,0,0,1140.02,1,2,912,Germany,Male,DIAMOND,1
469,37,9,96776.49,1,1,1,119890.86,0,4,406,Spain,Male,PLATINUM,0
696,31,3,150604.52,1,0,0,5566.6,0,5,326,Germany,Male,PLATINUM,0
717,22,6,101060.25,1,0,1,84699.56,0,2,666,Spain,Female,GOLD,0
711,38,2,129022.06,2,1,1,14374.86,1,4,321,France,Female,DIAMOND,1
678,48,2,0.0,2,1,1,32301.88,0,2,870,France,Female,GOLD,0
605,48,10,150315.92,1,0,1,133486.36,0,4,653,Spain,Female,GOLD,0
420,31,1,108377.75,2,1,1,9904.63,0,2,593,Germany,Female,DIAMOND,0
631,33,7,0.0,1,1,1,58043.02,1,2,715,France,Male,SILVER,1
713,32,1,117094.02,1,0,0,149558.83,1,3,829,France,Female,PLATINUM,1
608,42,8,131390.75,2,1,0,71178.09,0,1,246,Germany,Male,SILVER,0
775,36,2,109949.05,2,0,1,71682.54,0,1,826,Germany,Male,GOLD,0
714,54,7,126113.28,1,1,0,112777.38,0,3,699,France,Male,GOLD,0
658,31,3,133003.03,1,0,1,146339.27,1,3,879,Germany,Female,SILVER,1
834,34,5,0.0,2,0,0,53437.1,0,5,709,Spain,Male,GOLD,0
677,26,6,98723.67,1,0,1,151146.67,0,5,425,Germany,Female,GOLD,0
494,25,6,0.0,2,0,1,109988.09,0,1,376,France,Male,PLATINUM,0
806,30,8,168078.83,1,1,0,85028.36,1,1,709,Germany,Male,PLATINUM,1
601,35,2,0.0,2,1,1,118983.18,0,5,552,France,Male,PLATINUM,0
592,62,5,0.0,1,1,1,100941.57,0,1,938,France,Female,PLATINUM,0
751,39,3,0.0,2,1,1,84175.34,0,4,254,France,Female,DIAMOND,0
601,42,4,96763.89,1,1,1,199242.65,0,2,235,Spain,Female,PLATINUM,0
578,35,2,0.0,2,0,1,26389.92,0,1,579,France,Female,SILVER,0
650,23,5,0.0,1,1,1,180622.43,0,3,918,Spain,Female,GOLD,0
705,57,3,0.0,2,1,1,34134.14,0,4,778,Spain,Female,PLATINUM,0
656,46,7,141535.52,1,1,0,50595.15,1,1,806,Germany,Female,GOLD,1
645,45,4,0.0,1,0,1,174916.85,1,5,668,Spain,Male,PLATINUM,1
507,35,2,0.0,2,1,0,97633.93,0,4,412,France,Female,DIAMOND,0
454,40,2,123177.01,1,1,0,148309.98,0,1,247,Spain,Male,SILVER,0
711,53,5,123805.03,1,1,0,102428.51,0,5,806,Germany,Female,GOLD,0
741,39,7,143637.58,2,0,1,174227.66,0,4,437,Spain,Male,PLATINUM,0
633,33,4,92855.02,1,1,1,159813.18,0,3,804,Spain,Female,SILVER,0
565,38,7,145400.69,2,1,1,83844.79,0,2,289,Germany,Female,GOLD,0
655,34,1,116114.93,1,1,1,49492.15,0,5,601,Spain,Male,GOLD,0
699,31,6,114493.68,1,0,0,138396.32,0,4,351,Spain,Male,DIAMOND,0
625,31,8,0.0,2,1,0,151843.54,0,2,617,Spain,Female,SILVER,0
606,40,9,95293.86,2,0,1,96985.58,0,4,408,Germany,Male,PLATINUM,0
647,64,1,91216.0,1,1,1,41800.18,0,1,402,Spain,Female,DIAMOND,0
589,55,7,119961.48,1,1,0,65156.83,1,5,248,Germany,Male,PLATINUM,1
652,38,6,0.0,2,1,1,145700.22,0,2,691,France,Male,PLATINUM,0
732,61,9,94867.18,2,1,1,157527.6,1,3,507,Germany,Female,GOLD,1
691,29,9,0.0,2,0,0,199635.93,0,4,728,France,Female,GOLD,0
680,30,4,108300.27,2,0,1,44384.57,1,3,860,Germany,Male,DIAMOND,1
609,40,10,137389.77,2,1,0,170122.22,0,1,988,Germany,Female,GOLD,0
415,53,5,167259.44,1,1,1,22357.25,0,2,929,Spain,Male,DIAMOND,0
727,31,0,0.0,1,1,0,121751.04,1,2,274,Spain,Female,SILVER,1
508,49,1,93817.41,2,1,1,132468.76,1,5,757,France,Male,DIAMOND,1
551,54,5,102994.04,1,1,0,176680.16,1,2,289,Germany,Male,DIAMOND,1
655,41,8,125561.97,1,0,0,164040.94,1,3,343,Germany,Male,SILVER,1
729,29,5,109676.52,1,1,1,25548.47,0,4,790,Germany,Male,PLATINUM,0
568,46,8,150836.92,1,0,0,64516.8,1,2,525,Germany,Male,DIAMOND,1
452,35,4,148172.44,1,1,1,4175.68,0,3,939,France,Male,GOLD,0
685,33,1,0.0,3,0,1,70221.13,1,3,797,France,Female,PLATINUM,1
667,40,8,72945.29,2,1,0,98931.5,0,3,616,France,Male,SILVER,0
680,30,3,0.0,1,1,0,160131.58,0,4,916,Spain,Female,GOLD,0
740,33,2,126524.11,1,1,0,136869.31,0,1,464,Germany,Male,GOLD,0
644,44,5,73348.56,1,1,0,157166.79,1,5,354,France,Male,GOLD,1
511,29,9,0.0,2,0,1,140676.98,0,4,390,Spain,Female,DIAMOND,0
629,34,1,121151.05,1,0,0,119357.93,0,1,938,Spain,Male,PLATINUM,0
708,46,7,68799.72,1,1,1,39704.14,0,5,287,Spain,Male,PLATINUM,0
577,41,4,89015.61,1,0,1,135227.23,0,4,719,Spain,Male,DIAMOND,0
655,37,5,93147.0,2,1,0,66214.13,0,1,435,France,Male,GOLD,0
564,28,1,0.0,1,1,1,162428.05,0,3,434,France,Female,PLATINUM,0
850,47,4,99219.47,2,1,1,122141.13,0,1,630,Germany,Female,GOLD,0
729,44,6,0.0,2,1,0,151733.43,0,3,807,France,Male,GOLD,0
790,33,10,135120.72,1,0,0,195204.99,0,3,522,France,Female,DIAMOND,0
648,44,9,111369.79,2,1,1,91947.74,0,1,600,Germany,Male,PLATINUM,0
776,39,8,125211.55,2,1,0,144496.07,0,3,476,France,Male,SILVER,0
592,54,8,0.0,1,1,1,28737.71,1,2,359,France,Male,PLATINUM,1
619,38,6,0.0,2,1,1,117616.29,0,5,968,Spain,Female,GOLD,0
548,39,7,131468.44,1,1,0,164975.82,0,1,668,Spain,Male,DIAMOND,0
649,37,8,114737.26,1,1,1,106655.88,1,1,381,Germany,Female,DIAMOND,1
580,61,8,125921.37,1,1,1,94677.83,0,5,700,Spain,Male,DIAMOND,0
498,30,1,0.0,2,0,0,135795.53,0,5,371,France,Female,GOLD,0
635,37,3,0.0,2,1,0,91086.73,0,2,413,Spain,Female,PLATINUM,0
834,49,2,131394.56,1,0,0,194365.76,1,2,567,France,Female,GOLD,1
614,66,2,0.0,2,0,1,180082.7,0,5,778,Spain,Male,SILVER,0
850,44,2,112755.34,2,0,0,158171.36,0,5,842,Germany,Male,SILVER,0
444,36,7,0.0,2,0,1,138743.86,0,5,488,France,Male,GOLD,0
664,36,6,71142.77,2,1,0,122433.09,0,3,856,Germany,Male,DIAMOND,0
741,35,6,74371.49,1,0,0,99595.67,0,2,295,Spain,Male,SILVER,0
710,47,5,158623.14,1,0,0,83499.89,1,2,720,France,Male,PLATINUM,1
606,40,6,119501.88,2,1,0,46774.94,0,3,313,France,Male,SILVER,0
593,32,6,99162.29,1,1,0,128384.11,0,5,501,France,Male,PLATINUM,0
746,36,7,142400.77,1,1,1,193438.69,0,4,452,France,Male,DIAMOND,0
634,31,8,76798.92,1,0,0,196021.73,0,4,373,Germany,Female,DIAMOND,0
644,50,9,76817.0,4,1,0,196371.13,1,4,381,France,Male,PLATINUM,1
799,63,1,110314.21,2,1,0,37464.0,1,3,982,France,Female,GOLD,1
565,58,3,108888.24,3,0,1,135875.51,1,3,936,Germany,Female,PLATINUM,1
726,29,7,0.0,2,1,1,91844.14,1,4,525,France,Male,DIAMOND,1
621,39,8,0.0,2,1,0,36122.96,0,2,399,Spain,Male,PLATINUM,0
690,44,9,100368.63,2,0,0,35342.33,0,3,652,Germany,Male,DIAMOND,0
606,48,4,132403.56,1,0,0,36091.91,1,2,239,Germany,Male,SILVER,1
624,48,3,122388.38,2,0,0,30020.09,0,2,300,Germany,Female,PLATINUM,0
786,34,3,137361.96,1,0,0,183682.09,0,1,872,France,Male,SILVER,0
620,33,9,127638.35,1,1,1,192717.57,0,2,466,France,Female,DIAMOND,0
621,40,6,0.0,1,1,0,155155.25,0,5,959,France,Female,PLATINUM,0
850,40,4,97990.49,2,0,0,106691.02,0,1,251,Germany,Female,PLATINUM,0
740,37,7,0.0,2,1,1,194270.91,0,1,741,France,Female,DIAMOND,0
659,49,1,0.0,1,1,0,116249.72,1,4,219,France,Female,PLATINUM,1
586,34,5,168094.01,1,0,0,20058.61,0,3,287,Spain,Male,GOLD,0
636,67,7,136709.35,1,0,1,66753.1,1,5,756,Germany,Male,PLATINUM,1
551,36,5,0.0,1,1,0,183479.12,0,4,960,France,Female,PLATINUM,0
767,24,5,0.0,2,1,1,67445.85,0,4,900,Spain,Female,GOLD,0
798,38,4,129055.13,1,1,0,157147.59,0,2,879,Germany,Female,GOLD,0
502,42,8,159660.8,3,1,0,113931.57,1,3,377,France,Female,DIAMOND,1
479,35,2,113090.4,1,1,0,195649.79,0,4,889,France,Female,GOLD,0
687,35,9,0.0,2,0,1,73133.82,0,5,900,France,Male,PLATINUM,0
607,39,2,84468.67,2,1,1,121945.42,0,5,331,Germany,Male,SILVER,0
767,48,9,0.0,2,0,1,175458.21,0,5,741,France,Male,DIAMOND,0
601,46,3,98202.76,1,0,0,137763.93,0,5,642,France,Female,GOLD,0
702,26,4,135219.57,1,0,1,59747.63,0,4,267,Spain,Female,DIAMOND,0
668,30,8,0.0,2,1,0,138465.7,0,5,443,Spain,Female,PLATINUM,0
850,30,3,104911.35,2,1,1,42933.26,0,3,334,Germany,Female,PLATINUM,0
782,36,5,81210.72,2,0,1,108003.38,0,2,942,France,Male,SILVER,0
599,49,10,143888.22,2,1,1,166236.38,1,4,383,Germany,Female,SILVER,1
590,23,7,0.0,2,1,0,196789.9,0,1,469,Spain,Female,SILVER,0
712,23,2,0.0,2,0,1,66795.78,0,5,863,France,Male,PLATINUM,0
769,25,10,0.0,2,0,0,187925.75,0,3,865,France,Female,DIAMOND,0
632,29,7,80922.75,1,1,0,7820.78,0,2,434,Spain,Female,SILVER,0
651,26,5,147037.32,1,0,0,141763.26,0,5,637,Germany,Male,SILVER,0
773,37,2,103195.2,2,1,0,178268.36,0,4,890,Spain,Male,SILVER,0
527,30,6,126663.51,1,1,1,162267.91,0,4,617,Germany,Female,SILVER,0
705,50,4,77065.9,2,0,1,145159.26,0,4,726,France,Female,PLATINUM,0
735,55,6,134140.68,1,1,0,2267.88,0,4,425,France,Male,DIAMOND,0
666,40,5,0.0,2,1,0,147878.05,0,2,608,France,Male,PLATINUM,0
586,46,0,0.0,3,0,1,131553.82,1,1,272,France,Female,GOLD,1
633,32,1,104001.38,1,0,1,36642.65,0,3,511,France,Female,DIAMOND,0
431,42,8,120822.86,2,1,0,126153.24,0,5,712,Germany,Male,GOLD,0
508,25,2,111395.53,1,0,1,48197.06,0,5,337,France,Female,PLATINUM,0
567,41,0,134378.89,1,1,1,105746.94,0,5,624,Germany,Male,DIAMOND,0
624,46,3,0.0,2,1,1,62825.03,0,2,591,Spain,Male,SILVER,0
768,42,5,0.0,3,0,0,60686.4,0,1,265,France,Male,DIAMOND,0
619,55,0,0.0,3,0,0,60810.64,1,1,734,France,Female,DIAMOND,1
732,43,9,0.0,2,1,0,183147.17,0,4,292,France,Female,GOLD,0
777,39,8,0.0,2,1,1,18613.52,0,1,370,France,Male,PLATINUM,0
717,28,4,128206.79,1,1,1,54272.12,0,1,931,France,Male,SILVER,0
796,52,9,167194.36,1,1,1,62808.93,1,3,424,Germany,Female,PLATINUM,1
562,51,7,122822.0,2,0,0,32626.21,0,3,461,France,Female,GOLD,0
724,36,6,94615.11,2,1,1,10627.21,0,3,607,Germany,Male,GOLD,0
753,46,3,111512.75,3,1,0,159576.75,1,1,642,Germany,Female,DIAMOND,1
509,29,1,0.0,2,1,0,69113.14,0,2,321,Spain,Male,DIAMOND,0
633,46,3,0.0,2,1,0,120250.58,0,2,477,Spain,Female,DIAMOND,0
784,28,2,70233.74,2,1,1,179252.73,0,5,827,Germany,Male,GOLD,0
664,36,0,103502.22,1,1,1,146191.82,0,2,825,France,Female,SILVER,0
744,31,0,117551.23,1,1,0,158958.9,0,3,633,Spain,Male,PLATINUM,0
664,31,9,114519.57,2,0,1,79222.02,0,4,399,France,Female,SILVER,0
488,43,10,112751.13,1,1,1,28332.0,0,2,488,France,Male,PLATINUM,0
520,35,9,105387.89,1,1,1,25059.06,0,5,471,France,Male,DIAMOND,0
537,47,4,124192.28,2,1,1,50881.51,0,5,666,Germany,Female,SILVER,0
760,32,2,0.0,1,1,1,114565.35,0,4,625,Spain,Female,GOLD,0
689,38,5,75075.14,1,1,1,8651.92,1,4,731,Spain,Male,GOLD,1
578,28,8,161592.76,1,1,0,177834.79,0,2,336,Spain,Female,GOLD,0
583,27,4,105907.42,2,1,1,195732.04,0,5,267,Germany,Male,PLATINUM,0
616,40,9,0.0,2,0,0,93717.55,0,1,752,France,Male,SILVER,0
467,39,5,0.0,2,1,1,7415.96,0,5,994,Spain,Male,SILVER,0
756,39,3,100717.85,3,1,1,73406.04,1,1,439,Germany,Female,SILVER,1
816,34,2,108410.87,2,1,0,102908.91,0,4,555,Germany,Female,PLATINUM,0
505,35,8,116932.59,1,1,0,91092.84,0,4,671,Spain,Male,PLATINUM,0
629,32,2,0.0,2,0,1,77965.44,0,2,627,France,Male,SILVER,0
682,40,4,0.0,1,0,1,105352.55,0,1,334,France,Male,DIAMOND,0
439,43,8,0.0,1,0,1,104889.3,0,1,663,France,Female,GOLD,0
771,36,5,77846.9,1,0,0,99805.99,0,5,895,Germany,Female,PLATINUM,0
803,36,1,0.0,2,1,1,149370.93,0,3,986,France,Male,SILVER,0
592,27,3,0.0,2,1,1,19645.65,0,5,434,France,Male,PLATINUM,0
834,33,5,0.0,2,1,0,66285.18,0,1,746,Spain,Male,PLATINUM,0
479,40,1,0.0,2,0,0,114996.43,0,3,909,France,Male,SILVER,0
659,36,4,132578.92,2,1,0,84320.94,0,1,367,Germany,Male,DIAMOND,0
641,31,3,153316.14,1,1,0,59927.99,0,4,667,Spain,Male,DIAMOND,0
554,39,10,0.0,2,1,1,18391.93,0,2,565,France,Female,DIAMOND,0
675,33,6,0.0,2,1,0,34045.61,0,1,872,France,Female,DIAMOND,0
806,31,9,0.0,2,0,1,140168.36,0,4,315,France,Male,SILVER,0
766,34,6,106434.94,1,0,1,137995.66,1,1,384,Germany,Female,DIAMOND,1
850,33,8,73059.38,1,1,1,186281.0,0,5,430,France,Male,PLATINUM,0
574,54,1,99774.5,1,0,0,4896.11,1,5,222,Germany,Male,SILVER,1
850,45,5,174088.3,4,1,0,5669.31,1,1,240,Spain,Female,GOLD,1
658,20,7,0.0,2,0,0,187638.34,0,4,275,France,Male,DIAMOND,0
508,44,3,115451.05,2,0,0,67234.33,0,5,654,France,Male,GOLD,0
670,40,3,47364.45,1,1,1,148579.43,1,2,578,France,Female,PLATINUM,1
453,37,4,131834.76,2,1,0,8949.2,0,5,549,France,Female,DIAMOND,0
634,37,7,143258.85,2,1,0,192721.98,0,2,760,Germany,Female,DIAMOND,0
641,40,9,0.0,1,0,0,151648.66,1,5,832,France,Female,GOLD,1
842,37,4,132446.08,2,1,0,87071.18,1,4,304,France,Female,PLATINUM,1
814,31,1,118870.92,1,1,0,101704.19,0,3,400,France,Male,DIAMOND,0
700,30,4,116377.48,1,1,1,134417.31,0,1,635,Germany,Female,SILVER,0
668,46,2,0.0,3,1,0,89048.46,1,1,943,France,Female,DIAMOND,1
813,32,1,122889.88,1,1,1,26476.18,0,3,622,France,Male,DIAMOND,0
734,52,6,71283.09,2,0,1,38984.37,0,1,618,Germany,Female,SILVER,0
505,45,9,131355.3,3,1,0,195395.33,1,2,661,Spain,Female,PLATINUM,1
660,35,9,113948.58,1,1,0,188891.96,1,3,959,Germany,Male,PLATINUM,1
763,32,1,108465.65,2,1,0,60552.44,1,4,751,Germany,Female,GOLD,1
787,38,3,158373.23,1,1,1,28228.35,0,4,615,Germany,Female,PLATINUM,0
697,25,5,82931.85,2,1,1,128373.88,0,1,282,Spain,Female,PLATINUM,0
629,37,1,35549.81,2,0,0,49676.33,0,3,649,Germany,Female,PLATINUM,0
641,33,2,146193.6,2,1,1,55796.83,1,1,307,France,Male,DIAMOND,1
650,20,8,0.0,2,1,1,113469.65,0,4,776,Spain,Male,PLATINUM,0
614,35,1,0.0,2,1,1,3342.62,0,1,519,France,Female,GOLD,0
526,38,2,0.0,2,0,0,58010.98,0,5,708,Spain,Male,SILVER,0
833,39,3,0.0,2,1,0,1710.89,0,1,779,France,Female,DIAMOND,0
609,41,6,0.0,1,0,1,112585.19,0,4,887,France,Male,GOLD,0
844,38,7,111501.66,1,1,1,119333.38,0,5,962,France,Male,SILVER,0
586,38,6,0.0,2,1,1,37935.83,0,4,252,France,Female,PLATINUM,0
596,33,1,138162.81,1,1,0,85412.54,0,2,776,France,Female,DIAMOND,0
592,28,2,116498.22,1,1,0,144290.25,0,4,238,France,Male,DIAMOND,0
817,59,1,118962.58,1,1,1,120819.58,0,3,949,France,Male,GOLD,0
614,46,4,0.0,1,1,0,74379.57,1,5,445,France,Male,DIAMOND,1
635,29,8,138296.94,2,1,0,141075.51,0,1,608,Spain,Female,PLATINUM,0
437,26,1,120923.52,1,0,1,78854.57,0,2,310,France,Female,GOLD,0
591,33,9,131765.72,1,1,0,118782.06,0,5,597,France,Male,GOLD,0
684,41,7,0.0,1,1,1,138394.37,0,2,795,Spain,Female,SILVER,0
746,21,8,166883.07,2,0,1,194563.65,0,3,261,France,Female,GOLD,0
592,35,6,80285.16,1,1,0,72678.75,1,5,653,Spain,Male,DIAMOND,1
633,29,0,138577.34,1,1,0,193362.99,0,1,503,Germany,Female,DIAMOND,0
695,56,1,0.0,3,1,0,187734.49,1,2,231,Spain,Male,DIAMOND,1
680,31,10,113292.17,1,1,1,122639.73,0,3,714,France,Male,GOLD,0
721,28,9,154475.54,2,0,1,101300.94,1,5,541,Germany,Male,PLATINUM,1
808,24,4,122168.65,1,1,0,174107.04,0,4,233,France,Male,GOLD,0
629,29,6,0.0,2,1,1,88842.8,0,4,274,Spain,Male,PLATINUM,0
658,40,5,143566.12,1,1,1,189607.71,0,2,227,France,Female,PLATINUM,0
757,26,8,121581.56,2,1,1,127059.04,0,5,595,Germany,Male,SILVER,0
581,50,2,143829.2,2,1,0,181224.24,1,5,805,Germany,Male,DIAMOND,1
672,56,2,209767.31,2,1,1,150694.42,1,5,742,Spain,Female,PLATINUM,1
600,58,8,118723.11,1,0,0,6209.51,1,3,313,Germany,Female,SILVER,1
620,42,4,106920.91,1,0,1,119747.08,0,5,396,Spain,Male,GOLD,0
539,29,4,0.0,2,1,1,100919.19,0,5,281,France,Female,SILVER,0
743,40,8,68155.59,1,1,0,94876.65,0,1,413,France,Male,GOLD,0
777,46,0,107362.8,1,1,0,487.3,0,1,258,Germany,Female,SILVER,0
837,38,2,0.0,2,1,1,46395.21,0,4,459,France,Female,SILVER,0
850,42,6,84445.68,3,0,1,60021.34,1,1,411,Germany,Male,DIAMOND,1
685,43,9,0.0,2,1,0,107811.28,0,4,808,Spain,Male,SILVER,0
781,38,2,117810.79,1,0,1,65632.33,1,3,399,France,Male,SILVER,1
600,37,8,177657.35,1,1,1,77142.32,0,2,224,Spain,Male,GOLD,0
552,42,4,0.0,2,0,0,195692.3,0,3,785,Spain,Male,SILVER,0
642,36,4,0.0,2,1,1,195224.91,0,2,289,France,Male,PLATINUM,0
703,45,7,0.0,2,1,1,68831.72,0,1,662,France,Female,PLATINUM,0
713,24,7,147687.24,1,1,1,121592.5,0,2,306,Germany,Female,DIAMOND,0
644,38,3,0.0,2,1,1,79928.41,0,4,554,France,Male,SILVER,0
564,31,4,0.0,2,1,0,53520.03,0,4,363,France,Male,PLATINUM,0
778,33,5,116474.28,2,1,1,32757.55,0,2,445,Spain,Male,GOLD,0
608,30,8,0.0,2,1,0,128875.86,0,2,657,France,Female,GOLD,0
516,37,8,113143.12,1,0,0,3363.36,0,2,372,France,Female,DIAMOND,0
657,37,4,82500.28,1,1,1,115260.72,0,5,603,France,Male,SILVER,0
581,54,4,89299.81,1,0,0,5558.47,1,4,269,France,Male,PLATINUM,1
721,32,10,0.0,1,1,0,136119.96,1,5,579,Spain,Female,SILVER,1
850,42,9,113311.11,1,1,1,198193.75,0,1,988,France,Female,SILVER,0
766,45,6,97652.96,1,1,0,127332.33,0,2,883,Germany,Female,DIAMOND,0
750,22,3,121681.82,1,1,0,128643.35,1,2,852,Spain,Male,SILVER,1
488,33,4,140002.35,1,1,0,123613.81,0,1,935,Germany,Female,GOLD,0
518,38,10,84764.79,1,1,1,162253.9,0,4,289,France,Female,SILVER,0
704,41,4,109026.8,2,1,1,43117.1,0,2,345,Germany,Male,DIAMOND,0
850,35,2,128548.49,4,1,0,75478.95,1,3,507,France,Female,PLATINUM,1
537,47,6,103163.35,1,1,0,16259.64,1,3,367,Germany,Female,SILVER,1
552,38,10,132271.12,2,1,1,46562.02,0,1,925,Germany,Male,PLATINUM,0
609,53,10,0.0,1,1,1,154642.91,0,3,498,Spain,Male,SILVER,0
461,34,5,63663.93,1,0,1,167784.28,0,1,497,Germany,Female,SILVER,0
469,52,8,139493.25,3,0,0,150093.32,1,4,642,Germany,Female,GOLD,1
647,33,3,168560.46,2,0,0,90270.16,0,2,226,Germany,Female,DIAMOND,0
748,33,1,142645.43,1,0,0,69132.66,0,5,848,France,Male,GOLD,0
756,41,6,149049.92,1,0,1,50422.36,1,4,783,Germany,Male,DIAMOND,1
772,30,6,99785.28,2,0,0,197238.03,0,3,410,Germany,Male,PLATINUM,0
627,38,8,106922.92,2,0,1,84270.09,0,5,305,Germany,Male,GOLD,0
543,37,8,140894.06,2,1,1,118059.19,0,1,623,Germany,Male,GOLD,0
747,40,3,0.0,1,0,0,57817.84,1,2,929,France,Female,DIAMOND,1
438,54,2,0.0,1,0,0,191763.07,1,3,281,Spain,Female,SILVER,1
850,56,1,169743.83,1,0,0,155850.4,1,1,757,Germany,Male,DIAMOND,1
714,24,7,0.0,2,1,0,166335.0,0,5,626,France,Female,GOLD,0
580,65,1,0.0,2,0,1,103182.46,0,1,352,Spain,Female,GOLD,0
479,23,9,123575.51,1,0,1,95148.28,0,3,787,Germany,Female,GOLD,0
723,35,0,0.0,2,0,1,61290.99,0,1,996,France,Female,GOLD,0
527,46,10,131414.76,1,1,0,54947.51,0,4,599,Spain,Female,DIAMOND,0
588,21,8,0.0,2,1,1,110114.19,0,5,834,France,Female,PLATINUM,0
652,36,6,112518.71,2,0,1,110421.31,0,4,826,France,Female,SILVER,0
496,31,5,0.0,2,1,0,93713.13,0,3,836,France,Male,DIAMOND,0
610,46,5,116886.59,1,0,0,107973.44,0,1,452,Spain,Female,GOLD,0
484,39,5,0.0,2,1,1,175224.12,0,2,740,Spain,Female,SILVER,0
584,37,8,0.0,2,0,1,100835.19,0,2,937,Spain,Female,SILVER,0
699,34,8,0.0,1,1,1,76510.46,0,2,403,Spain,Male,PLATINUM,0
807,35,3,174790.15,1,1,1,600.36,0,3,861,France,Male,SILVER,0
747,47,5,139914.6,4,0,1,129964.56,1,5,230,France,Female,DIAMOND,1
636,60,7,124447.73,1,1,1,141364.62,1,2,359,Spain,Male,DIAMOND,1
707,29,4,0.0,2,1,0,139953.94,0,4,565,France,Male,GOLD,0
614,31,7,120599.38,2,1,1,46163.44,0,3,906,Germany,Female,DIAMOND,0
559,29,3,79715.36,1,1,0,82252.28,0,3,956,France,Female,GOLD,0
611,38,4,71018.6,2,1,0,2444.29,0,5,824,France,Male,GOLD,0
658,31,2,36566.96,1,1,0,103644.98,1,4,953,Spain,Female,PLATINUM,1
768,36,5,180169.44,2,1,0,17348.56,0,2,760,France,Female,GOLD,0
664,49,5,127421.78,2,1,0,108876.75,1,2,923,Germany,Female,PLATINUM,1
819,39,9,133102.92,1,1,0,27046.46,1,2,444,France,Female,SILVER,1
658,32,5,145553.07,1,1,1,31484.76,0,5,528,Spain,Female,DIAMOND,0
783,58,3,127539.3,1,1,1,96590.39,1,5,270,Germany,Female,SILVER,1
661,41,5,122552.48,2,0,1,120646.4,0,2,800,Germany,Male,DIAMOND,0
538,31,0,0.0,2,0,0,179453.66,0,5,798,Spain,Female,SILVER,0
828,34,8,129433.34,2,0,0,38131.77,0,4,370,France,Male,SILVER,0
616,39,2,121704.32,2,1,0,55556.3,0,4,346,Germany,Male,PLATINUM,0
655,29,9,0.0,2,0,1,85736.26,0,5,686,Spain,Female,DIAMOND,0
614,44,6,118715.86,1,1,0,133591.11,1,2,704,Germany,Female,DIAMOND,1
626,39,0,0.0,2,1,1,83295.09,0,2,272,France,Female,DIAMOND,0
640,44,7,111833.47,1,1,0,67202.74,0,3,355,France,Male,PLATINUM,0
736,57,9,95295.39,1,1,0,28434.44,1,1,888,Germany,Male,SILVER,1
774,34,4,120875.23,2,0,1,113407.26,0,5,948,Germany,Male,SILVER,0
689,38,2,0.0,1,1,1,82709.8,0,5,621,Spain,Male,DIAMOND,0
514,41,7,0.0,2,1,1,3756.65,0,3,697,France,Female,SILVER,0
789,39,7,124828.46,2,1,1,124411.08,0,2,377,Germany,Male,PLATINUM,0
638,42,8,145177.84,1,1,0,193471.74,1,4,798,Germany,Male,PLATINUM,1
654,31,5,150593.59,2,1,1,105218.45,0,2,937,Germany,Male,DIAMOND,0
750,35,3,0.0,1,1,0,191520.5,0,1,879,France,Female,DIAMOND,0
632,21,1,0.0,2,1,0,84008.66,0,4,948,France,Female,SILVER,0
567,40,2,105222.86,2,1,0,93795.86,0,1,975,Germany,Female,SILVER,0
555,33,1,56084.69,2,0,0,178798.13,0,5,481,Spain,Male,PLATINUM,0
664,43,9,189026.53,2,1,1,56099.86,0,3,616,France,Male,GOLD,0
603,40,8,148897.02,1,0,0,105052.9,0,1,352,Germany,Female,DIAMOND,0
617,27,4,0.0,2,0,0,190269.21,0,3,342,France,Female,PLATINUM,0
684,38,3,0.0,2,1,0,44255.65,0,4,866,Spain,Female,SILVER,0
693,46,2,104763.41,1,1,1,62368.33,0,5,872,Germany,Male,GOLD,0
546,24,8,156325.38,1,1,1,125381.02,0,2,494,France,Male,DIAMOND,0
534,49,7,0.0,1,1,0,13566.48,1,4,921,France,Female,DIAMOND,1
670,40,3,0.0,1,1,1,182650.15,0,5,270,Spain,Female,GOLD,0
640,62,3,0.0,1,1,1,101663.47,0,3,395,Spain,Male,GOLD,0
553,47,3,116528.15,1,0,0,145704.19,1,2,918,Spain,Male,DIAMOND,1
605,36,6,0.0,1,0,1,690.84,0,4,373,France,Female,DIAMOND,0
698,36,7,121263.62,1,1,1,13387.88,0,3,233,Germany,Female,DIAMOND,0
620,35,0,76989.97,1,1,1,17242.79,0,4,739,Germany,Male,PLATINUM,0
659,39,1,104502.11,1,1,0,20652.69,0,5,966,Germany,Female,DIAMOND,0
683,73,9,124730.26,1,1,1,51999.5,0,2,327,Germany,Male,PLATINUM,0
833,28,4,136674.51,2,0,0,5278.78,0,5,502,France,Female,GOLD,0
707,35,3,56674.48,1,1,0,17987.4,1,4,845,Spain,Female,DIAMOND,1
699,32,1,123906.22,3,1,1,127443.82,1,1,896,Germany,Male,SILVER,1
666,38,6,99812.88,2,1,1,158357.97,0,2,671,Germany,Male,PLATINUM,0
662,39,5,139822.11,2,1,1,146219.9,0,2,337,Germany,Male,PLATINUM,0
410,35,7,117183.74,1,1,1,109733.73,0,2,677,France,Female,SILVER,0
741,39,5,0.0,1,0,1,40207.06,0,1,933,France,Male,SILVER,0
547,62,10,127738.75,2,1,1,85153.0,0,4,666,France,Male,GOLD,0
618,49,9,44301.43,3,1,1,89729.3,1,3,286,France,Female,DIAMOND,1
714,55,9,180075.22,1,1,1,100127.71,0,1,652,Germany,Female,GOLD,0
531,47,6,0.0,1,0,0,194998.34,1,2,510,France,Female,SILVER,1
716,27,1,122552.34,2,1,0,67611.36,0,5,475,Germany,Male,GOLD,0
608,56,5,0.0,2,0,1,153810.41,0,1,921,Spain,Female,DIAMOND,0
687,72,9,0.0,1,0,1,69829.4,0,5,258,France,Female,GOLD,0
595,41,9,0.0,2,1,0,5967.09,0,5,369,France,Male,GOLD,0
496,43,3,0.0,2,0,1,199505.53,0,1,494,Spain,Female,SILVER,0
794,33,8,0.0,2,0,0,91340.02,0,2,536,Spain,Male,PLATINUM,0
824,60,8,134250.17,3,0,0,153046.16,1,4,244,Germany,Male,GOLD,1
570,29,0,0.0,1,1,0,37092.43,0,1,392,France,Female,SILVER,0
593,45,6,79259.75,1,1,0,55347.28,0,2,255,Spain,Female,GOLD,0
672,34,9,0.0,2,1,0,161800.77,0,3,239,France,Male,GOLD,0
656,23,4,163549.63,1,0,1,21085.12,0,4,514,Germany,Female,DIAMOND,0
725,39,4,160652.45,2,1,0,57643.55,0,1,571,France,Male,GOLD,0
691,30,9,0.0,1,1,0,49594.02,0,1,789,France,Male,GOLD,0
697,25,1,0.0,2,0,0,87803.32,0,2,851,France,Female,PLATINUM,0
578,32,4,0.0,2,1,1,141822.8,0,4,434,France,Male,DIAMOND,0
625,44,7,0.0,1,1,0,4791.8,0,3,801,France,Female,SILVER,0
711,34,8,0.0,2,0,0,48260.19,0,4,766,France,Male,PLATINUM,0
703,20,3,165260.98,1,1,1,41626.78,0,5,751,Spain,Male,GOLD,0
653,38,5,114268.22,2,1,1,89524.83,0,1,693,Germany,Female,PLATINUM,0
541,39,7,0.0,2,1,0,19823.02,0,5,781,France,Male,PLATINUM,0
730,52,7,0.0,2,0,1,122398.84,0,5,800,Spain,Female,SILVER,0
766,27,7,158786.67,2,0,1,47579.25,0,3,711,France,Female,GOLD,0
492,45,9,170295.04,2,0,0,164741.81,0,1,594,Germany,Male,GOLD,0
710,30,10,133537.1,2,1,0,155593.74,0,1,464,Germany,Female,PLATINUM,0
575,30,2,0.0,2,1,1,82222.86,0,1,934,Spain,Male,PLATINUM,0
666,47,2,0.0,1,1,0,35046.97,1,4,354,France,Male,GOLD,1
567,29,8,0.0,2,1,0,156125.72,0,3,914,Spain,Male,GOLD,0
611,49,9,115488.52,2,1,1,138656.81,1,4,991,Germany,Female,SILVER,1
706,20,8,0.0,2,1,1,12368.11,0,4,354,Spain,Male,PLATINUM,0
489,47,8,103894.38,2,1,1,107625.46,0,4,953,France,Female,DIAMOND,0
660,38,5,110570.78,2,1,0,195906.59,0,1,472,France,Female,SILVER,0
518,46,4,113625.93,1,0,0,92727.42,1,2,734,Germany,Male,SILVER,1
619,34,1,0.0,1,1,0,139919.38,0,5,524,Spain,Male,GOLD,0
573,38,4,0.0,2,1,1,196517.43,0,5,533,Spain,Male,PLATINUM,0
821,37,5,106453.53,2,0,1,127413.0,0,5,798,Germany,Female,GOLD,0
700,37,3,77608.46,2,1,1,175373.46,0,1,389,France,Male,SILVER,0
688,38,7,123544.21,1,1,1,157664.02,0,4,868,France,Female,PLATINUM,0
614,39,6,0.0,2,1,1,164018.98,0,2,253,Spain,Female,SILVER,0
579,50,5,117721.02,1,0,1,192146.63,1,1,546,Germany,Female,SILVER,1
705,42,8,166685.92,2,1,1,55313.51,0,4,283,Germany,Male,GOLD,0
754,32,7,0.0,2,1,0,89520.75,0,1,800,Spain,Female,SILVER,0
648,44,2,0.0,2,1,1,58652.23,0,5,708,France,Female,DIAMOND,0
597,19,2,0.0,2,1,1,91036.74,0,3,270,France,Male,GOLD,0
725,32,0,0.0,2,1,1,138525.19,0,2,823,Spain,Female,PLATINUM,0
496,29,2,0.0,2,1,0,55389.59,0,1,382,Spain,Male,DIAMOND,0
759,31,1,109848.6,1,1,1,42012.55,0,5,299,France,Female,SILVER,0
686,41,4,129553.76,2,1,0,187599.8,0,4,223,France,Female,DIAMOND,0
811,46,9,180226.24,1,1,0,13464.64,1,3,340,France,Male,PLATINUM,1
596,36,2,0.0,2,0,1,125557.95,0,4,867,Spain,Male,SILVER,0
668,56,9,110993.79,1,1,0,134396.64,1,1,239,Germany,Male,SILVER,1
573,31,2,0.0,2,1,1,91957.39,0,3,629,France,Male,PLATINUM,0
622,42,9,0.0,2,1,0,119127.06,0,5,884,Spain,Male,SILVER,0
679,32,0,88335.05,1,0,0,159584.81,0,5,641,Germany,Female,DIAMOND,0
598,64,1,0.0,2,1,0,195635.3,1,1,839,France,Male,PLATINUM,1
599,61,1,124737.96,1,0,1,90389.61,1,3,914,Germany,Male,PLATINUM,1
794,30,1,154970.54,1,0,1,156768.45,0,4,441,Spain,Female,PLATINUM,0
626,52,0,0.0,2,1,0,32159.46,1,3,959,France,Female,SILVER,1
850,31,1,130089.56,2,1,1,4466.21,0,3,729,Germany,Female,GOLD,0
578,45,1,148600.91,1,1,0,143397.14,1,4,478,France,Male,SILVER,1
607,32,6,0.0,2,0,0,196062.01,0,2,952,France,Female,SILVER,0
722,37,9,0.0,2,1,0,31921.95,0,4,379,Spain,Male,GOLD,0
635,32,8,0.0,2,1,1,19367.98,1,3,491,Spain,Female,GOLD,1
645,32,4,0.0,2,0,1,97628.08,0,3,820,France,Male,PLATINUM,0
850,39,3,124548.99,2,1,1,120380.12,0,2,243,Germany,Male,DIAMOND,0
703,36,2,0.0,2,1,0,108790.95,0,2,433,France,Male,SILVER,0
655,37,4,108862.76,1,1,0,79555.08,1,1,601,Germany,Female,GOLD,1
510,22,3,156834.34,1,0,0,44374.44,0,2,821,France,Female,DIAMOND,0
608,35,6,0.0,2,1,1,143463.28,0,4,253,Spain,Female,DIAMOND,0
633,32,5,163340.12,2,1,1,74415.2,0,2,527,Spain,Male,PLATINUM,0
660,46,5,109019.65,2,1,1,33680.56,0,3,603,Germany,Male,SILVER,0
577,36,3,121092.47,2,0,1,143783.46,0,4,702,France,Male,PLATINUM,0
718,27,2,0.0,2,0,0,26229.24,0,1,538,France,Male,PLATINUM,0
386,53,1,131955.07,1,1,1,62514.65,1,5,676,Spain,Female,GOLD,1
484,35,7,133868.21,1,1,1,27286.1,0,2,415,Spain,Female,SILVER,0
626,34,7,113014.7,2,1,1,56646.28,0,5,664,France,Male,SILVER,0
555,55,4,146798.81,1,1,1,74149.77,0,2,537,France,Male,DIAMOND,0
655,32,2,0.0,1,1,1,71047.51,0,2,506,France,Female,DIAMOND,0
570,35,6,85668.59,1,1,0,105525.36,0,5,448,Germany,Male,SILVER,0
591,31,7,0.0,2,0,1,48778.46,0,4,406,France,Female,PLATINUM,0
543,36,3,0.0,2,0,0,26019.59,0,2,255,France,Female,DIAMOND,0
696,29,8,0.0,2,1,0,191166.09,0,5,921,France,Male,GOLD,0
640,45,8,120591.19,1,0,0,195123.94,0,5,938,Germany,Male,GOLD,0
733,30,1,102452.71,1,1,0,21556.95,0,5,950,Germany,Female,PLATINUM,0
721,68,4,136525.99,1,0,0,175399.14,0,4,439,Germany,Male,SILVER,0
672,47,1,0.0,1,0,0,91574.92,0,3,710,France,Male,SILVER,0
693,38,7,198338.77,2,1,1,14278.18,0,5,991,France,Male,DIAMOND,0
807,42,7,118274.71,1,1,1,25885.72,0,3,899,France,Male,DIAMOND,0
666,21,1,121827.43,2,1,1,99818.31,0,2,516,Germany,Female,DIAMOND,0
490,40,6,156111.08,1,0,0,190889.13,0,3,759,Spain,Male,SILVER,0
698,51,2,111018.98,1,1,0,86410.28,0,4,751,Germany,Female,DIAMOND,0
489,52,1,131441.51,1,1,0,37240.11,1,4,980,Germany,Female,GOLD,1
829,38,9,0.0,2,1,0,30529.88,0,5,541,France,Male,SILVER,0
723,42,2,99095.73,1,1,1,17512.53,0,3,505,France,Male,DIAMOND,0
738,39,1,94435.45,2,0,1,189430.86,0,5,474,France,Female,SILVER,0
597,61,5,0.0,2,1,1,81299.17,0,1,567,France,Male,GOLD,0
625,39,3,130786.92,1,0,1,121316.07,0,2,650,France,Female,DIAMOND,0
670,39,8,101928.51,1,0,0,89205.54,0,5,290,France,Female,DIAMOND,0
684,26,2,114035.39,1,0,0,96885.19,0,4,383,Germany,Female,PLATINUM,0
493,37,8,142987.46,2,1,0,158840.99,0,4,660,France,Female,DIAMOND,0
637,22,5,98800.0,1,1,0,122865.55,0,2,430,Spain,Female,SILVER,0
638,50,1,102645.48,1,1,0,168359.98,1,2,663,Germany,Male,DIAMOND,1
599,41,1,0.0,2,1,0,96069.82,0,2,458,France,Female,SILVER,0
582,29,0,0.0,1,1,0,142516.35,0,2,352,France,Male,GOLD,0
611,40,2,125879.29,1,1,0,93203.43,0,4,319,France,Female,PLATINUM,0
666,32,10,112536.57,2,1,1,34350.54,0,3,281,France,Female,SILVER,0
626,47,2,103108.8,1,0,1,166475.44,1,3,279,Germany,Female,GOLD,1
620,42,9,121490.05,1,1,1,29296.74,0,4,828,Spain,Male,PLATINUM,0
411,35,2,0.0,2,1,1,93825.78,0,3,639,France,Female,PLATINUM,0
622,39,9,0.0,2,0,1,100862.36,0,2,814,Spain,Male,PLATINUM,0
642,39,8,128264.03,1,1,0,61792.76,1,1,280,Germany,Female,GOLD,1
516,37,8,0.0,1,1,0,101834.58,0,3,703,France,Male,PLATINUM,0
646,32,1,0.0,2,1,0,183289.22,0,3,307,Spain,Male,DIAMOND,0
603,34,9,0.0,2,1,0,167916.35,0,3,896,France,Female,DIAMOND,0
535,58,1,0.0,2,1,1,11779.98,1,4,927,Spain,Male,PLATINUM,1
655,27,9,0.0,2,0,0,108008.05,0,2,730,Spain,Female,DIAMOND,0
638,36,6,188455.19,1,0,0,47031.4,1,2,642,France,Male,DIAMOND,1
553,44,4,0.0,1,1,0,10789.3,0,1,780,Spain,Male,GOLD,0
556,52,9,0.0,1,1,0,175149.2,1,1,570,France,Female,DIAMOND,1
658,36,1,0.0,2,0,1,84927.42,0,1,374,Spain,Male,SILVER,0
622,37,4,0.0,2,1,0,4459.5,0,3,882,Spain,Male,PLATINUM,0
570,30,2,131406.56,1,1,1,47952.45,0,1,636,France,Male,GOLD,0
798,58,9,0.0,2,0,0,119071.56,1,3,400,Spain,Female,DIAMOND,1
755,29,3,0.0,3,1,0,4733.94,0,1,328,France,Female,SILVER,0
680,24,10,0.0,3,1,0,154971.63,1,3,434,France,Female,SILVER,1
710,36,8,0.0,2,0,0,83206.19,0,3,636,Spain,Female,SILVER,0
696,36,3,0.0,3,1,0,65039.9,0,1,349,Spain,Female,PLATINUM,0
638,34,5,133501.36,1,0,1,155643.04,0,1,355,France,Male,GOLD,0
640,74,2,116800.25,1,1,1,34130.43,0,1,947,Germany,Female,PLATINUM,0
691,37,7,123067.63,1,1,1,98162.44,1,5,958,Germany,Female,SILVER,1
525,60,7,0.0,2,0,1,168034.9,0,1,895,Spain,Female,GOLD,0
576,41,1,0.0,1,1,1,188274.6,0,3,999,France,Male,DIAMOND,0
676,34,8,82909.14,1,1,0,91817.38,1,1,502,France,Female,GOLD,1
821,28,2,0.0,2,1,0,46072.52,0,2,544,France,Male,DIAMOND,0
681,43,8,154100.3,1,0,0,114659.81,0,5,302,France,Female,DIAMOND,0
493,36,2,0.0,2,0,1,99770.3,0,2,229,France,Female,PLATINUM,0
774,52,2,56580.93,1,1,0,113266.28,1,5,946,France,Female,PLATINUM,1
624,40,3,149961.99,2,1,0,104610.86,0,2,576,Germany,Female,PLATINUM,0
693,28,1,145118.83,1,0,1,77742.38,0,5,944,Spain,Male,GOLD,0
568,27,5,126815.97,2,0,1,118648.12,0,1,939,Spain,Male,DIAMOND,0
652,46,10,121063.8,3,1,0,151481.86,1,5,683,Germany,Male,SILVER,1
730,37,1,0.0,2,1,1,124364.63,0,2,427,France,Female,SILVER,0
468,32,8,137649.47,1,0,0,198714.29,0,4,929,France,Female,PLATINUM,0
724,30,9,142475.87,1,1,1,107848.24,0,3,399,France,Female,SILVER,0
758,32,2,84378.9,1,1,1,75396.43,0,3,867,France,Female,PLATINUM,0
850,39,8,0.0,2,1,1,37090.44,0,3,995,Spain,Male,DIAMOND,0
705,31,3,119794.67,1,0,0,182528.44,0,5,685,France,Female,GOLD,0
698,33,5,135658.73,2,0,1,39755.0,0,1,903,France,Male,SILVER,0
779,37,7,120092.52,2,1,0,135925.72,0,1,466,Germany,Male,GOLD,0
593,31,9,0.0,2,0,1,20492.16,0,2,568,France,Male,DIAMOND,0
593,48,3,133903.12,2,1,1,85902.39,1,5,593,Germany,Female,PLATINUM,1
673,37,4,0.0,2,0,0,163563.07,0,3,333,France,Male,DIAMOND,0
799,28,7,167658.33,2,1,1,111138.25,0,5,938,Germany,Male,DIAMOND,0
697,23,10,0.0,2,1,1,79734.23,0,3,968,France,Female,SILVER,0
544,40,8,0.0,2,1,0,61581.2,0,5,408,France,Male,DIAMOND,0
646,50,6,145295.31,2,1,1,27814.74,0,3,561,Germany,Male,GOLD,0
490,33,5,96341.0,2,0,0,108313.34,0,1,707,Germany,Male,DIAMOND,0
625,56,0,148507.24,1,1,0,46824.08,1,3,410,Germany,Male,PLATINUM,1
720,33,6,97188.62,1,0,0,91881.29,0,4,605,Spain,Male,SILVER,0
637,49,2,108204.52,1,1,0,169037.84,1,3,675,Germany,Male,DIAMOND,1
784,38,5,136712.91,1,0,1,169920.92,0,4,707,France,Male,GOLD,0
628,61,1,97361.66,1,1,1,149922.38,1,5,657,Germany,Female,GOLD,1
841,27,8,0.0,1,1,0,171922.72,0,3,696,France,Male,SILVER,0
591,42,10,0.0,2,0,0,171099.22,0,5,260,France,Female,GOLD,0
744,30,1,128065.12,1,1,0,121525.48,0,2,607,Spain,Male,PLATINUM,0
616,71,4,0.0,2,1,1,173599.38,0,5,954,Spain,Male,GOLD,0
614,27,9,106414.57,2,0,0,77500.81,0,2,825,France,Female,SILVER,0
520,49,5,121197.64,1,1,0,72577.33,1,4,502,France,Male,PLATINUM,1
552,36,8,0.0,2,0,0,132547.02,0,4,498,France,Male,SILVER,0
511,33,3,0.0,2,1,0,132436.71,0,1,982,France,Female,DIAMOND,0
658,31,2,77082.65,2,0,0,13482.28,0,4,620,Germany,Male,PLATINUM,0
817,44,8,0.0,1,0,0,65501.91,1,5,681,France,Male,DIAMOND,1
807,47,9,167664.83,1,0,0,125440.11,1,4,622,France,Female,SILVER,1
776,37,2,103769.22,2,1,0,194099.12,0,1,268,Germany,Female,SILVER,0
543,30,6,73481.05,1,1,1,176692.65,0,3,683,Germany,Male,GOLD,0
678,61,8,0.0,2,1,1,159938.82,0,1,617,Spain,Female,SILVER,0
585,42,2,0.0,2,1,1,18657.77,0,4,805,France,Male,SILVER,0
762,35,9,122929.42,2,0,0,149822.04,0,3,504,Spain,Male,SILVER,0
468,56,10,0.0,3,0,1,62256.87,1,3,547,France,Female,PLATINUM,1
675,49,0,0.0,1,1,1,80496.71,1,4,448,France,Female,SILVER,1
519,39,4,111900.14,1,1,1,97577.17,0,2,377,Spain,Male,PLATINUM,0
603,42,8,91611.12,1,0,0,144675.3,1,3,416,Spain,Female,DIAMOND,1
579,35,1,129490.36,2,0,1,8590.83,1,4,247,Spain,Female,GOLD,1
667,44,8,122277.87,1,1,1,91810.71,0,5,950,France,Male,PLATINUM,0
622,38,4,98640.74,1,1,1,110457.99,0,3,304,France,Female,SILVER,0
599,36,4,0.0,2,0,0,13210.56,0,3,928,Spain,Male,DIAMOND,0
664,40,7,125608.72,1,1,0,122073.48,0,2,458,France,Male,PLATINUM,0
562,42,2,100238.35,1,0,0,86797.41,0,5,709,France,Male,PLATINUM,0
528,62,7,133201.17,1,0,0,168507.68,1,1,866,Germany,Female,DIAMOND,1
743,65,2,131935.51,1,1,1,96399.67,1,3,399,Germany,Male,SILVER,1
465,24,6,156007.09,1,1,0,191368.37,0,4,865,Germany,Male,DIAMOND,0
611,58,8,0.0,2,0,1,107665.68,1,5,294,France,Male,PLATINUM,1
497,24,6,111769.14,2,1,0,55859.27,0,4,711,Germany,Male,DIAMOND,0
545,32,6,0.0,2,1,1,52067.37,0,5,277,France,Female,SILVER,0
561,49,1,102025.32,1,1,0,133051.64,1,1,994,Germany,Female,DIAMOND,1
662,37,5,0.0,2,1,0,151871.84,0,4,622,France,Female,GOLD,0
805,56,6,151802.29,1,1,0,46791.09,1,2,682,Germany,Male,SILVER,1
790,41,2,126619.27,1,1,0,198224.38,0,4,696,France,Female,DIAMOND,0
507,34,4,0.0,2,1,1,60688.38,0,3,392,Spain,Female,DIAMOND,0
655,30,1,83173.98,2,1,1,184259.6,0,5,338,Germany,Female,DIAMOND,0
631,23,3,0.0,2,1,0,13813.24,0,4,234,Spain,Male,GOLD,0
687,34,7,129895.19,1,0,1,28698.17,0,3,478,France,Male,GOLD,0
716,29,8,0.0,2,0,0,78616.92,0,1,785,Spain,Female,DIAMOND,0
712,29,7,77919.78,1,1,0,122547.58,0,3,983,Spain,Female,SILVER,0
634,41,7,0.0,2,1,1,131284.93,0,4,894,France,Female,SILVER,0
524,30,1,0.0,2,1,0,126812.85,0,3,706,France,Male,DIAMOND,0
703,31,6,0.0,2,1,1,67667.19,0,3,975,Spain,Male,PLATINUM,0
850,40,9,0.0,2,0,1,119232.33,0,2,241,France,Male,GOLD,0
554,51,7,105701.91,1,0,1,179797.79,1,1,999,Germany,Female,DIAMOND,1
711,42,3,177626.77,3,0,1,16392.72,1,1,788,Spain,Male,PLATINUM,1
684,36,4,0.0,1,1,0,117038.96,0,1,718,Spain,Female,SILVER,0
724,31,5,0.0,1,1,0,134889.95,1,2,246,France,Male,SILVER,1
706,47,6,120621.89,1,1,1,140803.7,0,5,870,Germany,Female,DIAMOND,0
544,64,9,113829.45,1,1,1,124341.49,0,3,562,France,Male,GOLD,0
645,31,7,161171.7,2,1,0,12599.94,1,3,532,France,Male,SILVER,1
457,33,7,127837.54,1,0,1,60013.17,0,4,782,France,Female,GOLD,0
680,33,2,108393.35,1,0,1,39057.67,0,3,425,France,Male,GOLD,0
759,38,1,104091.29,1,0,0,91561.91,0,1,875,France,Female,PLATINUM,0
544,21,10,161525.96,2,1,0,9262.77,0,2,458,France,Female,PLATINUM,0
632,40,3,193354.86,2,1,0,149188.41,0,4,462,France,Male,GOLD,0
756,26,5,101641.14,2,0,1,154460.68,0,5,351,France,Female,GOLD,0
785,33,6,127211.45,1,0,0,191961.83,0,3,457,Germany,Female,SILVER,0
541,46,4,124547.13,2,1,0,94499.06,0,5,690,France,Male,GOLD,0
597,29,5,0.0,2,1,1,174825.57,0,2,347,France,Female,GOLD,0
752,42,3,65046.08,2,0,1,140139.28,0,5,535,Germany,Female,PLATINUM,0
722,43,1,0.0,1,1,0,44560.17,1,5,448,Spain,Male,SILVER,1
539,39,3,139153.68,2,1,0,147662.33,0,1,520,France,Male,SILVER,0
641,42,9,132657.55,1,1,0,35367.19,0,3,351,Spain,Male,GOLD,0
766,41,6,99208.46,2,1,0,62402.38,0,4,224,Spain,Male,GOLD,0
792,42,0,99045.93,2,1,0,47160.01,0,3,758,France,Female,GOLD,0
652,26,3,137998.2,2,0,1,168989.77,0,1,443,France,Male,PLATINUM,0
559,31,1,139183.06,1,0,1,143360.56,0,1,529,Spain,Female,DIAMOND,0
641,30,2,87505.47,2,0,1,7278.57,0,2,893,France,Male,DIAMOND,0
798,37,4,111723.08,1,1,1,83478.12,0,4,778,France,Female,SILVER,0
667,36,1,114391.62,1,1,1,53412.54,0,5,874,Germany,Female,SILVER,0
712,29,3,102540.61,1,1,1,189680.79,0,1,415,France,Male,PLATINUM,0
651,40,1,134760.21,2,0,0,174434.06,1,4,741,Germany,Male,SILVER,1
635,33,5,0.0,2,1,0,122949.71,0,5,977,France,Female,DIAMOND,0
620,67,3,0.0,2,1,1,43486.73,0,5,404,France,Female,GOLD,0
556,61,2,117419.35,1,1,1,94153.83,0,3,789,France,Female,PLATINUM,0
649,35,4,108306.44,1,1,1,192486.24,0,1,932,France,Female,PLATINUM,0
636,34,2,40105.51,2,0,1,53512.16,0,3,356,Germany,Male,DIAMOND,0
826,29,4,129938.07,1,0,1,190200.53,0,1,708,Spain,Female,GOLD,0
490,38,3,97266.1,1,1,1,92797.23,0,4,762,Spain,Female,DIAMOND,0
652,32,2,0.0,2,1,0,54628.11,0,3,843,France,Female,GOLD,0
658,38,6,102895.1,1,0,0,155665.76,0,1,843,France,Female,SILVER,0
742,32,6,160485.16,1,1,0,29023.03,0,5,295,France,Male,GOLD,0
580,35,9,121355.19,1,0,1,35671.45,0,2,235,Germany,Male,SILVER,0
627,37,7,147361.57,1,1,1,133031.96,0,1,916,Germany,Female,DIAMOND,0
714,53,1,99141.86,1,1,1,72496.05,1,3,1000,Germany,Male,PLATINUM,1
628,40,10,0.0,2,1,0,103832.58,0,2,401,Spain,Male,SILVER,0
825,36,3,146053.66,1,1,1,138344.7,0,5,347,France,Female,SILVER,0
512,40,5,0.0,2,1,1,146457.83,0,3,435,France,Male,DIAMOND,0
752,36,2,0.0,2,1,1,45570.84,0,1,251,Spain,Male,SILVER,0
494,38,7,0.0,2,1,1,6203.66,0,3,527,Spain,Male,PLATINUM,0
492,49,2,151249.45,2,1,1,167237.94,0,4,543,Germany,Female,GOLD,0
832,40,9,107648.94,2,1,1,134638.97,0,2,583,Germany,Female,PLATINUM,0
607,36,4,98266.3,1,1,1,46416.36,0,1,933,Spain,Female,PLATINUM,0
677,27,2,0.0,2,1,1,20092.89,0,3,737,France,Male,PLATINUM,0
701,41,9,164046.1,1,1,0,49405.93,0,5,568,Germany,Male,SILVER,0
775,30,4,0.0,2,0,1,57461.13,0,5,368,Spain,Male,PLATINUM,0
708,34,4,0.0,1,1,1,62868.33,0,3,578,France,Female,GOLD,0
558,41,6,0.0,1,1,1,143585.29,1,1,331,France,Female,GOLD,1
704,35,3,154206.07,2,1,1,40261.49,0,4,634,Germany,Female,PLATINUM,0
606,36,0,94153.56,1,0,1,120138.27,0,3,937,Spain,Male,DIAMOND,0
697,40,4,0.0,2,0,1,26543.28,0,4,360,France,Male,GOLD,0
482,55,5,97318.25,1,0,1,78416.14,0,5,408,France,Male,GOLD,0
694,42,8,133767.19,1,1,0,36405.21,0,1,241,France,Male,DIAMOND,0
742,27,5,190125.43,2,0,0,21793.59,0,2,788,Germany,Male,DIAMOND,0
751,37,0,151218.98,1,1,1,109309.29,0,4,794,Germany,Female,GOLD,0
690,32,0,106683.52,2,1,1,137916.49,0,1,615,Germany,Male,PLATINUM,0
733,22,5,0.0,2,1,1,117202.19,0,3,279,France,Male,DIAMOND,0
704,24,7,113034.22,1,1,0,162503.48,1,2,801,Germany,Female,PLATINUM,1
774,36,8,117152.3,1,0,0,101828.39,0,4,707,Spain,Female,GOLD,0
598,50,5,88379.81,3,0,1,64157.24,1,5,746,Germany,Female,DIAMOND,1
561,33,6,0.0,2,1,0,45261.47,0,1,704,Spain,Female,DIAMOND,0
677,25,3,0.0,2,1,0,179608.96,0,1,935,France,Female,SILVER,0
746,31,2,113836.27,1,1,1,174815.54,0,3,537,Spain,Male,SILVER,0
681,37,7,69609.85,1,1,1,72127.83,0,3,395,France,Female,SILVER,0
669,31,6,113000.66,1,1,0,40467.82,0,4,655,France,Female,GOLD,0
708,51,8,70754.18,1,1,1,92920.04,1,2,1000,France,Female,PLATINUM,1
693,37,6,95900.04,1,1,1,38196.24,0,5,936,Germany,Female,DIAMOND,0
659,33,8,115409.6,1,0,1,1539.21,0,1,595,Spain,Female,SILVER,0
691,58,3,0.0,1,0,1,194930.3,1,2,974,France,Male,PLATINUM,1
589,28,7,0.0,2,1,0,151645.96,0,4,553,France,Male,SILVER,0
704,37,9,155619.58,1,1,1,135088.58,0,5,788,Spain,Female,GOLD,0
814,72,2,0.0,2,0,1,130853.03,0,1,836,Spain,Female,SILVER,0
744,41,2,84113.41,1,1,0,197548.63,0,2,428,Germany,Female,SILVER,0
622,42,9,115766.26,1,0,0,72155.85,1,3,483,Germany,Male,PLATINUM,1
663,37,8,155303.71,1,1,0,118716.63,0,1,333,Germany,Female,SILVER,0
651,56,2,0.0,1,1,0,114522.68,1,4,327,France,Male,GOLD,1
706,43,1,0.0,2,1,0,31962.77,0,4,994,Spain,Female,SILVER,0
714,45,9,106431.97,2,1,1,164117.69,0,5,696,Germany,Female,DIAMOND,0
716,42,8,0.0,2,1,0,180800.42,0,2,427,Spain,Male,SILVER,0
569,31,1,115406.97,1,0,0,145528.22,0,2,992,Spain,Male,GOLD,0
778,33,4,111063.73,2,1,0,83556.65,0,5,544,Germany,Female,GOLD,0
603,46,4,98899.76,2,1,1,86190.34,0,3,801,Germany,Male,DIAMOND,0
727,49,7,96296.78,1,1,0,190457.87,1,5,541,Spain,Female,SILVER,1
599,46,7,81742.84,2,1,0,83282.21,0,3,381,Spain,Female,PLATINUM,0
559,29,1,0.0,2,0,0,155639.76,0,1,839,France,Male,DIAMOND,0
570,57,5,86568.75,1,0,1,103660.31,0,5,307,Germany,Female,SILVER,0
604,31,6,134837.58,1,1,0,192029.19,0,3,359,France,Male,GOLD,0
619,25,4,0.0,1,1,0,145524.36,0,4,629,France,Male,DIAMOND,0
607,40,1,112544.45,1,1,1,19842.22,0,3,538,Spain,Male,GOLD,0
850,35,1,211774.31,1,1,0,188574.12,1,2,757,France,Female,PLATINUM,1
850,36,6,0.0,2,0,1,41291.05,0,2,234,Spain,Male,SILVER,0
710,33,1,0.0,2,1,0,168313.17,0,2,725,Spain,Male,GOLD,0
679,50,6,132598.38,2,1,1,184017.98,0,2,1000,Germany,Female,SILVER,0
850,31,4,91292.7,1,1,1,162149.07,0,5,956,Spain,Female,GOLD,0
759,31,4,98899.91,1,1,1,47832.82,0,1,352,Germany,Male,DIAMOND,0
611,30,9,88594.14,1,1,0,196332.45,0,4,883,France,Female,GOLD,0
693,45,4,0.0,2,1,1,26589.56,0,5,898,Spain,Female,SILVER,0
775,74,0,161371.5,1,1,1,134869.93,0,5,322,Germany,Female,PLATINUM,0
441,60,1,140614.15,1,0,1,174381.23,0,4,227,France,Male,SILVER,0
438,31,8,78398.69,1,1,0,44937.01,0,4,809,Germany,Male,PLATINUM,0
693,68,2,0.0,2,1,1,59864.96,0,3,290,France,Male,PLATINUM,0
604,25,7,165413.43,1,1,1,35279.74,0,2,616,Germany,Male,SILVER,0
660,31,1,84560.04,1,1,1,137784.25,0,1,357,Spain,Male,PLATINUM,0
613,41,7,0.0,2,1,0,60297.72,0,3,776,France,Male,DIAMOND,0
592,55,8,85845.43,2,1,1,128918.42,0,2,564,Spain,Male,PLATINUM,0
756,42,9,0.0,2,1,0,35673.42,0,2,752,France,Female,DIAMOND,0
513,40,3,141004.46,1,1,0,105028.46,0,3,904,France,Male,SILVER,0
711,32,1,0.0,2,1,0,126188.42,0,4,296,France,Female,SILVER,0
550,37,3,0.0,1,1,1,179670.31,0,3,516,France,Male,GOLD,0
576,26,8,0.0,2,0,1,34101.06,0,4,341,Spain,Male,PLATINUM,0
733,31,6,157791.07,2,0,0,177994.81,0,5,845,Germany,Male,SILVER,0
771,57,4,0.0,1,0,0,85876.67,1,4,652,France,Female,SILVER,1
599,25,6,120383.41,1,1,1,24903.09,0,5,648,France,Male,DIAMOND,0
664,25,6,172812.72,2,1,1,108008.65,0,3,644,Germany,Male,GOLD,0
667,31,1,119266.69,1,1,1,28257.63,0,2,730,France,Male,SILVER,0
581,29,8,0.0,2,1,0,46735.19,0,4,977,Spain,Female,PLATINUM,0
631,38,7,0.0,2,1,0,181605.85,0,3,290,Spain,Male,DIAMOND,0
563,46,8,106171.68,1,1,0,163145.5,1,3,672,Spain,Female,GOLD,1
580,50,0,125647.36,1,1,0,57541.08,1,3,548,France,Male,PLATINUM,1
579,28,6,150329.15,1,1,0,145558.42,0,2,588,Germany,Male,PLATINUM,0
726,30,8,134152.29,1,1,1,147822.44,0,1,426,Spain,Male,PLATINUM,0
621,37,9,83061.26,2,1,0,9170.54,0,5,748,Spain,Female,DIAMOND,0
677,30,1,78133.15,1,0,1,174225.88,0,5,926,France,Male,PLATINUM,0
850,47,10,134381.52,1,0,0,26812.89,1,4,252,Germany,Female,DIAMOND,1
616,37,5,144235.73,2,0,0,154957.66,1,1,993,France,Male,PLATINUM,1
676,37,10,106242.67,1,1,1,166678.28,0,5,560,France,Male,GOLD,0
738,54,4,0.0,1,0,1,55725.04,1,4,444,France,Male,PLATINUM,1
558,32,10,105000.23,1,1,0,190019.61,0,1,644,France,Male,SILVER,0
582,50,6,96486.57,2,1,1,20344.02,0,3,355,Germany,Female,PLATINUM,0
524,28,7,0.0,2,0,1,147100.72,0,1,983,France,Female,PLATINUM,0
709,28,8,124695.72,2,1,0,145251.35,0,3,665,Germany,Male,DIAMOND,0
754,38,2,0.0,2,0,0,3524.69,0,4,844,France,Female,SILVER,0
770,46,9,190678.02,1,1,1,14725.36,0,5,339,Spain,Male,PLATINUM,0
599,25,7,108380.72,1,1,1,79005.95,0,1,933,Germany,Male,SILVER,0
692,41,8,130701.29,1,1,0,59354.24,1,2,235,Germany,Female,SILVER,1
771,39,5,0.0,2,1,0,96270.64,0,1,300,France,Male,DIAMOND,0
754,57,2,101134.87,2,1,1,70954.41,0,5,898,Germany,Male,GOLD,0
634,34,8,105302.66,1,1,1,123164.97,0,1,378,France,Male,DIAMOND,0
660,28,3,128929.88,1,1,1,198069.71,0,2,231,Spain,Female,SILVER,0
575,30,8,0.0,2,1,0,185341.63,0,3,597,Spain,Female,GOLD,0
850,39,2,0.0,2,1,0,179451.42,0,2,732,France,Female,GOLD,0
711,32,5,0.0,2,1,1,147720.27,0,2,521,Spain,Male,DIAMOND,0
555,35,1,0.0,2,1,0,101667.0,0,4,417,Spain,Female,SILVER,0
642,62,7,0.0,2,1,1,61120.75,0,3,729,France,Male,SILVER,0
767,37,7,0.0,2,1,1,24734.25,0,4,234,Spain,Male,GOLD,0
670,32,4,102954.68,2,0,1,134942.45,0,5,244,Germany,Female,SILVER,0
544,37,2,79731.91,1,1,1,57558.95,0,4,866,Germany,Male,DIAMOND,0
668,43,10,113034.31,1,1,1,100423.88,0,5,470,Spain,Male,PLATINUM,0
772,34,7,111565.91,1,1,1,121073.23,0,1,887,Germany,Male,GOLD,0
571,30,4,85755.86,1,1,0,145115.95,0,5,396,France,Female,DIAMOND,0
646,35,6,84026.86,1,0,1,164255.69,0,3,635,France,Male,SILVER,0
641,31,10,155978.17,1,1,0,91510.71,0,4,990,France,Male,SILVER,0
638,37,2,89728.86,2,1,1,37294.88,0,4,799,Germany,Male,DIAMOND,0
588,34,10,0.0,2,1,0,79078.91,0,2,632,Spain,Male,PLATINUM,0
535,37,3,175534.78,2,1,1,9241.52,0,5,316,Spain,Male,DIAMOND,0
556,35,10,0.0,2,1,1,192751.18,0,4,570,France,Male,GOLD,0
711,33,1,0.0,1,0,0,41590.4,0,3,824,France,Male,SILVER,0
430,60,7,73937.02,1,1,0,161937.62,1,4,578,France,Female,PLATINUM,1
850,55,0,98710.89,1,1,1,83617.17,1,4,614,Germany,Male,SILVER,1
688,45,9,103399.87,1,0,0,129870.93,0,1,632,Germany,Male,PLATINUM,0
667,31,3,99513.91,1,1,1,189657.26,0,3,962,France,Male,GOLD,0
757,30,3,145396.49,1,0,1,198341.15,0,5,614,Spain,Male,PLATINUM,0
549,36,6,139422.37,1,0,0,83983.39,1,1,720,Germany,Male,GOLD,1
679,48,8,0.0,2,1,0,23344.94,0,2,609,France,Male,SILVER,0
563,42,6,99056.22,2,1,0,154347.95,1,4,670,Spain,Female,SILVER,1
650,41,9,0.0,2,0,1,191599.67,0,4,693,Spain,Male,PLATINUM,0
525,33,5,0.0,2,1,0,161002.29,0,1,780,Spain,Male,GOLD,0
789,43,9,116644.29,2,1,1,60176.1,0,3,642,Germany,Female,SILVER,0
562,62,3,0.0,2,1,0,105986.01,0,2,845,France,Male,GOLD,0
673,31,1,108345.22,1,0,1,38802.03,0,3,878,France,Male,GOLD,0
681,30,2,111093.01,1,1,0,68985.99,0,5,691,Spain,Male,PLATINUM,0
689,28,2,64808.32,2,0,0,78591.15,0,5,730,Germany,Female,SILVER,0
761,62,5,98854.34,1,0,0,86920.97,1,3,327,Germany,Male,DIAMOND,1
656,37,7,112291.34,1,1,0,153157.97,0,5,722,France,Male,SILVER,0
663,36,10,0.0,2,1,0,136349.55,0,5,839,France,Male,PLATINUM,0
775,38,4,125212.65,2,1,1,15795.88,1,2,332,Germany,Female,GOLD,1
535,49,3,0.0,1,0,0,61820.41,1,1,269,France,Female,GOLD,1
850,44,7,89118.26,1,1,0,104240.77,1,1,668,Spain,Male,PLATINUM,1
556,40,8,0.0,2,1,0,62112.7,0,2,349,France,Female,PLATINUM,0
762,28,2,0.0,2,1,0,167909.52,0,2,989,France,Male,DIAMOND,0
691,36,7,129934.64,1,0,0,75664.56,1,1,728,Spain,Male,DIAMOND,1
506,34,4,90307.62,1,1,1,159235.29,0,4,511,France,Female,SILVER,0
561,28,7,0.0,2,1,0,7797.01,0,5,933,France,Male,PLATINUM,0
736,29,9,0.0,2,0,0,176152.7,0,2,790,France,Female,PLATINUM,0
516,29,2,104982.57,1,1,0,157378.5,0,4,649,France,Female,GOLD,0
658,37,3,168735.74,2,0,0,70370.24,0,3,226,Germany,Male,PLATINUM,0
771,32,9,77487.2,1,0,0,33143.04,0,3,918,Germany,Male,SILVER,0
781,28,4,0.0,2,1,0,177703.15,0,4,602,France,Female,SILVER,0
621,47,0,0.0,1,1,1,133831.37,1,2,704,France,Male,DIAMOND,1
581,25,5,77886.53,2,1,0,150319.49,0,4,243,France,Male,PLATINUM,0
666,43,5,0.0,2,1,0,29346.1,0,2,464,Spain,Male,SILVER,0
589,46,10,107238.85,2,1,0,37024.28,0,5,276,France,Female,GOLD,0
729,34,9,132121.71,1,0,1,105409.31,0,3,654,France,Female,GOLD,0
850,35,3,162442.35,1,1,0,183566.78,0,3,801,France,Male,GOLD,0
608,37,5,146093.39,2,0,0,160593.41,0,3,808,France,Male,SILVER,0
678,26,3,0.0,2,1,0,4989.33,0,4,694,France,Male,SILVER,0
850,33,3,0.0,2,1,1,11159.19,0,4,566,France,Female,SILVER,0
607,49,9,119960.29,2,1,0,103068.22,0,2,768,France,Female,PLATINUM,0
757,32,9,0.0,2,1,0,115950.96,0,5,335,France,Male,DIAMOND,0
629,40,9,137409.19,1,1,0,175877.7,1,4,877,France,Female,DIAMOND,1
810,69,3,27288.43,1,1,1,110509.9,0,3,618,Germany,Male,SILVER,0
687,30,6,0.0,2,0,0,179206.92,0,2,511,France,Female,GOLD,0
850,36,3,0.0,2,1,0,195033.07,0,4,731,France,Male,PLATINUM,0
781,35,7,92526.15,2,1,1,173837.54,0,5,534,Germany,Male,SILVER,0
630,30,3,0.0,2,0,1,10486.69,0,5,274,Spain,Male,PLATINUM,0
570,61,6,142105.35,1,1,1,45214.04,0,1,309,France,Female,SILVER,0
572,33,5,0.0,1,0,1,41139.05,0,4,404,France,Male,SILVER,0
775,31,9,0.0,2,1,0,169278.51,0,3,246,France,Male,SILVER,0
609,35,2,147900.43,1,1,0,140000.29,0,2,364,France,Female,PLATINUM,0
736,26,0,84587.9,1,0,1,188037.76,0,5,879,Germany,Female,DIAMOND,0
723,20,4,0.0,2,1,1,140385.33,0,1,360,France,Female,PLATINUM,0
710,41,9,149155.53,2,1,0,42131.26,1,5,407,Germany,Female,DIAMOND,1
503,42,9,153279.39,1,1,1,151336.96,0,4,307,Germany,Male,DIAMOND,0
733,38,3,157658.36,1,0,0,19658.43,0,2,412,France,Female,DIAMOND,0
661,41,5,0.0,1,0,1,88279.6,0,3,594,France,Male,GOLD,0
717,35,4,0.0,1,1,1,167573.06,0,4,811,France,Male,DIAMOND,0
638,62,4,108716.59,2,1,1,74241.09,0,2,442,Germany,Male,PLATINUM,0
594,50,7,81310.34,1,1,1,183868.01,0,4,439,France,Male,SILVER,0
443,54,3,138547.97,1,1,1,70196.23,1,1,493,France,Female,DIAMOND,1
561,32,6,166824.59,1,1,0,139451.98,0,5,296,Germany,Male,GOLD,0
779,62,10,119096.55,1,0,1,116977.89,0,1,644,France,Male,GOLD,0
514,46,3,106511.85,1,1,0,55072.32,0,5,478,France,Female,GOLD,0
608,30,8,85859.76,1,0,0,142730.27,0,5,922,France,Female,DIAMOND,0
745,36,8,145071.24,1,0,0,6078.46,0,5,766,Germany,Male,PLATINUM,0
633,25,1,0.0,1,1,0,100598.98,0,4,230,France,Male,SILVER,0
660,33,2,80462.24,1,0,0,150422.35,0,2,652,Spain,Male,DIAMOND,0
558,32,5,73494.21,1,0,0,136301.1,0,3,655,France,Male,DIAMOND,0
456,29,5,107000.49,1,1,1,153419.62,0,4,405,France,Male,DIAMOND,0
662,22,2,126362.57,2,1,1,97382.8,0,5,964,France,Female,SILVER,0
667,36,9,0.0,2,1,1,40062.29,0,4,472,France,Male,SILVER,0
646,36,6,144773.29,2,1,0,53217.3,0,3,246,Germany,Female,SILVER,0
522,41,5,144147.68,1,1,1,14789.9,0,3,225,France,Male,GOLD,0
728,30,10,114835.43,1,0,1,37662.49,0,5,548,France,Male,PLATINUM,0
711,52,8,145262.54,1,0,1,131473.31,0,1,282,Germany,Female,SILVER,0
578,46,5,113226.47,1,1,0,56770.76,0,4,916,France,Male,PLATINUM,0
649,47,1,0.0,2,1,1,145593.85,0,4,908,France,Male,GOLD,0
555,24,5,0.0,2,1,0,27513.47,0,3,747,France,Male,PLATINUM,0
613,47,6,146034.74,1,1,1,77146.14,0,2,793,France,Male,DIAMOND,0
850,44,8,0.0,2,1,1,183617.32,0,1,783,Spain,Male,GOLD,0
667,44,2,122806.95,1,0,0,15120.86,0,5,236,France,Male,SILVER,0
631,31,2,88161.85,2,1,0,127630.88,0,1,804,Spain,Female,PLATINUM,0
601,38,0,0.0,2,1,0,165196.65,0,4,657,France,Female,PLATINUM,0
655,38,9,0.0,1,0,1,90490.33,0,5,544,Spain,Male,PLATINUM,0
655,32,6,130935.56,1,1,0,9241.83,1,4,515,Germany,Female,PLATINUM,1
699,35,2,167455.66,2,1,1,55324.49,0,3,936,Spain,Male,GOLD,0
579,38,4,175739.36,1,1,1,193130.55,0,1,539,France,Female,DIAMOND,0
542,31,3,0.0,2,1,1,115217.59,0,1,945,France,Female,DIAMOND,0
629,40,6,0.0,2,1,1,139356.3,0,4,327,France,Female,SILVER,0
627,55,6,0.0,1,0,0,91943.94,1,3,396,Spain,Female,SILVER,1
805,46,6,118022.06,3,1,0,162643.15,1,4,719,France,Male,GOLD,1
815,28,6,0.0,2,0,1,185547.71,0,2,276,Spain,Male,SILVER,0
618,41,4,115251.64,1,0,0,136435.75,0,5,644,Spain,Male,PLATINUM,0
812,44,8,0.0,3,1,0,66926.83,1,2,812,Spain,Female,PLATINUM,1
682,61,10,73688.2,1,1,1,172141.33,0,2,603,France,Male,SILVER,0
489,31,7,139395.08,1,0,1,6120.84,0,4,348,France,Female,PLATINUM,0
599,44,10,118577.24,1,1,1,31448.52,0,2,785,France,Male,SILVER,0
745,38,7,0.0,2,1,1,194230.82,0,3,401,Spain,Female,DIAMOND,0
643,35,2,0.0,2,0,0,67979.35,0,1,538,Spain,Male,PLATINUM,0
681,34,3,0.0,2,0,0,55816.2,0,2,628,France,Male,GOLD,0
721,54,5,0.0,2,1,1,4493.12,0,5,863,France,Male,DIAMOND,0
476,32,6,111871.93,1,0,0,112132.86,0,3,988,France,Female,GOLD,0
632,34,2,0.0,2,0,0,165385.55,0,4,521,France,Female,SILVER,0
648,54,7,118241.02,1,1,0,172586.89,1,3,884,Spain,Female,DIAMOND,1
621,40,8,174126.75,3,1,0,172490.78,1,5,994,Germany,Male,SILVER,1
495,38,2,63093.01,1,1,1,47089.72,0,3,850,France,Female,PLATINUM,0
666,35,2,104832.49,1,1,0,175015.12,0,4,411,Spain,Male,DIAMOND,0
517,45,4,0.0,1,0,0,172674.36,1,3,296,France,Female,SILVER,1
733,31,9,102289.85,1,1,1,115441.66,0,2,239,Spain,Female,PLATINUM,0
637,50,4,126345.55,1,0,1,17323.0,1,3,683,Germany,Male,PLATINUM,1
668,28,4,107141.27,1,1,0,193018.71,0,5,898,France,Male,PLATINUM,0
577,43,8,79757.21,1,1,0,135650.72,1,3,270,Spain,Male,SILVER,1
711,26,9,128793.63,1,1,0,19262.05,0,2,274,Germany,Male,GOLD,0
730,33,0,0.0,2,1,0,1474.79,0,2,506,France,Male,SILVER,0
848,35,5,120046.74,2,1,0,84710.65,0,5,644,Spain,Male,GOLD,0
615,33,3,137657.25,2,1,1,171657.57,0,4,676,Germany,Female,PLATINUM,0
561,21,4,0.0,1,1,1,36942.35,0,3,699,France,Male,DIAMOND,0
652,75,10,0.0,2,1,1,114675.75,0,5,651,Spain,Female,DIAMOND,0
672,37,5,153195.59,1,1,1,162763.01,0,2,391,France,Male,PLATINUM,0
498,29,8,127864.26,1,1,1,46677.9,0,5,404,Spain,Male,SILVER,0
646,52,6,111739.4,2,0,1,68367.18,0,1,234,Germany,Female,DIAMOND,0
525,33,4,131023.76,2,0,0,55072.93,0,1,253,Germany,Male,DIAMOND,0
685,23,5,164902.43,1,0,0,141152.28,0,3,492,Spain,Male,GOLD,0
587,55,9,0.0,1,1,0,64593.07,0,1,916,France,Male,GOLD,0
507,33,1,113452.66,1,0,0,142911.99,0,1,401,France,Female,SILVER,0
635,78,6,47536.4,1,1,1,119400.08,0,4,896,France,Female,GOLD,0
706,30,3,98415.37,1,1,1,110520.48,0,3,635,France,Male,PLATINUM,0
749,42,2,56726.83,2,0,1,185543.35,0,2,937,France,Male,SILVER,0
505,34,10,104498.79,1,0,1,126451.14,0,3,244,France,Male,DIAMOND,0
632,28,7,155519.59,1,1,0,1843.24,0,5,557,Spain,Male,PLATINUM,0
624,52,0,133723.43,1,0,0,4859.59,1,5,500,Germany,Female,SILVER,1
611,35,10,0.0,1,1,1,23598.23,1,5,927,France,Male,SILVER,1
707,58,6,89685.92,1,0,1,126471.13,0,2,230,France,Male,GOLD,0
670,42,5,49508.79,3,1,1,100324.01,0,4,229,Germany,Female,PLATINUM,0
639,37,5,98186.7,1,0,1,173386.95,0,3,261,France,Male,DIAMOND,0
621,47,7,107363.29,1,1,1,66799.28,0,5,801,Germany,Male,DIAMOND,0
523,34,7,0.0,2,1,0,62030.06,0,4,566,Spain,Male,DIAMOND,0
826,30,5,0.0,2,0,1,157397.57,0,1,342,France,Female,SILVER,0
567,23,9,93522.2,1,0,1,81425.61,0,5,327,France,Female,SILVER,0
724,29,4,0.0,1,1,0,8982.75,0,5,881,France,Male,GOLD,0
769,43,4,110182.54,2,1,1,87537.32,0,2,505,Germany,Male,PLATINUM,0
531,37,1,0.0,1,1,0,4606.97,0,1,427,France,Female,GOLD,0
609,26,7,0.0,2,1,0,98463.99,0,3,817,France,Male,SILVER,0
714,34,5,0.0,2,1,0,193040.32,0,3,446,Spain,Male,SILVER,0
731,37,3,116880.53,1,0,0,172718.35,1,5,782,Germany,Male,SILVER,1
604,28,6,0.0,2,1,1,69056.26,0,4,634,Spain,Female,SILVER,0
597,33,9,0.0,2,1,0,49374.82,0,2,297,France,Male,PLATINUM,0
661,27,3,0.0,2,1,1,76889.79,0,2,969,France,Female,SILVER,0
521,25,7,0.0,2,1,1,157878.67,0,1,323,France,Male,SILVER,0
435,36,4,0.0,1,1,1,197015.2,0,4,758,France,Male,PLATINUM,0
850,68,5,169445.4,1,1,1,186335.07,0,4,618,France,Male,PLATINUM,0
507,46,6,92783.68,1,1,1,51424.29,0,2,322,Spain,Male,DIAMOND,0
850,57,8,126776.3,2,1,1,132298.49,0,3,244,Spain,Female,GOLD,0
481,28,10,0.0,2,1,0,145215.96,0,4,318,France,Female,PLATINUM,0
663,43,4,87624.03,2,1,0,149401.33,0,1,473,France,Male,PLATINUM,0
592,66,5,149950.19,1,1,1,76267.59,0,4,404,France,Female,DIAMOND,0
679,44,3,118742.74,2,1,0,1568.91,0,1,233,France,Female,DIAMOND,0
786,34,9,0.0,2,1,0,117034.32,0,4,472,Spain,Female,SILVER,0
719,32,9,146605.27,1,1,1,77119.45,0,2,603,France,Male,GOLD,0
731,33,4,0.0,2,1,1,74945.11,0,3,383,France,Male,GOLD,0
606,71,8,0.0,2,1,1,169741.96,0,4,814,France,Female,GOLD,0
724,54,8,172192.49,1,1,1,136902.01,0,2,565,Germany,Male,SILVER,0
573,47,8,154543.98,1,1,0,29586.73,0,4,842,France,Female,DIAMOND,0
491,61,8,0.0,2,0,1,139861.53,0,4,973,Spain,Female,PLATINUM,0
729,26,4,97268.1,2,1,0,39356.38,0,3,309,Germany,Male,GOLD,0
655,37,6,109093.41,2,1,0,1775.52,0,5,804,France,Male,SILVER,0
701,48,1,92072.68,1,1,1,133992.36,0,3,340,Germany,Female,SILVER,0
841,34,4,0.0,2,1,0,141582.66,0,3,572,France,Male,DIAMOND,0
627,31,8,128131.73,1,1,0,96131.47,0,3,757,France,Male,PLATINUM,0
559,34,5,68999.66,2,1,1,66879.27,0,2,840,France,Female,PLATINUM,0
543,34,8,0.0,2,0,1,145601.8,0,5,236,France,Female,SILVER,0
654,40,3,0.0,2,1,0,167889.1,0,4,428,France,Female,DIAMOND,0
639,38,4,81550.94,2,0,1,118974.77,0,4,860,France,Female,GOLD,0
617,74,10,0.0,2,1,1,53949.98,0,3,957,France,Male,SILVER,0
703,42,7,0.0,2,0,1,72500.68,0,3,449,France,Female,DIAMOND,0
519,42,8,0.0,2,1,1,101485.72,0,4,427,France,Male,SILVER,0
549,29,8,0.0,2,1,1,189558.44,0,4,278,France,Female,GOLD,0
452,33,6,131698.57,2,1,0,151623.91,0,3,475,France,Female,GOLD,0
738,33,3,122134.4,2,0,1,27867.59,0,4,298,Spain,Female,SILVER,0
787,32,4,0.0,2,1,1,13238.93,0,2,643,France,Male,PLATINUM,0
807,37,10,130110.45,2,0,1,172097.95,0,4,539,Germany,Male,DIAMOND,0
607,39,8,105103.33,1,1,0,104721.5,1,4,697,Germany,Female,PLATINUM,1
724,53,1,139687.66,2,1,1,12913.92,0,2,371,Germany,Female,DIAMOND,0
625,51,4,124620.01,2,1,0,92243.94,1,4,513,France,Female,DIAMOND,1
788,55,3,0.0,1,0,1,13288.46,1,5,751,France,Male,DIAMOND,1
711,38,10,0.0,2,0,0,53311.78,0,1,784,France,Male,DIAMOND,0
655,32,9,113447.01,1,1,0,82084.3,0,5,748,Germany,Male,DIAMOND,0
574,41,1,0.0,2,0,0,70550.0,0,3,382,France,Male,SILVER,0
521,49,4,82940.25,2,0,0,62413.01,1,3,772,Spain,Female,GOLD,1
597,33,6,135703.59,2,0,0,74850.84,0,3,438,France,Female,SILVER,0
671,31,0,116234.61,1,1,0,172096.08,0,5,395,France,Male,SILVER,0
664,35,1,115024.5,1,0,1,169665.79,0,2,678,Spain,Male,DIAMOND,0
737,70,9,87542.89,2,1,1,42576.86,0,4,631,France,Female,DIAMOND,0
850,38,5,146756.68,1,1,0,78268.61,0,2,364,Germany,Male,GOLD,0
633,35,3,0.0,2,1,1,36249.76,0,2,376,France,Male,GOLD,0
814,44,8,95488.82,2,0,0,107013.59,0,4,474,Germany,Male,DIAMOND,0
705,47,3,63488.7,1,0,1,28640.92,1,4,555,Spain,Female,DIAMOND,1
499,60,7,76961.6,2,1,1,83643.87,0,1,514,France,Male,PLATINUM,0
766,30,4,127786.28,2,1,1,28879.3,0,1,491,Germany,Male,SILVER,0
689,26,4,120727.97,1,0,1,149073.88,0,5,915,Germany,Male,PLATINUM,0
622,38,5,0.0,2,0,0,105295.77,0,1,773,France,Male,SILVER,0
577,32,1,0.0,2,1,0,9902.39,0,2,899,France,Female,SILVER,0
684,54,6,0.0,2,1,1,94888.6,0,3,335,France,Male,SILVER,0
850,53,7,65407.16,2,0,0,182633.63,1,1,480,Spain,Female,PLATINUM,1
731,33,5,137388.01,2,1,0,165000.68,0,3,935,Spain,Female,PLATINUM,0
850,42,3,0.0,2,1,1,176883.42,0,2,634,France,Female,GOLD,0
521,29,3,60280.62,1,1,0,154271.41,0,3,700,Spain,Male,DIAMOND,0
630,42,6,0.0,2,1,0,162697.93,0,1,986,France,Male,GOLD,0
668,47,7,106854.21,1,0,1,157959.02,1,3,629,Germany,Male,GOLD,1
555,31,8,145875.74,1,1,0,137491.23,0,3,239,France,Male,GOLD,0
671,58,1,178713.98,1,1,1,21768.21,0,4,953,Spain,Male,SILVER,0
591,29,1,97541.24,1,1,1,196356.17,0,2,850,Spain,Male,PLATINUM,0
705,36,1,111629.29,1,1,1,21807.16,0,5,812,Spain,Male,PLATINUM,0
499,39,6,0.0,2,1,1,81409.0,0,3,351,Spain,Male,GOLD,0
662,20,9,104508.77,2,0,0,73107.53,0,5,944,Spain,Male,DIAMOND,0
683,30,2,0.0,2,0,1,100496.84,1,2,526,France,Female,PLATINUM,1
468,36,3,61636.97,1,0,0,107787.42,0,4,928,France,Male,GOLD,0
499,28,4,141792.61,1,1,1,22001.91,0,2,695,France,Female,PLATINUM,0
506,40,3,0.0,1,1,1,144345.58,0,1,479,France,Female,PLATINUM,0
708,33,8,0.0,2,0,1,15246.83,0,3,304,France,Female,PLATINUM,0
577,25,3,0.0,2,0,1,124508.29,0,3,659,France,Male,PLATINUM,0
806,18,3,0.0,2,1,1,86994.54,0,2,768,Spain,Male,GOLD,0
654,37,2,145610.07,2,0,0,186300.59,0,5,458,Germany,Male,SILVER,0
850,33,7,118004.26,1,1,0,183983.82,0,5,782,France,Female,SILVER,0
702,38,2,0.0,1,1,1,161888.63,0,2,364,Spain,Female,GOLD,0
516,65,9,102541.1,1,1,0,181490.42,0,4,933,Spain,Female,PLATINUM,0
780,34,1,0.0,1,1,1,64804.04,0,1,885,France,Male,PLATINUM,0
557,34,3,83074.0,1,1,0,132673.22,0,2,496,France,Male,GOLD,0
568,33,7,0.0,2,1,0,143450.61,0,1,392,France,Male,PLATINUM,0
570,21,7,116099.82,1,1,1,148087.62,0,5,888,Spain,Male,DIAMOND,0
690,26,5,157624.84,1,1,1,49599.27,0,5,881,France,Female,DIAMOND,0
664,44,8,142989.69,1,1,1,115452.51,1,3,750,France,Female,DIAMOND,1
550,46,7,0.0,2,1,0,130590.35,0,5,473,France,Female,GOLD,0
850,53,2,94078.97,2,1,0,36980.54,0,4,325,Germany,Male,GOLD,0
590,37,0,64345.21,1,0,1,61759.33,1,5,282,Spain,Female,GOLD,1
564,30,0,100954.88,2,0,0,134175.15,0,1,747,Germany,Female,PLATINUM,0
790,50,8,121438.58,1,1,1,176471.78,1,4,352,Germany,Male,GOLD,1
683,30,4,114779.35,1,0,0,183171.47,0,1,403,France,Male,SILVER,0
661,51,6,146606.6,1,1,1,68021.9,0,5,259,France,Male,DIAMOND,0
696,49,5,97036.22,2,1,0,152450.84,1,1,594,Germany,Male,PLATINUM,1
793,38,9,0.0,2,1,0,88225.02,0,1,690,Spain,Male,SILVER,0
663,28,8,61274.7,2,1,0,136054.45,0,4,244,Spain,Female,PLATINUM,0
584,35,2,114321.28,2,0,0,15959.01,0,3,855,France,Female,DIAMOND,0
432,38,7,0.0,2,1,0,150580.88,0,1,716,Spain,Male,PLATINUM,0
794,54,1,75900.84,1,1,1,192154.66,0,4,322,Germany,Female,GOLD,0
553,41,1,0.0,2,1,0,90607.31,0,2,534,France,Male,PLATINUM,0
667,34,5,0.0,2,1,0,163830.64,0,5,627,Spain,Female,DIAMOND,0
730,36,8,148749.29,2,1,0,91830.75,0,3,694,France,Female,GOLD,0
534,41,9,0.0,2,1,0,13871.34,0,2,222,France,Male,DIAMOND,0
604,30,5,0.0,2,1,0,75786.55,0,1,468,France,Male,PLATINUM,0
580,29,9,61710.44,2,1,0,128077.8,0,1,520,Spain,Male,DIAMOND,0
754,39,3,74896.33,1,0,0,34430.16,0,1,787,France,Male,PLATINUM,0
660,39,5,135134.99,1,1,0,173683.0,1,1,816,Germany,Female,DIAMOND,1
608,34,4,88772.87,1,1,1,168822.01,0,1,626,France,Female,GOLD,0
735,43,9,98807.45,1,0,0,184570.04,1,4,730,Germany,Female,SILVER,1
753,39,7,155062.8,1,1,1,16460.77,0,3,674,France,Female,GOLD,0
739,40,4,0.0,2,0,0,173321.65,0,4,804,France,Male,GOLD,0
640,66,9,116037.76,1,0,1,184636.05,0,1,909,France,Female,DIAMOND,0
663,28,4,0.0,2,1,1,123969.64,0,2,540,France,Male,PLATINUM,0
701,36,7,95448.32,2,1,0,189085.07,0,1,692,Germany,Male,PLATINUM,0
726,36,2,0.0,1,1,0,195192.4,0,5,560,Spain,Male,SILVER,0
456,33,1,188285.68,1,0,0,58363.94,0,5,516,France,Female,PLATINUM,0
610,25,2,0.0,2,1,0,123723.83,0,3,923,France,Female,SILVER,0
793,54,2,128966.13,1,0,0,18633.4,1,5,835,Germany,Male,SILVER,1
568,30,8,73054.37,2,1,1,27012.0,0,5,560,France,Male,PLATINUM,0
635,43,5,78992.75,2,0,0,153265.31,0,5,368,Germany,Male,SILVER,0
534,52,1,0.0,3,1,1,104035.41,1,5,278,France,Male,SILVER,1
621,43,5,0.0,1,1,1,47578.45,0,1,777,France,Female,SILVER,0
830,40,8,77701.64,1,0,1,19512.38,0,4,671,Germany,Female,DIAMOND,0
759,26,4,0.0,2,1,0,135394.62,0,3,275,France,Male,DIAMOND,0
753,33,5,122568.05,2,1,1,82820.85,0,4,491,France,Male,GOLD,0
741,21,9,0.0,2,0,1,139259.54,0,5,781,France,Female,SILVER,0
705,43,7,79974.55,1,1,1,103108.33,0,1,475,Germany,Female,SILVER,0
660,29,6,180520.29,1,1,1,123850.58,0,2,988,Germany,Female,SILVER,0
660,63,8,137841.53,1,1,1,42790.29,0,2,985,France,Male,GOLD,0
573,31,0,134644.19,1,1,1,70381.49,0,5,603,Germany,Male,SILVER,0
553,41,9,110112.54,2,0,0,81898.81,0,3,611,Germany,Male,GOLD,0
618,30,3,133844.22,1,1,1,31406.93,0,5,422,France,Male,GOLD,0
599,41,2,91328.71,1,1,0,115724.78,0,1,381,France,Female,GOLD,0
558,31,7,0.0,1,1,0,198269.08,0,5,239,France,Male,PLATINUM,0
689,58,5,0.0,2,0,1,49848.86,0,3,478,France,Female,SILVER,0
583,48,3,91246.53,1,1,0,60017.46,1,4,401,France,Male,SILVER,1
737,43,0,80090.93,1,1,0,39920.0,1,5,394,France,Male,SILVER,1
683,30,8,110829.52,2,0,0,24938.84,0,2,698,France,Male,PLATINUM,0
535,45,2,0.0,2,0,1,170621.55,0,4,921,France,Female,GOLD,0
711,43,2,39043.29,2,1,1,175423.69,0,2,258,Germany,Male,DIAMOND,0
592,34,6,102143.93,2,1,1,102628.98,0,2,962,Germany,Female,GOLD,0
748,39,3,0.0,2,1,1,123998.52,0,2,511,Spain,Male,PLATINUM,0
837,49,8,103302.37,1,1,1,50974.57,0,3,999,France,Male,PLATINUM,0
547,29,6,104450.86,1,1,1,37160.28,0,2,546,France,Female,SILVER,0
616,23,8,73112.95,1,1,1,62733.05,0,1,606,France,Male,GOLD,0
694,39,5,77652.4,1,1,1,25407.59,0,3,350,France,Male,GOLD,0
693,47,8,107604.66,1,1,1,80149.27,0,5,446,Spain,Male,SILVER,0
677,49,3,0.0,2,1,1,187811.71,0,3,643,France,Female,GOLD,0
608,30,2,91057.37,2,1,0,132973.17,0,4,379,Germany,Female,GOLD,0
514,38,4,112230.38,1,1,0,16717.11,1,1,336,France,Male,GOLD,1
679,42,1,0.0,2,0,0,71823.15,0,1,726,France,Male,SILVER,0
691,26,9,136623.19,1,1,0,153228.0,0,3,550,France,Male,GOLD,0
773,63,9,111179.83,1,1,1,93091.02,0,4,960,Spain,Male,DIAMOND,0
764,41,7,0.0,2,0,0,134878.34,0,3,784,France,Male,SILVER,0
698,55,8,155059.1,2,1,1,144584.29,0,2,976,Germany,Male,GOLD,0
732,43,6,0.0,2,1,0,65731.53,0,3,767,France,Female,PLATINUM,0
546,42,9,86351.85,2,1,0,57380.13,0,2,544,Germany,Female,GOLD,0
620,43,2,0.0,2,1,0,20670.1,0,5,540,Spain,Female,GOLD,0
692,28,8,95059.02,2,1,0,44420.18,0,1,588,France,Female,GOLD,0
536,35,8,0.0,1,1,0,171840.24,1,1,418,France,Female,SILVER,1
544,38,8,0.0,1,1,1,98208.62,0,3,661,France,Male,GOLD,0
726,38,4,0.0,2,0,0,6787.48,0,5,523,France,Female,DIAMOND,0
500,30,2,125495.64,2,1,1,68807.47,0,3,276,Germany,Male,SILVER,0
631,26,1,149144.61,1,0,1,123697.95,0,3,887,France,Male,PLATINUM,0
632,30,2,72549.0,2,0,1,182728.8,0,3,845,Germany,Male,DIAMOND,0
742,28,2,191864.51,1,1,0,108457.99,1,5,489,France,Female,SILVER,1
621,32,1,0.0,2,1,1,168779.47,0,5,781,France,Male,GOLD,0
653,46,0,119556.1,1,1,0,78250.13,1,2,975,France,Male,PLATINUM,1
529,35,5,0.0,2,1,1,187288.5,0,2,395,Spain,Male,PLATINUM,0
576,45,5,133618.01,1,0,0,135244.87,0,3,291,Spain,Male,SILVER,0
413,39,1,130969.77,2,1,1,158891.79,0,1,827,Germany,Male,PLATINUM,0
653,60,2,120731.39,4,1,1,138160.11,1,4,663,France,Female,GOLD,1
510,32,9,103324.78,1,1,1,46127.7,0,3,244,France,Male,GOLD,0
791,33,3,0.0,1,1,1,144413.92,1,5,653,France,Female,SILVER,1
581,39,1,121523.51,1,0,0,161655.55,1,3,875,Germany,Male,SILVER,1
458,43,1,106870.12,2,1,0,100564.37,0,3,322,Germany,Female,DIAMOND,0
489,51,3,0.0,2,0,1,174098.28,1,3,683,France,Female,GOLD,1
850,32,8,0.0,2,1,1,55593.8,0,2,341,France,Female,SILVER,0
759,40,4,0.0,2,1,0,124615.59,0,1,685,France,Male,SILVER,0
612,46,9,161450.03,1,1,1,96961.0,1,2,882,Germany,Male,PLATINUM,1
652,26,1,131908.35,1,1,1,179269.79,0,1,343,Germany,Female,PLATINUM,0
678,49,8,0.0,2,0,1,98090.69,0,3,401,Spain,Female,DIAMOND,0
767,34,8,0.0,2,1,0,94767.77,0,1,911,France,Female,GOLD,0
679,33,4,96110.22,1,1,0,1173.23,0,2,681,Spain,Male,SILVER,0
668,25,8,0.0,2,1,1,135112.09,0,2,765,Spain,Male,SILVER,0
769,40,9,133871.05,1,1,1,50568.02,0,4,887,France,Female,PLATINUM,0
487,31,1,0.0,2,1,0,158750.13,0,3,546,Spain,Female,SILVER,0
602,34,8,98382.72,1,1,0,39542.0,0,4,240,Spain,Male,GOLD,0
539,30,0,0.0,2,1,0,160979.66,0,4,231,France,Male,DIAMOND,0
728,28,4,142243.54,2,1,0,33074.51,0,4,903,France,Female,SILVER,0
611,34,4,0.0,2,1,0,170950.58,0,4,911,Spain,Male,DIAMOND,0
728,69,1,0.0,2,1,1,131804.86,0,4,341,France,Female,PLATINUM,0
687,44,8,95368.14,2,1,1,1787.85,0,3,619,Germany,Male,GOLD,0
576,30,7,132174.41,2,0,0,93767.03,0,1,546,Germany,Male,GOLD,0
724,37,10,68598.56,1,1,0,157862.82,0,1,260,France,Female,GOLD,0
669,38,9,121858.98,1,1,0,130755.34,0,2,981,France,Female,DIAMOND,0
751,48,9,0.0,1,1,0,137508.42,1,3,702,France,Female,SILVER,1
551,45,6,0.0,2,1,1,51143.43,0,1,692,France,Female,GOLD,0
541,29,7,127504.57,1,0,0,86173.92,0,4,647,France,Male,DIAMOND,0
613,45,9,142765.24,2,1,0,34749.65,0,3,647,Germany,Female,SILVER,0
736,29,4,0.0,2,0,0,51705.01,0,2,240,France,Male,DIAMOND,0
656,27,4,118627.16,2,1,1,160835.3,0,4,563,Germany,Male,SILVER,0
718,28,4,65643.3,1,1,0,28760.99,0,5,887,Germany,Male,GOLD,0
648,35,7,0.0,2,1,1,78436.36,0,2,853,Spain,Male,SILVER,0
524,52,2,87894.26,1,1,0,173899.42,1,4,771,France,Male,SILVER,1
815,56,3,0.0,3,1,1,94248.16,1,3,688,France,Female,GOLD,1
696,28,4,172646.82,1,1,1,116471.43,0,4,441,France,Male,DIAMOND,0
785,32,3,124493.03,2,0,1,52583.79,1,1,839,Germany,Female,DIAMOND,1
753,32,5,159904.79,1,1,0,148811.14,0,1,767,Germany,Male,GOLD,0
543,42,5,0.0,2,0,0,101905.34,0,2,266,France,Female,SILVER,0
597,53,4,88381.21,1,1,0,69384.71,1,3,369,France,Female,GOLD,1
802,38,7,0.0,2,0,1,57764.65,0,5,476,Spain,Male,GOLD,0
601,47,1,142802.02,1,1,1,57553.02,0,1,712,Germany,Female,SILVER,0
757,51,1,0.0,1,1,1,22835.13,1,2,740,France,Female,SILVER,1
640,63,2,68432.45,2,1,1,112503.24,1,1,384,France,Male,SILVER,1
625,38,7,0.0,1,1,0,164804.02,0,1,480,France,Female,DIAMOND,0
557,33,3,54503.55,1,1,1,371.05,0,5,362,France,Male,SILVER,0
540,39,1,82531.11,1,1,0,114092.52,0,3,361,Germany,Male,GOLD,0
812,24,1,92476.88,1,0,0,83247.14,0,4,816,Spain,Female,GOLD,0
626,27,4,115084.53,2,0,1,26907.43,0,3,258,Germany,Male,GOLD,0
810,38,9,153166.17,1,1,1,93261.69,0,2,474,France,Female,DIAMOND,0
503,36,9,0.0,2,1,1,16274.67,0,5,916,Spain,Female,SILVER,0
684,37,1,126817.13,2,1,1,29995.83,1,1,511,Germany,Male,GOLD,1
808,41,0,0.0,1,1,1,79888.78,0,3,398,France,Male,GOLD,0
597,29,1,132144.35,1,1,0,158086.33,0,1,718,France,Female,DIAMOND,0
571,38,1,121405.04,1,1,1,154844.22,0,4,585,France,Male,GOLD,0
692,36,3,79551.12,1,0,1,178267.07,0,2,591,France,Female,SILVER,0
528,29,3,102787.42,1,1,0,55972.56,0,4,751,France,Male,GOLD,0
544,64,3,124043.8,1,1,1,111402.97,1,1,642,France,Female,DIAMOND,1
588,30,3,115007.08,1,0,0,176858.5,0,1,572,France,Male,PLATINUM,0
715,35,4,40169.88,2,1,1,199857.47,0,5,484,Spain,Female,GOLD,0
619,29,5,0.0,2,1,0,194310.1,0,1,775,France,Male,DIAMOND,0
642,32,3,0.0,2,1,1,88698.83,0,1,350,France,Male,SILVER,0
563,33,8,0.0,2,0,1,68815.05,0,5,983,France,Male,PLATINUM,0
544,44,1,0.0,2,0,0,69244.24,0,2,926,France,Male,GOLD,0
569,44,4,0.0,2,0,0,134394.78,0,1,592,France,Female,SILVER,0
766,32,6,185714.28,1,1,1,102502.5,0,5,807,France,Male,GOLD,0
534,36,4,120037.96,1,1,0,36275.94,0,4,488,France,Male,PLATINUM,0
534,51,3,0.0,2,0,1,20856.31,0,5,253,Spain,Male,GOLD,0
637,28,3,123675.69,1,1,1,166458.41,0,4,711,Germany,Male,DIAMOND,0
623,44,1,83325.77,1,0,1,80828.78,0,1,525,Spain,Male,DIAMOND,0
608,38,9,102406.76,1,0,1,57600.66,0,3,516,Spain,Female,SILVER,0
684,39,4,207034.96,2,0,0,157694.76,1,4,800,Spain,Male,DIAMOND,1
709,26,6,156551.63,1,0,1,4410.77,0,1,772,France,Male,DIAMOND,0
736,46,5,130812.91,1,1,1,77981.54,1,3,610,Germany,Male,SILVER,1
437,49,9,111634.29,2,0,1,166440.32,0,3,805,France,Male,DIAMOND,0
798,34,9,154495.79,1,1,0,191395.88,0,1,370,France,Male,PLATINUM,0
835,35,6,127120.07,1,1,0,28707.69,0,2,525,France,Male,PLATINUM,0
692,45,6,142084.04,4,1,0,188305.85,1,5,322,Germany,Male,DIAMOND,1
705,34,7,117715.84,1,1,0,2498.67,0,5,408,France,Male,PLATINUM,0
682,37,5,0.0,2,0,1,112554.68,0,3,897,France,Male,PLATINUM,0
639,27,2,0.0,1,1,1,82938.99,0,4,520,Spain,Female,GOLD,0
571,37,9,139592.98,3,1,0,104152.65,1,5,923,Germany,Male,PLATINUM,1
585,67,5,113978.97,2,0,1,93146.11,0,5,580,France,Female,SILVER,0
675,34,8,0.0,2,1,1,184842.21,0,2,977,France,Male,GOLD,0
537,26,7,106397.75,1,0,0,103563.23,0,3,445,France,Male,DIAMOND,0
529,28,9,0.0,2,1,1,52545.24,0,2,572,France,Male,GOLD,0
738,57,9,148384.64,1,0,0,155047.11,1,5,285,Germany,Female,DIAMOND,1
754,35,4,0.0,2,1,1,9658.41,0,1,474,Spain,Male,SILVER,0
850,28,2,0.0,2,1,1,38773.74,0,2,887,France,Female,PLATINUM,0
579,43,2,145843.82,1,1,1,198402.37,1,2,783,Spain,Male,GOLD,1
752,36,2,119912.46,1,1,0,124354.92,0,4,707,France,Female,PLATINUM,0
745,44,0,119638.21,1,1,1,34265.08,1,3,660,Germany,Female,SILVER,1
680,35,9,0.0,2,0,0,143774.06,0,5,590,Spain,Male,PLATINUM,0
416,25,0,97738.97,2,1,1,160523.33,0,1,974,Germany,Female,DIAMOND,0
631,27,10,134169.62,1,1,1,176730.02,0,5,863,Spain,Male,PLATINUM,0
744,41,7,190409.34,2,1,1,138361.48,0,3,915,Germany,Male,PLATINUM,0
655,45,7,57327.04,1,0,1,47349.0,0,3,892,France,Female,SILVER,0
850,33,2,83415.04,1,0,1,74917.64,0,3,271,Germany,Female,PLATINUM,0
799,35,7,0.0,2,0,1,140780.8,0,4,695,Spain,Male,PLATINUM,0
762,35,3,119349.69,3,1,1,47114.18,1,5,253,Spain,Female,DIAMOND,1
631,55,9,99685.06,1,1,0,114474.98,0,1,932,Spain,Male,DIAMOND,0
678,38,2,0.0,2,0,0,115068.99,0,1,223,France,Female,PLATINUM,0
708,32,8,187487.63,1,1,1,120115.5,0,3,681,Spain,Female,GOLD,0
497,27,9,75263.16,1,1,1,164825.04,0,5,709,Spain,Male,GOLD,0
684,38,3,134168.5,3,1,0,3966.5,1,5,888,Spain,Female,DIAMOND,1
660,52,4,86891.84,1,1,0,90877.76,0,4,753,Germany,Female,DIAMOND,0
763,32,8,0.0,2,1,0,16725.53,0,4,490,Spain,Female,GOLD,0
765,45,2,91549.78,1,1,1,47139.44,0,3,926,Spain,Male,PLATINUM,0
820,39,9,111336.89,1,1,0,16770.31,1,5,753,Germany,Male,PLATINUM,1
645,29,4,0.0,2,1,1,74346.11,0,4,268,Spain,Female,GOLD,0
605,29,3,116805.82,1,0,0,4092.75,0,5,851,Spain,Female,PLATINUM,0
640,67,3,0.0,1,0,1,42964.63,0,5,461,France,Female,GOLD,0
532,39,0,0.0,2,1,0,94977.3,0,1,777,Spain,Female,PLATINUM,0
616,44,7,193213.02,2,1,1,137392.77,0,1,364,Spain,Female,GOLD,0
731,40,5,171325.98,1,1,1,159718.27,1,2,964,Spain,Female,SILVER,1
733,74,3,106545.53,1,1,1,134589.58,0,1,978,Germany,Male,GOLD,0
581,41,8,0.0,2,0,0,29737.14,0,3,927,France,Male,GOLD,0
768,25,6,0.0,2,1,1,21215.67,0,3,928,France,Male,PLATINUM,0
718,39,3,0.0,2,1,1,145355.11,0,2,709,France,Female,PLATINUM,0
580,42,2,123331.36,1,0,0,103516.08,1,3,362,Germany,Female,DIAMOND,1
846,37,6,127103.97,1,1,1,41516.44,0,1,290,France,Female,SILVER,0
657,37,2,0.0,2,1,1,7667.48,0,2,398,France,Female,DIAMOND,0
741,38,9,0.0,2,1,0,14379.01,0,5,347,France,Male,GOLD,0
717,25,7,108664.85,2,1,0,190011.85,0,3,433,France,Female,PLATINUM,0
594,18,1,132694.73,1,1,0,167689.56,0,3,323,Germany,Male,SILVER,0
637,48,7,130806.99,2,1,1,132005.85,1,1,358,France,Female,PLATINUM,1
639,50,6,115335.32,2,1,1,53130.41,0,3,508,France,Female,DIAMOND,0
577,30,8,92472.1,2,0,1,126434.61,0,4,569,France,Female,SILVER,0
837,31,9,104678.62,1,0,1,50972.6,0,2,263,Spain,Male,SILVER,0
719,50,2,0.0,2,0,0,10772.13,0,4,930,Spain,Male,PLATINUM,0
735,39,1,60374.98,1,1,0,40223.74,0,3,351,Spain,Male,GOLD,0
609,37,5,129312.79,1,1,1,26793.82,0,3,922,Spain,Male,PLATINUM,0
696,27,4,87637.26,2,0,0,196111.35,0,5,685,France,Male,GOLD,0
666,36,3,0.0,2,1,0,35156.54,0,2,995,France,Male,DIAMOND,0
529,31,2,164003.05,2,1,1,60993.23,0,3,407,France,Female,SILVER,0
687,36,5,0.0,1,1,0,17696.22,0,4,630,Spain,Female,SILVER,0
455,37,6,170057.62,1,0,1,54398.56,0,5,932,Germany,Female,GOLD,0
504,73,8,0.0,1,1,1,34595.58,0,3,672,France,Female,GOLD,0
678,30,0,0.0,1,1,0,35113.08,0,4,965,Spain,Male,GOLD,0
765,37,7,102708.77,1,1,0,9087.81,0,4,597,Germany,Male,PLATINUM,0
775,25,10,60205.2,2,1,0,14073.11,0,4,490,Germany,Male,GOLD,0
659,38,3,0.0,2,1,0,158553.1,0,5,804,France,Female,SILVER,0
792,28,4,130142.79,1,1,0,38190.78,0,3,911,France,Female,DIAMOND,0
779,42,5,0.0,2,0,0,25951.91,0,1,530,France,Female,SILVER,0
774,32,9,0.0,2,1,0,10604.48,0,3,752,Spain,Male,DIAMOND,0
788,33,5,0.0,2,0,0,116978.19,0,3,982,France,Female,GOLD,0
704,41,9,62078.21,2,1,0,129050.67,0,3,981,Germany,Male,PLATINUM,0
560,30,0,108883.29,1,1,0,27914.95,0,5,469,France,Female,GOLD,0
631,33,4,123246.7,1,0,0,112687.57,0,3,662,Germany,Female,SILVER,0
636,76,9,126534.6,1,1,1,39789.62,0,4,847,Spain,Male,DIAMOND,0
592,37,7,0.0,2,1,1,126726.33,0,5,241,France,Female,SILVER,0
675,36,7,89409.95,1,1,1,149399.7,0,4,844,Germany,Male,GOLD,0
567,46,1,68238.51,2,1,1,109572.58,0,3,281,Germany,Female,PLATINUM,0
540,35,7,128369.75,2,1,0,198256.15,0,2,653,Germany,Female,PLATINUM,0
751,30,3,165257.2,1,0,0,134822.05,0,5,485,France,Male,GOLD,0
477,22,5,82559.42,2,0,0,163112.9,1,3,661,France,Male,DIAMOND,1
608,26,1,106648.98,1,0,1,7063.6,0,5,672,Germany,Male,PLATINUM,0
770,68,2,183555.24,1,0,0,159557.28,1,5,561,France,Female,PLATINUM,1
695,45,9,43134.65,1,0,1,77330.35,0,1,582,France,Male,GOLD,0
631,36,1,0.0,2,0,0,133141.34,0,3,555,France,Male,SILVER,0
561,24,8,143656.55,1,0,1,180932.46,0,1,689,Spain,Male,DIAMOND,0
527,33,9,132168.28,1,0,0,98734.15,0,3,399,Spain,Male,GOLD,0
627,30,4,79871.02,2,1,0,129826.89,0,4,396,Germany,Female,DIAMOND,0
748,31,1,99557.94,1,1,0,199255.32,0,1,425,Germany,Female,DIAMOND,0
597,33,2,0.0,2,1,1,4700.66,0,3,955,Spain,Female,GOLD,0
526,32,6,131938.92,2,1,1,1795.93,0,4,414,Germany,Female,SILVER,0
747,61,7,155973.13,1,0,1,147554.26,0,5,527,France,Male,GOLD,0
778,40,8,104291.41,2,1,1,117507.11,0,5,998,Spain,Male,GOLD,0
673,35,6,0.0,2,1,0,98618.79,0,5,222,Spain,Female,SILVER,0
788,36,10,109632.85,1,1,1,16149.13,0,4,283,Spain,Male,GOLD,0
644,46,6,12459.19,1,0,0,156787.34,1,1,896,Spain,Female,PLATINUM,1
748,23,8,85600.08,1,0,0,134077.71,0,4,872,Spain,Female,DIAMOND,0
648,19,1,0.0,2,0,1,22101.86,0,4,303,France,Female,GOLD,0
750,38,7,97257.41,2,0,1,179883.04,0,3,324,Spain,Female,DIAMOND,0
746,24,3,137492.35,2,0,1,170142.09,0,3,642,France,Male,PLATINUM,0
763,31,7,143966.3,2,1,1,140262.96,1,4,647,Germany,Male,DIAMOND,1
593,44,5,0.0,1,1,0,128046.98,0,2,569,Spain,Male,SILVER,0
686,41,10,0.0,1,1,0,133086.45,0,1,466,France,Female,DIAMOND,0
627,41,6,0.0,3,1,1,138700.75,1,4,223,France,Female,DIAMOND,1
593,69,2,187013.13,2,0,1,105898.69,0,1,952,Germany,Male,GOLD,0
731,40,7,118991.79,1,1,1,156048.64,0,2,253,France,Female,PLATINUM,0
635,36,9,81231.85,2,1,0,196731.08,0,3,839,Germany,Female,GOLD,0
498,45,7,109200.74,2,0,1,165990.44,0,5,662,Germany,Male,PLATINUM,0
631,35,9,112392.45,2,1,0,24472.23,0,2,549,France,Male,DIAMOND,0
477,36,3,117700.86,1,0,0,74042.0,0,3,775,Germany,Female,GOLD,0
730,26,6,0.0,2,1,1,185808.7,0,4,325,Spain,Male,GOLD,0
635,29,1,0.0,1,0,1,24865.54,0,1,798,France,Male,GOLD,0
746,29,4,105599.67,1,1,1,43106.17,0,3,425,France,Female,DIAMOND,0
519,48,10,71083.98,1,1,0,137959.0,0,2,824,France,Male,SILVER,0
764,39,9,138341.51,1,1,0,50072.94,1,2,699,Germany,Female,GOLD,1
660,19,5,127649.64,1,1,1,40368.65,0,1,863,France,Male,GOLD,0
522,34,9,126436.29,1,1,0,174248.52,1,3,973,Spain,Male,GOLD,1
655,40,0,81954.6,1,1,1,198798.44,1,3,535,Germany,Female,SILVER,1
701,35,2,0.0,2,1,1,65765.22,0,5,939,France,Female,PLATINUM,0
589,46,10,0.0,2,0,1,168369.37,0,3,821,Spain,Female,DIAMOND,0
655,38,3,250898.09,3,0,1,81054.0,1,1,336,Spain,Male,SILVER,1
575,28,7,0.0,1,1,1,10666.05,0,1,750,Spain,Male,PLATINUM,0
779,40,2,75470.23,1,1,1,52894.01,0,1,921,Germany,Female,PLATINUM,0
688,34,9,91025.58,2,0,1,163783.0,0,4,985,Germany,Female,SILVER,0
658,32,8,0.0,1,1,1,80410.68,0,1,867,France,Male,GOLD,0
525,37,0,0.0,1,0,1,131521.72,0,5,642,Spain,Female,SILVER,0
576,46,4,137367.94,1,1,1,33450.11,0,4,513,Germany,Male,DIAMOND,0
754,35,6,98585.94,2,0,1,106116.84,0,3,765,Germany,Male,PLATINUM,0
581,49,10,0.0,2,0,0,41623.59,0,1,242,Spain,Male,GOLD,0
799,70,8,70416.75,1,1,1,36483.52,0,4,958,France,Male,PLATINUM,0
846,41,5,0.0,3,1,0,3440.47,1,1,994,France,Female,GOLD,1
542,26,2,0.0,2,1,1,54869.54,0,2,303,Spain,Female,PLATINUM,0
693,41,9,181461.48,3,1,1,187929.43,1,3,430,Germany,Female,GOLD,1
606,38,7,128578.52,1,1,1,193878.51,0,4,260,Spain,Male,SILVER,0
699,40,2,0.0,1,1,0,78387.32,0,2,231,Spain,Male,DIAMOND,0
690,36,10,0.0,2,1,0,55902.93,0,2,876,Spain,Male,GOLD,0
479,26,1,0.0,2,1,1,19116.97,0,4,671,France,Female,DIAMOND,0
586,35,7,164769.02,3,1,0,119814.25,1,3,290,France,Female,SILVER,1
681,42,3,118199.97,2,1,0,9452.88,1,2,219,Germany,Male,PLATINUM,1
737,22,10,111543.26,2,0,0,106327.85,0,2,258,Germany,Female,PLATINUM,0
692,36,3,0.0,2,1,1,8282.22,0,5,767,France,Female,SILVER,0
727,34,10,0.0,2,1,1,198637.34,0,4,768,France,Male,GOLD,0
768,40,8,0.0,2,0,1,69080.46,0,5,334,France,Female,GOLD,0
850,30,2,141040.01,1,1,1,5978.2,0,2,615,Spain,Male,DIAMOND,0
648,56,6,157559.59,2,1,0,140991.23,1,4,320,Spain,Female,SILVER,1
511,57,8,122950.31,1,1,1,181258.76,0,2,757,Spain,Female,GOLD,0
814,48,7,0.0,2,1,1,132870.15,0,1,260,France,Female,GOLD,0
492,35,4,141359.37,2,1,0,39519.53,0,3,807,France,Male,PLATINUM,0
454,50,10,92895.56,1,1,0,154344.0,1,3,445,Germany,Female,DIAMOND,1
667,44,5,140406.68,2,0,1,57164.19,0,1,273,Germany,Female,PLATINUM,0
756,32,0,109528.16,2,1,1,56176.31,0,3,516,Germany,Male,GOLD,0
716,44,3,109528.28,1,1,0,27341.63,1,1,771,France,Female,DIAMOND,1
846,38,5,0.0,1,1,1,187616.16,0,3,225,France,Female,PLATINUM,0
747,38,2,129728.6,1,1,0,89289.54,0,2,747,Germany,Male,PLATINUM,0
850,22,2,0.0,2,1,1,9684.52,0,1,793,Spain,Male,GOLD,0
850,41,1,176958.46,2,0,1,125806.3,0,2,751,Germany,Male,GOLD,0
628,29,3,113146.98,2,0,1,124749.08,0,2,354,Germany,Male,PLATINUM,0
797,33,10,83555.58,1,0,0,69767.14,0,4,513,Germany,Female,SILVER,0
759,41,9,0.0,2,0,1,190294.12,0,4,498,France,Male,GOLD,0
650,64,7,142028.36,1,1,0,32275.09,1,3,602,France,Female,PLATINUM,1
504,46,2,163764.84,1,1,1,165122.55,1,2,461,Spain,Female,GOLD,1
801,38,5,0.0,2,1,0,66256.27,0,3,940,France,Male,PLATINUM,0
645,19,9,128514.84,1,0,0,175969.19,0,5,796,France,Male,GOLD,0
683,30,4,66190.33,1,1,1,115186.97,0,4,823,France,Male,SILVER,0
527,47,1,0.0,1,1,0,21312.16,1,3,590,France,Male,PLATINUM,1
757,31,8,149085.9,2,1,1,197077.36,0,2,376,Germany,Male,SILVER,0
591,30,8,124857.69,2,0,0,50485.7,0,2,650,Spain,Male,DIAMOND,0
664,57,6,0.0,2,1,1,15304.08,0,5,564,France,Male,SILVER,0
678,55,4,129646.91,1,1,1,184125.1,1,5,482,Germany,Male,SILVER,1
717,36,2,164557.95,1,0,1,82336.73,0,2,321,Spain,Female,GOLD,0
730,43,1,103960.38,1,1,1,193650.16,0,2,348,Spain,Female,DIAMOND,0
557,28,7,146445.24,2,1,0,184317.74,0,1,743,France,Female,GOLD,0
633,43,3,144164.29,1,1,1,158646.46,0,1,918,Germany,Male,SILVER,0
756,62,3,0.0,1,1,1,11199.04,1,3,600,France,Male,SILVER,1
702,40,3,148556.74,1,0,1,146056.29,0,2,489,France,Male,SILVER,0
602,35,8,0.0,1,1,1,22499.29,0,2,615,France,Male,DIAMOND,0
699,32,3,0.0,2,1,1,170770.44,0,1,221,France,Male,GOLD,0
650,43,6,0.0,2,1,1,16301.91,0,1,489,France,Female,GOLD,0
845,52,0,0.0,1,1,0,31726.76,1,4,408,Spain,Female,DIAMOND,1
597,44,8,78128.13,2,0,1,109153.04,0,1,220,France,Male,PLATINUM,0
737,45,2,0.0,2,0,1,177695.67,0,2,614,Spain,Female,GOLD,0
530,33,9,75242.28,1,0,1,101694.67,0,4,273,Germany,Male,SILVER,0
779,49,9,106160.37,1,0,0,116893.87,0,4,905,France,Male,PLATINUM,0
561,37,5,0.0,2,1,0,83093.25,0,5,650,France,Male,PLATINUM,0
574,33,8,100267.03,1,1,0,103006.27,0,2,949,France,Male,DIAMOND,0
583,42,4,0.0,2,1,0,17439.66,0,5,322,France,Female,DIAMOND,0
598,27,10,171283.91,1,1,1,84136.12,0,5,508,Germany,Female,GOLD,0
803,37,1,0.0,2,0,0,7455.2,0,4,663,Spain,Female,SILVER,0
667,31,5,0.0,2,1,1,20346.69,0,4,823,Spain,Male,PLATINUM,0
376,46,6,0.0,1,1,0,157333.69,1,2,979,France,Female,PLATINUM,1
809,50,10,118098.62,1,1,1,100720.02,1,4,833,Germany,Male,DIAMOND,1
696,35,4,174902.26,1,1,0,69079.85,0,2,720,Germany,Female,PLATINUM,0
472,19,9,0.0,2,1,0,3453.4,0,5,745,France,Male,PLATINUM,0
555,27,8,102000.17,1,1,1,116757.0,0,5,586,France,Female,SILVER,0
505,43,6,127146.68,1,0,0,137565.87,0,5,903,Germany,Male,GOLD,0
728,45,3,108924.33,2,1,0,84300.4,1,4,947,Germany,Male,PLATINUM,1
571,49,4,180614.04,1,0,0,523.0,0,3,651,France,Male,DIAMOND,0
732,40,10,0.0,2,1,0,154189.08,0,5,938,France,Female,DIAMOND,0
628,30,9,132351.29,2,1,1,74169.13,0,2,736,Germany,Female,GOLD,0
731,25,8,96950.21,1,1,0,97877.92,0,5,448,Spain,Male,PLATINUM,0
637,33,7,103377.81,1,1,0,84419.78,0,1,449,France,Female,SILVER,0
680,51,5,143139.87,1,0,0,47795.43,1,1,338,Germany,Female,DIAMOND,1
782,35,7,98556.89,2,1,0,117644.36,0,2,625,Germany,Male,DIAMOND,0
663,33,5,157274.36,2,1,1,28531.81,0,2,368,France,Male,GOLD,0
645,48,7,90612.34,1,1,1,149139.13,0,3,803,France,Female,DIAMOND,0
730,34,5,74197.38,2,1,0,96875.52,0,4,402,France,Female,PLATINUM,0
850,39,0,104386.53,1,1,0,105886.77,0,1,514,France,Female,SILVER,0
588,31,4,99607.37,2,0,1,35877.03,0,2,842,France,Male,DIAMOND,0
490,39,1,0.0,3,1,0,171060.01,1,3,506,France,Male,PLATINUM,1
809,39,5,0.0,1,1,0,77705.75,0,5,754,France,Female,DIAMOND,0
844,56,5,99529.7,1,0,1,157230.06,1,1,293,Spain,Male,PLATINUM,1
641,52,4,0.0,1,1,0,90964.54,1,1,742,France,Female,SILVER,1
615,44,9,126104.98,2,0,1,110718.02,0,3,684,Germany,Female,SILVER,0
676,41,4,101457.14,1,1,1,79101.67,0,1,299,France,Female,PLATINUM,0
495,42,7,0.0,2,0,0,130404.53,0,3,621,Spain,Female,GOLD,0
534,29,7,174851.9,1,1,1,79178.31,0,1,342,France,Male,DIAMOND,0
548,44,8,0.0,1,1,0,16989.77,0,1,693,Spain,Male,SILVER,0
499,44,6,77627.33,2,1,0,108222.68,0,4,545,Germany,Female,PLATINUM,0
727,31,3,82729.47,2,1,0,60212.51,0,4,303,Germany,Female,DIAMOND,0
632,38,4,0.0,2,0,0,192505.62,0,5,694,France,Male,DIAMOND,0
648,34,3,95039.73,2,1,1,147055.87,0,3,681,Germany,Male,DIAMOND,0
710,43,9,128284.45,1,1,0,32996.89,1,5,538,France,Male,PLATINUM,1
826,49,0,0.0,1,0,0,178709.98,1,4,980,France,Female,SILVER,1
651,39,8,0.0,1,1,0,137452.57,0,3,956,France,Female,DIAMOND,0
587,35,3,83286.56,1,1,0,125553.52,0,5,620,Spain,Female,DIAMOND,0
588,24,0,0.0,2,1,1,140586.08,0,3,715,France,Female,PLATINUM,0
596,32,4,0.0,2,0,1,146504.35,0,3,826,Spain,Male,PLATINUM,0
770,33,6,0.0,2,1,1,126131.9,0,2,497,France,Female,DIAMOND,0
706,48,10,104478.12,3,0,1,158248.71,1,1,574,Germany,Female,GOLD,1
543,46,5,140355.6,1,1,1,85086.78,0,2,880,Spain,Female,GOLD,0
627,62,3,143426.34,2,1,1,143104.3,0,4,875,Germany,Male,DIAMOND,0
727,61,0,128213.96,2,1,1,188729.08,1,1,708,France,Male,SILVER,1
799,32,3,106045.92,2,1,1,17938.0,0,2,535,France,Female,SILVER,0
850,34,2,0.0,2,1,1,171706.66,0,4,589,France,Female,SILVER,0
603,57,6,105000.85,2,1,1,87412.24,1,3,281,Spain,Male,DIAMOND,1
625,49,4,128504.76,1,1,0,126812.63,1,2,583,Germany,Female,SILVER,1
754,47,1,185513.67,1,1,0,27438.83,0,4,472,France,Female,DIAMOND,0
598,41,3,91536.93,1,1,0,191468.78,1,1,980,Germany,Male,SILVER,1
430,49,3,137115.16,1,1,0,146516.86,1,1,404,Germany,Male,GOLD,1
700,47,4,0.0,1,1,0,121798.52,1,2,810,Spain,Male,GOLD,1
752,30,4,81523.38,1,1,1,36885.85,0,1,403,Germany,Male,SILVER,0
651,45,4,0.0,2,0,0,193009.21,0,4,344,Spain,Male,DIAMOND,0
547,22,7,141287.15,1,1,0,118142.79,0,5,282,Spain,Female,PLATINUM,0
535,33,2,133040.32,1,1,1,110299.78,0,4,322,France,Male,DIAMOND,0
762,44,7,159316.64,1,0,0,24780.13,0,2,932,France,Female,DIAMOND,0
587,36,1,70784.27,1,1,0,30579.82,0,3,509,France,Female,PLATINUM,0
722,46,6,0.0,1,1,1,93917.68,1,3,747,France,Male,GOLD,1
850,34,3,129668.43,2,1,1,88743.99,0,5,468,Germany,Female,SILVER,0
686,27,1,115095.88,2,0,0,78622.46,0,2,873,Germany,Female,DIAMOND,0
656,46,9,143267.14,2,0,0,193099.43,0,1,717,France,Male,GOLD,0
699,49,2,0.0,1,0,0,105760.01,0,4,370,France,Female,PLATINUM,0
737,36,9,0.0,1,0,1,188670.9,1,3,848,France,Male,SILVER,1
498,34,2,0.0,2,1,1,148528.24,0,1,549,France,Male,DIAMOND,0
705,33,7,68423.89,1,1,1,64872.55,0,1,660,Spain,Male,DIAMOND,0
618,37,5,96652.86,1,1,0,98686.4,1,3,383,France,Female,DIAMOND,1
608,34,7,86656.13,1,0,1,59890.29,0,1,252,Spain,Male,SILVER,0
644,33,9,141234.98,1,1,0,95673.05,0,4,796,France,Male,GOLD,0
520,34,8,120018.86,2,1,1,343.38,0,5,249,Germany,Male,SILVER,0
683,38,3,126152.84,1,0,0,15378.75,0,4,611,Spain,Male,PLATINUM,0
670,32,3,0.0,2,1,0,46175.7,0,5,325,Spain,Female,SILVER,0
850,28,8,67639.56,2,1,1,194245.29,0,5,990,France,Male,GOLD,0
767,44,2,152509.25,1,1,1,136915.15,0,4,777,France,Female,GOLD,0
549,25,6,193858.2,1,0,1,21600.11,0,3,737,Spain,Male,PLATINUM,0
776,29,5,0.0,2,1,1,143301.49,0,1,580,France,Female,GOLD,0
645,49,2,0.0,2,0,0,10023.15,0,3,553,Spain,Male,SILVER,0
651,32,8,144581.96,1,1,1,87609.5,0,1,853,France,Female,SILVER,0
811,28,4,167738.82,2,1,1,9903.42,0,4,513,Germany,Female,GOLD,0
724,31,2,160997.54,2,0,1,64831.36,0,4,406,Germany,Male,DIAMOND,0
850,30,9,121535.18,1,0,0,40313.47,0,1,531,France,Male,GOLD,0
798,39,6,119787.76,1,1,1,164248.33,0,2,558,Germany,Female,GOLD,0
537,28,0,88963.31,2,1,1,189839.93,0,5,561,France,Male,SILVER,0
717,42,5,0.0,2,1,0,172665.21,0,3,594,France,Male,GOLD,0
753,57,7,0.0,1,1,0,159475.08,1,2,647,France,Male,DIAMOND,1
593,31,8,112713.34,1,1,1,176868.89,0,2,710,Spain,Male,GOLD,0
710,37,6,135795.63,1,0,1,46523.6,0,5,677,Germany,Male,PLATINUM,0
647,40,9,0.0,2,0,1,92357.21,0,1,852,France,Female,GOLD,0
521,43,8,0.0,1,1,1,93180.09,0,2,400,France,Male,PLATINUM,0
850,28,9,0.0,2,1,0,185821.41,0,3,437,France,Female,SILVER,0
505,43,5,136855.94,2,1,0,171070.52,0,1,650,Germany,Male,SILVER,0
556,37,9,145018.64,2,1,0,90928.02,1,1,545,Germany,Male,SILVER,1
769,27,2,0.0,1,1,1,57876.05,0,4,801,France,Female,SILVER,0
502,57,3,101465.31,1,1,0,43568.31,1,5,882,Germany,Female,SILVER,1
716,50,2,119655.77,1,1,1,12944.17,1,4,496,Germany,Male,PLATINUM,1
593,32,9,134096.53,2,1,0,53931.05,1,3,620,Germany,Female,DIAMOND,1
678,27,5,87099.85,2,1,0,149550.95,0,2,957,Spain,Female,SILVER,0
680,32,5,92961.61,1,1,0,116957.6,0,1,618,France,Male,GOLD,0
661,31,3,133964.3,1,1,1,166187.1,0,2,508,France,Female,PLATINUM,0
787,35,1,106266.8,1,1,1,16607.15,0,5,511,France,Female,DIAMOND,0
712,27,10,0.0,1,1,0,94544.88,0,3,410,Spain,Male,GOLD,0
737,41,1,101960.74,1,1,1,123547.28,0,5,463,France,Male,SILVER,0
584,48,2,213146.2,1,1,0,75161.25,0,4,814,Spain,Female,DIAMOND,1
627,33,5,0.0,2,1,1,103737.82,0,4,499,France,Male,PLATINUM,0
850,29,10,0.0,2,1,1,94815.04,0,1,251,Spain,Female,GOLD,0
595,45,9,106000.12,1,0,0,191448.96,1,1,470,Germany,Female,PLATINUM,1
492,30,10,77168.87,2,0,1,146700.22,0,5,552,Germany,Female,GOLD,0
587,47,6,71026.77,1,1,0,57962.41,0,1,678,France,Male,PLATINUM,0
750,33,3,161801.47,1,0,1,153288.97,1,1,263,Spain,Female,PLATINUM,1
849,27,0,0.0,2,0,1,157891.86,0,1,626,France,Male,SILVER,0
678,60,10,117738.81,1,1,0,147489.76,1,4,599,France,Female,DIAMOND,1
778,65,7,0.0,1,1,1,77867.23,0,1,656,France,Female,DIAMOND,0
655,34,7,118028.35,1,1,0,51226.32,1,2,573,Germany,Male,SILVER,1
639,34,5,139393.19,2,0,0,33950.08,0,2,883,Spain,Male,DIAMOND,0
599,39,4,0.0,1,1,0,194273.2,1,3,543,Spain,Female,PLATINUM,1
602,32,7,184715.86,2,1,0,113781.99,0,5,879,Germany,Male,GOLD,0
563,35,3,106250.72,1,0,0,39546.32,0,4,798,France,Male,SILVER,0
679,40,1,0.0,1,1,1,16897.19,0,5,713,France,Male,PLATINUM,0
582,35,8,121309.17,2,1,1,28750.67,0,2,810,Germany,Male,GOLD,0
564,44,3,111760.4,3,1,1,104722.47,1,3,785,Germany,Female,DIAMOND,1
655,56,5,0.0,2,1,1,41782.7,0,2,979,Spain,Female,PLATINUM,0
699,36,2,123601.56,2,1,0,103557.85,0,3,500,Germany,Male,GOLD,0
673,32,0,0.0,1,1,1,72873.33,0,4,726,Spain,Female,GOLD,0
653,30,4,0.0,2,1,0,120736.04,0,5,739,Spain,Male,DIAMOND,0
627,35,7,0.0,2,0,1,193022.44,0,1,978,France,Female,GOLD,0
743,23,3,110203.77,1,1,0,95583.45,0,1,476,France,Male,PLATINUM,0
470,30,3,101140.76,1,1,1,50906.65,0,3,437,France,Male,SILVER,0
781,35,1,0.0,2,0,0,42117.9,0,1,423,Spain,Male,PLATINUM,0
706,35,5,0.0,2,1,1,81718.37,0,2,712,France,Male,SILVER,0
683,40,4,95053.1,1,1,1,116816.54,1,5,777,Spain,Male,PLATINUM,1
679,36,3,0.0,2,1,1,2243.41,0,5,773,France,Female,SILVER,0
726,34,3,0.0,2,1,0,196288.46,0,3,544,France,Male,PLATINUM,0
636,35,2,0.0,2,1,1,23129.46,0,5,798,France,Female,DIAMOND,0
702,46,9,98444.19,1,0,1,109563.28,0,1,511,France,Female,PLATINUM,0
850,46,9,117640.39,1,1,0,88920.68,0,2,935,France,Male,PLATINUM,0
678,36,0,107379.68,1,1,1,84460.18,0,2,282,France,Male,PLATINUM,0
652,37,4,0.0,2,1,0,143393.24,0,4,590,France,Female,SILVER,0
792,36,5,92140.15,1,0,1,67468.67,0,3,328,Spain,Male,SILVER,0
746,24,4,0.0,1,0,1,94105.0,0,5,334,France,Female,PLATINUM,0
643,31,3,167949.48,1,1,0,143162.34,0,2,906,France,Female,GOLD,0
684,48,10,126384.42,1,1,1,198129.36,0,1,462,Germany,Female,GOLD,0
678,28,2,109137.12,1,1,1,58814.41,0,2,433,France,Male,GOLD,0
762,20,1,139432.55,1,1,1,85606.83,0,5,415,France,Male,GOLD,0
661,35,2,117212.18,1,1,1,83052.03,0,3,821,Germany,Male,DIAMOND,0
773,43,8,81844.91,2,1,1,35908.46,0,5,368,Germany,Male,PLATINUM,0
570,23,2,0.0,1,0,0,198830.98,0,4,534,France,Male,DIAMOND,0
446,39,1,90217.07,1,1,0,191350.48,0,3,562,France,Female,GOLD,0
586,56,9,100781.75,2,1,1,54448.41,0,3,877,Germany,Female,PLATINUM,0
577,44,8,115557.0,1,0,1,127506.76,0,1,336,Spain,Female,DIAMOND,0
604,36,6,116229.85,2,1,1,79633.38,0,3,684,France,Male,PLATINUM,0
670,45,5,47884.92,1,1,1,54340.24,0,5,723,France,Female,DIAMOND,0
850,29,1,154640.41,1,1,1,164039.51,0,4,838,Germany,Male,DIAMOND,0
599,46,9,123444.72,1,1,1,31368.08,1,3,726,Germany,Male,DIAMOND,1
713,39,10,0.0,2,1,1,126263.97,0,5,238,France,Female,PLATINUM,0
681,23,7,157761.56,1,0,0,147759.84,0,2,874,France,Male,DIAMOND,0
628,38,3,0.0,2,1,1,48924.73,0,3,914,France,Female,GOLD,0
758,33,7,0.0,1,1,0,188156.34,0,1,816,France,Female,GOLD,0
633,37,2,0.0,2,1,0,182258.17,0,3,918,France,Male,DIAMOND,0
667,33,4,127076.68,2,1,0,69011.66,0,5,910,Germany,Female,PLATINUM,0
552,49,4,0.0,1,1,1,190296.76,1,1,759,France,Male,SILVER,1
734,39,3,92636.96,2,1,1,125671.29,0,2,659,Spain,Female,SILVER,0
707,43,10,0.0,2,1,0,118368.2,0,1,479,Spain,Male,GOLD,0
537,38,3,0.0,2,0,0,141023.01,0,3,412,France,Male,GOLD,0
534,34,7,121551.58,2,1,1,70179.0,0,3,351,France,Female,SILVER,0
578,40,6,63609.92,1,0,0,74965.61,1,5,783,Spain,Male,SILVER,1
517,29,5,0.0,2,1,0,103402.88,0,1,584,Spain,Female,PLATINUM,0
850,66,4,0.0,2,0,1,64350.8,0,5,518,France,Male,SILVER,0
660,40,8,167181.01,1,1,1,185156.94,0,2,736,France,Female,DIAMOND,0
749,43,1,124209.02,1,1,1,167179.48,0,4,608,Spain,Female,PLATINUM,0
602,22,7,141604.76,1,1,0,30379.6,0,2,943,Spain,Female,PLATINUM,0
674,38,10,83727.68,1,1,0,45418.12,0,1,450,Germany,Female,DIAMOND,0
658,25,3,0.0,2,0,1,173948.4,0,4,399,France,Male,GOLD,0
517,37,5,113308.84,1,0,1,31517.16,0,2,728,France,Male,DIAMOND,0
749,37,10,185063.7,2,1,1,134526.87,0,5,765,France,Male,PLATINUM,0
721,40,9,118129.87,1,1,1,160277.65,0,4,236,France,Male,DIAMOND,0
764,24,7,106234.02,1,0,0,115676.38,0,2,429,France,Female,SILVER,0
667,32,0,103846.65,1,1,0,20560.69,0,3,225,Germany,Male,DIAMOND,0
767,35,6,115576.44,1,0,1,27922.45,0,3,633,France,Female,PLATINUM,0
699,22,9,99339.0,1,1,0,68297.61,1,4,551,France,Male,DIAMOND,1
725,45,8,116917.07,1,0,0,173464.43,1,5,489,Germany,Male,GOLD,1
668,39,0,122104.79,1,1,0,112946.67,1,5,749,Germany,Female,DIAMOND,1
722,40,6,0.0,2,1,1,111893.09,0,2,846,France,Male,GOLD,0
546,34,4,165363.31,2,1,1,25744.13,1,2,440,France,Male,SILVER,1
701,23,5,186101.18,2,1,1,76611.33,0,4,908,Germany,Male,SILVER,0
542,43,6,113567.94,1,1,0,89543.25,0,5,237,Spain,Male,SILVER,0
616,57,7,116936.81,1,1,1,104379.36,0,2,336,Germany,Female,PLATINUM,0
731,31,1,132512.26,1,1,1,185466.85,0,3,960,France,Male,SILVER,0
632,32,1,0.0,2,1,0,19525.65,0,1,523,Spain,Female,GOLD,0
556,38,2,114756.14,1,1,0,193214.05,0,4,820,France,Male,DIAMOND,0
570,32,9,117337.54,2,0,1,62810.91,0,4,1000,France,Male,DIAMOND,0
756,27,1,131899.0,1,1,0,93302.29,0,4,448,Germany,Male,SILVER,0
633,29,6,117412.35,1,0,0,30338.94,0,4,341,Germany,Male,SILVER,0
738,38,7,0.0,2,0,0,69227.42,0,2,677,France,Female,PLATINUM,0
505,37,10,122453.97,2,1,1,52693.99,0,5,254,Germany,Female,DIAMOND,0
657,32,3,118829.03,2,1,1,73127.61,0,2,343,France,Male,DIAMOND,0
738,35,5,161274.05,2,1,0,181429.87,0,5,566,France,Male,SILVER,0
513,39,7,89039.9,2,1,1,146738.83,0,1,675,Spain,Male,DIAMOND,0
773,36,4,105858.71,1,0,1,4395.45,0,2,564,Germany,Female,DIAMOND,0
652,47,0,126597.89,2,1,1,38798.79,1,1,696,Germany,Female,PLATINUM,1
847,31,5,0.0,2,1,1,76326.67,0,4,791,Spain,Male,SILVER,0
822,50,7,0.0,2,1,1,10062.8,0,2,206,France,Male,SILVER,0
850,41,3,99945.93,2,1,0,71179.31,0,2,252,Spain,Female,GOLD,0
727,21,8,153344.72,1,1,1,163295.87,0,5,279,Germany,Male,PLATINUM,0
602,48,7,76595.08,2,0,0,127095.14,0,3,558,Germany,Female,PLATINUM,0
811,35,7,0.0,1,1,1,178.19,0,5,997,France,Female,SILVER,0
728,39,6,152182.83,1,0,0,161203.6,0,4,256,Germany,Male,DIAMOND,0
573,44,8,0.0,2,0,0,62424.46,0,1,547,Spain,Male,DIAMOND,0
850,27,8,111837.78,2,1,1,110805.79,0,1,521,Germany,Female,GOLD,0
516,33,7,127305.5,1,1,1,120037.36,0,4,924,France,Female,GOLD,0
617,40,5,190008.32,2,1,1,107047.92,0,4,486,France,Male,GOLD,0
840,39,1,94968.97,1,1,0,84487.62,0,5,932,France,Female,SILVER,0
681,49,8,142946.18,1,0,0,187280.51,1,4,393,Germany,Male,DIAMOND,1
542,25,8,139330.1,1,0,0,54372.37,0,4,629,Germany,Male,DIAMOND,0
719,42,4,0.0,1,1,0,28465.86,1,5,570,France,Female,PLATINUM,1
694,34,5,127900.03,1,1,0,101737.8,0,5,325,France,Male,GOLD,0
510,44,6,0.0,2,1,1,175518.31,0,3,736,France,Male,SILVER,0
645,38,1,68079.8,1,0,1,166264.89,0,1,746,Spain,Male,PLATINUM,0
683,42,8,0.0,2,0,1,198134.9,0,1,919,France,Female,PLATINUM,0
621,30,2,101014.08,2,1,1,165257.31,0,3,730,Germany,Female,SILVER,0
755,30,6,154221.37,2,0,1,62688.55,0,2,356,Germany,Female,GOLD,0
771,41,10,108309.0,4,1,1,137510.41,1,2,759,France,Female,SILVER,1
665,23,9,143672.9,1,1,1,115147.33,0,3,640,France,Female,SILVER,0
676,34,4,89437.03,1,1,1,189540.95,0,4,366,Germany,Female,GOLD,0
418,28,7,98738.92,1,1,0,122190.22,0,3,465,France,Male,GOLD,0
660,40,5,131754.11,2,1,1,38761.61,0,4,560,France,Male,GOLD,0
612,35,3,0.0,1,1,1,48108.72,0,4,334,France,Female,GOLD,0
716,18,3,128743.8,1,0,0,197322.13,0,5,243,Germany,Female,GOLD,0
721,42,4,102936.72,1,0,0,1187.88,0,2,791,France,Male,DIAMOND,0
562,39,6,130565.02,1,1,0,9854.72,1,5,481,Germany,Female,DIAMOND,1
619,23,5,132725.1,1,1,1,143913.33,0,3,531,Germany,Male,PLATINUM,0
850,32,5,106290.64,1,1,0,121982.73,0,4,946,France,Female,DIAMOND,0
670,40,2,164948.98,3,0,0,177028.0,1,3,955,Germany,Male,SILVER,1
715,37,9,165252.52,1,1,0,85286.3,0,2,612,France,Male,PLATINUM,0
618,31,4,0.0,2,1,0,29176.04,0,1,690,France,Female,DIAMOND,0
571,34,1,101736.66,1,0,1,195651.66,0,1,696,Germany,Female,SILVER,0
700,39,5,144550.83,2,1,1,189664.43,0,4,956,Germany,Female,DIAMOND,0
600,49,6,0.0,1,0,1,148087.88,1,3,269,France,Female,PLATINUM,1
714,45,8,150900.29,2,0,1,139889.15,0,5,734,Spain,Male,DIAMOND,0
601,28,6,0.0,2,1,0,14665.28,0,4,541,Spain,Male,PLATINUM,0
717,33,10,102185.42,2,1,0,23231.93,0,3,390,Germany,Female,GOLD,0
673,77,10,76510.52,2,0,1,59595.66,0,4,363,Germany,Female,GOLD,0
770,31,3,155047.56,2,1,1,186064.34,0,4,948,France,Male,DIAMOND,0
655,44,8,87471.63,1,0,1,188593.98,0,4,712,France,Male,SILVER,0
443,50,3,117206.3,1,1,0,42840.18,1,1,792,Germany,Male,PLATINUM,1
662,33,0,103471.52,1,1,1,162703.0,0,3,243,Germany,Male,DIAMOND,0
828,47,1,109876.82,2,1,0,83611.45,1,3,829,Spain,Male,SILVER,1
587,39,10,0.0,2,1,1,170409.45,0,5,317,France,Male,GOLD,0
527,29,2,27755.97,1,1,0,97468.44,1,3,525,Spain,Female,PLATINUM,1
572,37,1,133043.66,1,0,0,111243.09,0,4,444,France,Male,GOLD,0
621,50,5,0.0,2,1,0,191756.54,1,5,344,France,Female,DIAMOND,1
636,31,6,0.0,2,1,1,2382.61,0,3,875,France,Male,SILVER,0
764,48,1,75990.97,1,1,0,158323.81,1,2,298,Spain,Female,DIAMOND,1
603,35,9,145623.36,1,1,0,163181.62,0,2,669,Germany,Female,PLATINUM,0
512,42,9,93955.83,2,1,0,14828.54,0,5,580,Germany,Male,PLATINUM,0
556,46,10,0.0,2,0,0,109184.24,0,3,950,France,Female,PLATINUM,0
755,38,4,111096.91,1,1,1,19762.88,0,5,764,Germany,Male,PLATINUM,0
593,39,0,117704.73,1,1,0,197933.5,0,4,694,France,Female,DIAMOND,0
642,35,4,125476.31,1,1,1,91775.51,0,4,467,France,Male,PLATINUM,0
611,46,6,0.0,2,1,0,45886.33,0,4,406,Spain,Male,DIAMOND,0
517,46,4,0.0,1,1,0,22372.78,0,1,465,Spain,Male,PLATINUM,0
662,30,9,0.0,2,0,1,157884.83,0,5,479,Spain,Female,SILVER,0
757,28,7,120911.75,2,1,1,131249.46,0,1,411,France,Male,SILVER,0
697,36,7,0.0,2,1,1,74760.32,0,2,471,France,Male,DIAMOND,0
665,55,8,136354.16,1,1,1,93769.89,0,4,940,France,Female,GOLD,0
637,30,6,122641.56,2,1,0,65618.01,0,4,816,Germany,Male,SILVER,0
638,43,3,145860.98,1,1,1,142763.51,1,3,578,France,Female,GOLD,1
563,61,1,82182.1,1,1,0,106826.92,1,1,401,Spain,Male,GOLD,1
546,52,2,0.0,1,1,0,137332.37,1,4,325,France,Female,SILVER,1
692,42,2,0.0,2,1,0,145222.93,0,3,498,France,Female,PLATINUM,0
512,40,8,153537.57,2,0,0,23101.13,0,4,447,Germany,Female,DIAMOND,0
692,31,2,0.0,2,1,0,91829.17,1,4,720,France,Female,SILVER,1
806,25,7,0.0,2,1,0,18461.9,0,4,767,Spain,Male,PLATINUM,0
813,36,6,98088.09,1,0,1,26687.22,1,2,233,Germany,Female,GOLD,1
534,62,2,0.0,2,0,0,42763.12,1,2,589,France,Male,SILVER,1
559,70,9,0.0,1,1,1,122996.76,0,4,765,France,Female,DIAMOND,0
745,35,8,0.0,2,1,1,116581.1,0,1,879,Spain,Female,PLATINUM,0
613,20,3,0.0,2,1,1,149613.77,0,1,817,France,Male,GOLD,0
759,42,4,105420.18,1,0,1,121409.06,0,3,435,France,Male,GOLD,0
701,35,10,159693.9,2,1,1,71173.64,0,3,752,Spain,Male,DIAMOND,0
842,44,3,141252.18,4,0,1,128521.16,1,5,741,France,Male,PLATINUM,1
640,36,4,0.0,1,0,0,173016.46,0,4,362,Spain,Male,SILVER,0
727,31,2,52192.08,2,0,1,160383.47,0,2,759,France,Female,DIAMOND,0
654,37,6,83568.55,1,1,0,47046.72,0,3,752,France,Male,GOLD,0
706,56,3,139603.22,1,1,1,86383.61,0,4,560,Germany,Female,SILVER,0
622,30,4,107879.04,1,0,1,196894.62,0,5,623,France,Female,GOLD,0
710,49,10,129164.88,1,1,1,193266.72,0,5,890,Germany,Male,DIAMOND,0
667,40,1,146502.07,1,1,0,19162.89,0,3,230,Spain,Female,DIAMOND,0
806,67,1,0.0,2,0,1,103945.58,0,3,918,France,Female,PLATINUM,0
602,26,8,113674.2,1,1,0,197861.16,1,3,368,Germany,Female,DIAMOND,1
637,51,1,104682.83,1,1,0,55266.96,1,3,302,Germany,Male,GOLD,1
495,39,8,120252.02,2,1,1,10160.23,0,1,781,Germany,Male,GOLD,0
576,63,9,70655.48,1,0,0,78955.8,1,2,615,France,Male,GOLD,1
439,28,7,110976.23,2,1,0,138526.96,0,4,566,France,Male,PLATINUM,0
596,57,6,0.0,2,1,1,72402.0,0,1,627,Spain,Male,DIAMOND,0
599,40,10,137456.28,2,1,1,14113.11,0,2,623,Germany,Male,SILVER,0
667,45,3,0.0,2,0,0,163655.01,0,1,814,Spain,Male,SILVER,0
530,42,0,99948.45,1,0,1,97338.62,0,4,478,Germany,Female,DIAMOND,0
636,35,9,95478.17,1,0,0,169286.74,0,2,413,France,Male,PLATINUM,0
722,49,3,168197.66,1,1,0,140765.57,1,1,383,France,Female,SILVER,1
630,23,4,137964.51,1,0,1,174570.55,0,1,978,Germany,Female,DIAMOND,0
642,36,2,124495.98,3,1,1,57904.22,1,1,508,Germany,Female,PLATINUM,1
702,36,9,90560.48,2,1,0,174268.87,0,2,941,Germany,Male,PLATINUM,0
687,47,1,91219.29,1,0,0,158845.49,1,2,268,Germany,Female,GOLD,1
696,47,1,106758.6,1,1,1,80591.18,0,1,962,Spain,Male,SILVER,0
749,42,9,222267.63,1,0,0,101108.85,1,4,763,Spain,Male,GOLD,1
751,37,3,99773.85,2,1,0,54865.92,0,2,403,Spain,Female,PLATINUM,0
785,38,9,107199.75,1,0,0,146398.51,0,5,237,Germany,Female,SILVER,0
607,35,2,0.0,2,1,1,114190.3,0,3,680,France,Male,SILVER,0
520,34,3,0.0,2,1,1,104703.96,0,5,867,France,Male,DIAMOND,0
694,29,5,99713.87,1,0,0,112317.89,0,1,385,France,Female,DIAMOND,0
578,30,4,169462.09,1,1,0,112187.11,1,5,872,France,Male,DIAMOND,0
731,42,9,101043.63,1,1,1,192175.52,0,4,882,Spain,Male,PLATINUM,0
565,44,1,0.0,2,0,1,89602.81,0,1,691,France,Female,SILVER,0
682,30,9,0.0,2,1,1,2053.42,0,5,456,France,Male,SILVER,0
527,53,8,0.0,1,1,1,51711.57,0,1,488,Spain,Male,SILVER,0
633,40,4,150578.0,1,0,1,34670.62,1,2,683,France,Male,PLATINUM,1
552,55,3,0.0,1,1,1,40333.94,0,4,466,Spain,Male,SILVER,0
652,37,4,92208.54,1,0,1,197699.8,1,3,822,France,Female,PLATINUM,1
707,36,6,0.0,1,0,0,98810.78,0,3,552,France,Female,PLATINUM,0
513,72,3,98903.06,1,1,1,81251.24,0,5,842,Spain,Male,DIAMOND,0
583,36,8,0.0,2,0,1,5571.59,0,4,623,France,Male,PLATINUM,0
709,34,2,111669.68,1,1,0,57029.66,0,4,585,France,Female,DIAMOND,0
694,39,9,0.0,2,0,0,99924.04,0,4,483,Spain,Female,PLATINUM,0
584,26,0,146286.22,1,1,0,105105.35,0,1,256,France,Female,SILVER,0
610,35,7,81905.95,1,1,1,61623.19,0,3,402,France,Female,GOLD,0
790,25,5,152885.77,1,1,0,58214.79,0,4,938,Germany,Female,SILVER,0
777,35,3,0.0,2,1,1,17257.72,0,2,616,Spain,Female,GOLD,0
624,62,7,125163.62,2,1,1,151411.5,0,5,513,France,Female,GOLD,0
587,45,6,0.0,1,0,0,158684.81,0,3,732,Spain,Male,PLATINUM,0
590,76,5,160979.68,1,0,1,13848.58,0,4,924,France,Female,PLATINUM,0
586,42,6,126704.49,2,1,0,41682.3,0,4,233,Germany,Male,GOLD,0
820,34,10,97208.46,1,1,1,59553.34,0,2,827,Spain,Male,GOLD,0
493,35,8,178317.6,1,0,0,197428.64,0,1,738,Germany,Female,SILVER,0
813,59,2,135078.41,1,1,0,187636.06,1,1,709,Germany,Male,GOLD,1
646,26,4,139848.17,1,1,0,164696.27,0,2,915,France,Male,DIAMOND,0
709,49,4,154344.49,2,1,1,38794.57,0,2,330,France,Male,DIAMOND,0
590,43,7,81076.8,2,1,1,182627.25,1,1,253,France,Male,DIAMOND,1
430,31,5,0.0,1,1,0,95655.16,0,1,533,France,Male,GOLD,0
678,60,2,0.0,2,1,1,43821.56,0,4,394,France,Female,SILVER,0
751,51,7,148074.79,1,1,0,146411.41,1,5,518,Germany,Female,SILVER,1
790,29,3,46057.96,2,1,1,189777.66,0,3,312,Spain,Male,SILVER,0
497,32,8,0.0,2,1,0,67364.42,0,3,418,France,Male,GOLD,0
698,40,7,105061.74,3,1,0,107815.31,1,1,448,France,Female,DIAMOND,1
778,45,1,162150.42,2,1,0,174531.27,0,2,250,Germany,Female,DIAMOND,0
778,42,6,0.0,2,1,1,106197.44,0,5,499,France,Male,PLATINUM,0
624,36,6,0.0,2,0,0,84749.96,0,3,747,France,Male,GOLD,0
850,33,7,134678.13,1,1,0,113177.95,0,3,596,Germany,Female,GOLD,0
697,38,1,182065.85,1,1,0,49503.5,0,1,605,France,Female,GOLD,0
587,36,1,0.0,2,0,1,17135.6,0,1,937,France,Male,GOLD,0
748,60,0,152335.7,1,1,0,126743.33,1,5,468,France,Male,SILVER,1
667,42,7,0.0,1,0,1,108348.94,1,3,967,France,Male,DIAMOND,1
688,40,8,150679.71,2,0,1,196226.38,0,4,645,Germany,Female,GOLD,0
713,59,3,0.0,2,1,1,62700.08,0,5,245,France,Female,SILVER,0
541,39,6,109844.81,1,1,0,25289.23,0,4,884,France,Female,DIAMOND,0
816,31,8,0.0,2,1,1,28407.4,0,4,834,France,Male,SILVER,0
603,46,2,0.0,2,1,0,174478.54,0,1,393,Spain,Male,DIAMOND,0
573,27,4,0.0,2,1,1,157549.6,0,1,832,France,Female,PLATINUM,0
484,41,5,0.0,1,1,1,74267.35,0,5,634,France,Male,SILVER,0
547,49,2,0.0,1,0,0,65466.93,1,5,618,France,Female,DIAMOND,1
488,39,9,140553.46,1,0,0,12440.44,0,3,243,Spain,Female,PLATINUM,0
695,42,0,0.0,2,0,1,140724.64,0,1,875,France,Female,PLATINUM,0
486,24,1,0.0,1,1,0,98802.76,0,5,937,Spain,Male,DIAMOND,0
614,39,8,125997.22,1,1,1,128049.34,1,5,817,Germany,Female,DIAMOND,1
723,28,4,0.0,2,1,1,123885.88,0,5,467,France,Male,SILVER,0
452,35,7,0.0,2,1,0,164241.67,0,5,634,France,Female,SILVER,0
648,43,7,81153.82,1,1,1,144532.85,1,5,890,Spain,Female,PLATINUM,1
670,33,2,141204.65,2,1,0,76257.46,0,5,814,France,Male,GOLD,0
729,37,10,0.0,2,1,0,100862.54,0,3,829,Spain,Male,SILVER,0
694,22,4,0.0,2,1,1,11525.72,0,1,988,France,Female,GOLD,0
654,28,7,0.0,2,1,0,151316.37,0,2,660,France,Female,PLATINUM,0
613,46,8,167795.6,1,0,1,44390.38,0,2,411,France,Female,DIAMOND,0
641,50,6,153590.73,2,1,1,130910.78,0,4,656,France,Male,SILVER,0
708,34,3,0.0,1,0,1,121457.88,1,5,552,France,Male,DIAMOND,1
719,35,1,100829.94,1,1,1,165008.97,0,3,657,Spain,Male,GOLD,0
651,25,8,0.0,2,1,1,126761.2,0,2,886,France,Female,PLATINUM,0
684,60,2,116563.58,1,1,0,120257.7,1,1,969,France,Male,SILVER,1
645,55,7,0.0,2,1,1,18369.33,0,2,971,France,Female,GOLD,0
562,27,3,0.0,2,1,0,28137.03,0,1,942,France,Female,GOLD,0
571,34,1,99325.04,2,0,1,186052.15,0,3,922,France,Male,DIAMOND,0
686,35,2,109342.82,2,0,1,86043.27,0,5,663,Germany,Male,PLATINUM,0
623,28,4,0.0,2,1,0,41227.67,0,3,297,France,Female,GOLD,0
850,33,3,100476.46,2,1,1,136539.13,0,1,590,Spain,Male,GOLD,0
680,32,5,0.0,1,1,1,150684.23,0,5,589,France,Female,GOLD,0
531,42,2,0.0,2,0,1,90537.47,0,2,556,France,Female,GOLD,0
769,51,9,156773.78,2,1,0,40257.79,0,4,401,France,Male,PLATINUM,0
663,37,7,0.0,1,1,1,185210.63,0,5,885,France,Female,PLATINUM,0
653,41,8,102768.42,1,1,0,55663.85,0,4,285,France,Male,DIAMOND,0
642,55,7,0.0,2,1,1,101515.76,0,1,918,France,Female,PLATINUM,0
713,47,1,95994.98,1,1,0,197529.23,0,5,757,Germany,Male,GOLD,0
702,23,7,98775.23,1,1,0,114603.96,0,5,291,Germany,Female,GOLD,0
816,25,2,150355.35,2,1,1,35770.84,0,5,402,Germany,Female,GOLD,0
757,71,0,88084.13,2,1,1,154337.47,0,4,522,France,Female,PLATINUM,0
499,57,1,0.0,1,0,0,131372.38,1,3,251,France,Female,GOLD,1
755,36,8,0.0,2,1,0,176809.87,0,2,549,France,Male,GOLD,0
842,35,9,119948.09,1,1,0,48217.97,1,4,732,Germany,Female,PLATINUM,1
515,29,4,151012.55,2,1,0,9770.97,0,1,935,Spain,Male,PLATINUM,0
728,33,9,150412.14,2,1,0,170764.08,0,2,499,Germany,Female,DIAMOND,0
727,58,5,106913.43,1,1,0,25881.0,1,2,557,Germany,Male,DIAMOND,1
498,37,8,108432.88,2,1,1,14865.05,0,3,457,Germany,Male,DIAMOND,0
763,61,1,66101.89,1,1,1,143981.27,0,2,366,Germany,Female,PLATINUM,0
589,59,2,0.0,2,1,1,126160.24,1,4,292,France,Female,SILVER,1
713,52,0,185891.54,1,1,1,46369.57,1,4,544,France,Female,PLATINUM,1
590,45,2,81828.22,1,1,0,52167.97,0,1,691,France,Female,SILVER,0
765,34,8,136729.51,2,0,0,47058.21,0,2,762,Germany,Female,DIAMOND,0
751,47,5,142669.93,2,1,0,162760.96,0,3,627,France,Male,PLATINUM,0
543,43,9,0.0,2,1,1,78858.07,0,5,380,France,Male,SILVER,0
756,37,3,132623.6,1,1,1,58974.0,0,1,677,France,Male,GOLD,0
705,43,10,146547.78,1,0,1,10072.55,1,1,669,Germany,Female,GOLD,1
601,32,8,93012.89,1,1,0,86957.42,0,2,799,France,Male,GOLD,0
625,42,6,100047.33,1,1,0,93429.95,0,4,431,Germany,Male,GOLD,0
498,73,2,170241.7,2,1,1,165407.96,0,2,539,France,Male,GOLD,0
593,41,6,0.0,1,1,0,65170.66,0,1,939,France,Female,SILVER,0
636,37,1,115137.26,1,1,0,52484.01,0,4,564,Spain,Male,SILVER,0
624,51,10,123401.43,2,1,1,127825.25,0,4,242,France,Male,SILVER,0
717,31,4,129722.57,1,0,0,41176.6,0,5,585,France,Male,GOLD,0
566,21,3,0.0,2,1,1,3626.47,0,4,541,France,Female,DIAMOND,0
672,52,8,170008.84,1,0,0,56407.42,1,4,555,France,Male,SILVER,1
649,45,5,92786.66,1,1,0,173365.9,1,1,919,France,Female,GOLD,1
485,30,7,0.0,1,1,0,107067.37,0,1,829,Spain,Female,DIAMOND,0
772,41,10,96032.22,1,1,1,75825.57,0,3,317,Spain,Male,DIAMOND,0
502,42,0,132002.7,1,0,1,28204.98,1,3,403,Germany,Female,SILVER,1
649,45,7,0.0,2,0,1,75204.21,0,1,873,France,Male,DIAMOND,0
574,34,5,112324.45,2,1,1,17993.43,0,4,674,France,Female,GOLD,0
597,38,1,0.0,2,1,0,41303.29,0,3,476,Spain,Male,DIAMOND,0
678,37,2,113383.07,1,1,1,135123.96,0,2,767,Germany,Female,DIAMOND,0
619,52,8,0.0,2,1,1,123242.11,0,1,239,Spain,Male,PLATINUM,0
524,64,5,0.0,1,1,0,136079.64,1,2,364,Spain,Female,GOLD,1
791,33,10,130229.71,2,0,0,54019.93,1,1,414,Germany,Female,PLATINUM,1
777,29,2,0.0,2,1,0,124489.88,0,2,695,France,Male,DIAMOND,0
710,45,1,0.0,2,1,1,36154.66,0,2,829,France,Male,SILVER,0
626,48,2,0.0,2,1,1,95794.98,0,3,682,Spain,Female,DIAMOND,0
708,59,2,0.0,1,1,0,179673.11,1,4,421,France,Female,SILVER,1
850,38,3,0.0,2,0,1,179360.76,0,2,729,Spain,Female,DIAMOND,0
468,22,1,76318.64,1,1,1,194783.12,0,5,819,France,Female,GOLD,0
661,37,7,109908.06,2,1,0,115037.67,1,2,311,Germany,Male,SILVER,1
450,29,7,117199.8,1,1,1,43480.63,0,2,483,France,Male,GOLD,0
534,42,9,144801.97,1,0,1,12483.39,1,3,771,France,Female,SILVER,1
576,71,6,140273.47,1,1,1,193135.25,1,4,785,Germany,Female,PLATINUM,1
624,26,9,74681.9,2,0,0,31231.35,0,4,316,France,Male,PLATINUM,0
697,56,5,110802.03,1,1,1,50230.31,1,1,238,Spain,Male,DIAMOND,1
545,47,5,0.0,2,1,1,38970.14,0,4,373,Spain,Female,PLATINUM,0
821,38,8,0.0,2,0,1,126241.4,1,2,974,Spain,Female,PLATINUM,1
607,44,0,0.0,2,1,1,81140.09,0,4,430,France,Male,DIAMOND,0
801,42,6,0.0,2,1,1,95804.33,0,1,361,France,Male,SILVER,0
711,25,7,0.0,3,1,1,9679.28,0,3,865,France,Female,PLATINUM,0
580,39,3,119688.81,1,1,0,137041.26,0,4,804,Germany,Male,DIAMOND,0
586,43,8,132558.26,1,1,0,67046.83,1,2,230,France,Female,SILVER,1
619,38,10,84651.79,1,1,1,184754.26,0,4,591,Germany,Male,SILVER,0
701,28,1,103421.32,1,0,1,76304.73,0,5,499,Spain,Male,PLATINUM,0
723,49,0,153855.52,1,1,1,180862.26,1,3,965,Germany,Female,PLATINUM,1
638,34,7,0.0,2,1,1,198969.78,0,4,577,France,Female,SILVER,0
641,42,3,121765.37,2,1,1,166516.84,0,5,433,Germany,Male,SILVER,0
553,32,7,64082.09,1,0,1,109159.58,0,4,353,France,Male,SILVER,0
716,66,5,121411.9,1,0,0,10070.4,1,1,388,Germany,Male,GOLD,1
618,42,8,153572.31,2,1,1,76679.6,0,3,594,Germany,Male,DIAMOND,0
601,40,10,98627.13,2,0,0,77977.69,0,2,726,France,Male,DIAMOND,0
615,32,7,92199.84,1,1,1,2755.53,0,3,721,France,Male,SILVER,0
632,41,3,81877.38,1,1,1,33642.21,0,3,532,Germany,Female,SILVER,0
607,40,5,90594.55,1,0,1,181598.25,0,4,762,Germany,Male,DIAMOND,0
735,50,9,0.0,1,0,0,166677.35,1,2,886,Spain,Male,PLATINUM,1
669,33,9,0.0,2,0,1,107221.03,0,2,689,France,Female,PLATINUM,0
615,35,7,0.0,2,1,0,150784.29,0,1,948,France,Male,GOLD,0
808,33,2,103516.87,1,1,0,113907.8,0,1,834,France,Female,SILVER,0
729,42,4,97495.8,2,0,0,2002.5,0,3,583,Germany,Female,GOLD,0
662,37,6,0.0,2,1,0,51229.17,0,5,526,France,Female,PLATINUM,0
746,37,4,0.0,2,0,1,171039.56,0,5,219,France,Female,PLATINUM,0
841,52,3,112383.03,1,1,0,85516.37,1,4,778,Germany,Female,PLATINUM,1
624,45,5,151855.33,1,1,0,68794.15,0,5,335,Germany,Female,GOLD,0
803,42,5,0.0,1,1,0,196466.83,1,1,534,France,Male,GOLD,1
782,52,4,0.0,1,1,1,52759.82,1,4,741,Spain,Male,GOLD,1
717,33,0,115777.23,1,1,1,81508.1,0,1,569,Germany,Female,DIAMOND,0
606,23,10,70417.79,1,0,1,90896.04,0,4,437,Spain,Female,DIAMOND,0
544,23,1,96471.2,1,1,0,35550.97,0,4,487,France,Male,DIAMOND,0
645,40,6,131411.24,1,1,1,194656.11,0,4,323,France,Male,SILVER,0
835,45,3,100212.13,1,1,0,152577.62,0,2,398,Spain,Male,GOLD,0
665,37,5,160389.82,1,0,1,183542.08,0,2,661,France,Female,GOLD,0
660,33,4,0.0,1,1,0,29664.45,0,4,400,Spain,Male,DIAMOND,0
418,46,9,0.0,1,1,1,81014.5,1,2,768,France,Female,GOLD,1
416,35,8,0.0,1,0,0,119712.78,0,2,244,Spain,Male,DIAMOND,0
735,43,10,123180.01,2,1,1,196673.28,1,3,683,Germany,Male,PLATINUM,0
730,38,5,118866.36,1,1,1,163317.5,0,1,308,Spain,Male,DIAMOND,0
472,40,4,0.0,1,1,0,70154.22,0,4,545,Spain,Male,DIAMOND,0
605,33,4,0.0,2,0,1,83700.66,0,3,550,France,Female,DIAMOND,0
614,41,7,179915.85,1,0,0,14666.35,1,3,451,Spain,Female,GOLD,1
850,54,7,108185.81,2,0,0,24093.4,1,3,431,Spain,Male,PLATINUM,1
573,44,9,0.0,2,1,0,107124.17,0,2,760,Spain,Male,PLATINUM,0
539,39,6,62052.28,1,0,1,59755.14,0,4,693,Spain,Female,GOLD,0
721,40,7,0.0,2,1,1,122580.48,0,4,351,France,Female,PLATINUM,0
523,36,8,113680.54,1,0,0,13197.44,0,5,961,Spain,Female,PLATINUM,0
725,47,1,104887.43,1,0,0,86622.56,1,3,312,Germany,Female,GOLD,1
613,39,8,118201.41,1,1,0,23315.59,0,1,333,Spain,Male,DIAMOND,0
646,32,8,105397.8,1,1,0,78111.84,1,1,311,Germany,Male,PLATINUM,1
559,50,5,162702.35,1,0,0,150548.5,1,3,815,France,Male,DIAMOND,1
620,39,9,159492.79,1,1,0,80582.34,1,1,637,Germany,Male,PLATINUM,1
599,38,9,89111.63,1,0,0,157239.6,0,3,600,Germany,Male,SILVER,0
542,37,8,0.0,1,1,1,807.06,0,3,842,Spain,Male,GOLD,0
734,51,1,118537.47,1,1,1,116912.45,0,2,697,France,Male,DIAMOND,0
684,35,3,99967.76,1,1,1,176882.08,0,1,606,Germany,Male,SILVER,0
614,41,8,121558.46,1,1,1,598.8,0,5,698,France,Female,SILVER,0
473,35,7,131504.73,1,1,0,189560.43,0,5,852,Germany,Female,DIAMOND,0
584,35,6,161613.94,2,1,1,148238.16,0,3,416,France,Male,GOLD,0
708,33,3,0.0,2,1,0,138613.21,0,5,729,Spain,Male,DIAMOND,0
630,43,9,0.0,2,1,1,34338.04,0,4,649,France,Male,GOLD,0
659,78,2,151675.65,1,0,1,49978.67,0,5,364,Spain,Male,GOLD,0
744,39,4,95161.75,1,1,0,19409.77,0,3,920,Spain,Male,GOLD,0
783,41,5,106640.5,1,1,0,176945.96,0,5,498,Germany,Female,PLATINUM,0
598,60,4,0.0,1,1,0,197727.14,1,3,361,France,Male,DIAMOND,1
501,40,5,114655.58,1,0,0,126535.92,0,4,844,Germany,Male,GOLD,0
383,48,8,95808.19,1,0,0,137702.01,1,1,609,Spain,Female,SILVER,1
717,50,9,90305.76,1,1,1,124626.57,0,3,404,France,Male,GOLD,0
685,33,6,0.0,1,1,0,58458.26,0,4,993,France,Male,DIAMOND,0
609,45,4,89122.3,1,1,1,199256.98,0,3,573,Spain,Female,DIAMOND,0
714,49,5,140510.89,1,1,0,141914.94,0,1,455,Germany,Female,DIAMOND,0
792,25,8,142862.21,1,1,1,130639.01,0,5,298,Spain,Male,PLATINUM,0
508,28,0,96213.82,2,1,0,147913.56,0,2,371,Germany,Male,PLATINUM,0
637,44,0,157622.58,1,1,1,120454.2,0,1,879,Spain,Female,PLATINUM,0
432,27,6,62339.81,2,0,0,53874.67,0,1,522,France,Female,GOLD,0
530,29,5,0.0,2,0,0,121451.21,0,4,696,France,Female,GOLD,0
601,47,1,64430.06,2,0,1,96517.97,0,5,308,France,Male,SILVER,0
695,49,9,159458.53,1,1,0,135841.35,0,5,360,France,Male,GOLD,0
755,40,2,137430.82,2,0,0,176768.59,0,1,399,Germany,Male,SILVER,0
559,25,5,0.0,2,1,1,163221.22,0,3,897,Spain,Male,SILVER,0
634,35,3,0.0,2,1,1,19515.48,0,2,332,Spain,Male,SILVER,0
642,22,10,111812.52,2,1,1,183045.46,0,1,729,Germany,Male,GOLD,0
717,36,2,102989.83,2,0,1,49185.57,0,5,313,Spain,Male,SILVER,0
546,20,6,0.0,1,0,1,20508.85,0,4,524,France,Female,GOLD,0
501,40,2,0.0,2,0,0,141946.92,0,5,872,France,Female,GOLD,0
521,27,4,121325.84,1,1,1,164223.7,1,3,575,France,Male,PLATINUM,1
678,35,4,0.0,1,1,0,125518.32,0,1,749,France,Female,DIAMOND,0
782,39,8,0.0,2,1,1,33949.67,0,3,424,France,Male,PLATINUM,0
625,69,1,107569.96,1,1,1,182336.45,0,1,850,Spain,Female,PLATINUM,0
611,41,2,114206.84,1,1,0,164061.6,0,1,645,Germany,Female,DIAMOND,0
650,34,4,106005.54,1,0,1,142995.32,0,4,387,France,Male,PLATINUM,0
685,50,6,94238.75,2,1,1,50664.07,1,4,941,France,Female,DIAMOND,1
755,38,1,0.0,2,1,0,20734.81,0,4,644,France,Female,GOLD,0
472,26,5,0.0,2,1,0,108411.66,0,2,893,France,Female,SILVER,0
526,36,0,0.0,2,1,0,97767.63,0,2,606,France,Female,PLATINUM,0
489,46,8,92060.06,1,1,0,147222.95,1,2,865,Germany,Female,DIAMOND,1
465,24,5,117154.9,1,1,1,127744.02,0,3,532,Germany,Male,GOLD,0
507,36,4,83543.37,1,0,0,140134.43,0,1,691,France,Male,DIAMOND,0
567,38,6,127678.8,2,0,0,45422.89,0,1,871,France,Male,GOLD,0
824,49,8,133231.48,1,1,1,67885.37,0,1,927,Germany,Male,PLATINUM,0
663,34,7,0.0,2,1,1,180427.24,0,3,912,France,Male,SILVER,0
592,40,2,200322.45,1,1,1,113244.73,0,5,482,Spain,Female,PLATINUM,0
653,37,7,135847.47,1,1,0,144880.81,0,5,529,France,Male,SILVER,0
621,36,7,116338.68,1,1,1,155743.48,0,2,280,Spain,Female,SILVER,0
768,44,6,60603.4,1,1,1,178045.97,0,4,570,Spain,Female,DIAMOND,0
658,32,9,0.0,2,1,0,156774.75,0,4,384,France,Female,DIAMOND,0
615,59,8,0.0,2,1,1,165576.55,0,2,948,France,Male,DIAMOND,0
684,56,3,127585.98,3,1,1,80593.49,1,3,708,Germany,Female,DIAMOND,1
629,34,8,0.0,2,1,1,180595.02,0,3,835,Spain,Male,SILVER,0
651,45,2,165901.59,2,1,0,23054.51,1,1,834,France,Male,DIAMOND,1
701,41,0,150844.94,1,0,1,127623.36,0,4,399,Germany,Male,GOLD,0
468,42,9,181627.14,2,1,0,172668.39,0,1,506,Germany,Male,PLATINUM,0
686,35,4,0.0,2,1,1,159676.55,0,2,624,Spain,Female,GOLD,0
691,30,9,0.0,2,0,1,10963.04,0,1,269,Spain,Male,PLATINUM,0
669,25,1,157848.53,1,0,0,37543.93,1,3,354,France,Male,GOLD,1
483,41,1,118334.44,1,0,0,163147.99,1,3,985,Germany,Male,SILVER,1
550,49,0,108806.96,3,1,0,61446.92,1,5,431,Germany,Male,SILVER,1
805,26,8,42712.87,2,1,1,28861.69,0,4,796,Germany,Female,GOLD,0
637,37,8,0.0,1,1,1,186062.36,0,1,699,Spain,Male,DIAMOND,0
494,40,7,0.0,2,0,1,158071.69,0,4,910,France,Male,GOLD,0
644,37,9,0.0,2,1,1,96442.86,0,2,577,Spain,Male,DIAMOND,0
659,67,4,145981.87,1,1,1,131043.2,0,1,513,France,Male,PLATINUM,0
678,22,6,118064.93,2,1,1,195424.01,0,3,749,France,Female,GOLD,0
618,38,5,126473.99,1,1,0,91972.49,0,1,696,Spain,Male,SILVER,0
707,35,2,0.0,3,1,1,94148.3,0,2,855,France,Male,SILVER,0
650,32,1,132187.73,2,1,1,178331.36,0,2,960,Spain,Male,PLATINUM,0
637,41,9,0.0,2,1,0,145477.36,0,5,624,France,Female,GOLD,0
706,39,8,112889.91,1,0,1,6723.66,0,5,727,Germany,Female,DIAMOND,0
765,34,9,91835.16,1,0,0,138280.17,0,1,843,France,Male,PLATINUM,0
682,46,4,0.0,1,1,1,4654.28,0,5,221,Spain,Male,SILVER,0
790,31,9,0.0,2,1,0,84126.75,0,1,319,France,Female,DIAMOND,0
668,39,4,79896.0,1,1,0,38466.39,0,4,453,Germany,Male,GOLD,0
571,42,4,108825.34,3,1,0,55558.51,1,1,866,France,Female,DIAMOND,1
835,28,2,163569.61,2,1,1,154559.28,0,5,560,France,Male,PLATINUM,0
785,36,4,135438.4,1,0,0,190627.01,0,4,834,France,Female,SILVER,0
648,45,5,118886.55,1,0,0,51636.7,0,4,609,Germany,Female,SILVER,0
850,29,10,0.0,2,1,1,199775.67,0,5,335,France,Female,PLATINUM,0
627,52,1,76101.81,2,0,1,177238.35,0,4,364,Germany,Male,PLATINUM,0
693,46,3,151709.33,1,1,0,180736.24,0,1,695,Spain,Female,SILVER,0
696,27,2,96129.32,2,1,1,5983.7,0,1,459,Germany,Female,PLATINUM,0
768,47,5,104552.61,1,1,0,48137.08,1,4,245,Germany,Female,PLATINUM,1
850,41,3,0.0,2,1,0,128892.36,0,3,775,France,Male,SILVER,0
691,38,5,114753.76,1,1,0,107665.02,0,4,490,Germany,Female,SILVER,0
645,42,6,0.0,1,0,0,149807.01,0,1,750,France,Male,GOLD,0
686,47,5,170935.94,1,1,0,173179.79,1,5,983,Germany,Female,GOLD,1
706,57,7,0.0,1,1,0,17941.16,1,1,701,Spain,Male,GOLD,1
699,40,7,0.0,1,0,1,152876.13,1,3,497,France,Male,DIAMOND,1
569,30,3,139528.23,1,1,1,33230.37,0,4,705,Spain,Female,SILVER,0
691,38,1,0.0,2,0,0,44653.5,0,1,885,France,Male,GOLD,0
628,51,3,123981.31,2,1,1,40546.15,0,5,351,France,Female,SILVER,0
592,41,0,0.0,2,1,0,65906.07,0,4,576,Spain,Male,GOLD,0
674,42,9,0.0,2,1,0,4292.72,0,1,632,France,Female,SILVER,0
711,28,5,0.0,2,1,1,93959.96,0,3,979,Spain,Female,DIAMOND,0
776,38,2,169824.46,1,1,0,169291.7,0,5,844,France,Female,SILVER,0
728,37,0,0.0,2,1,1,72203.8,0,1,851,France,Male,PLATINUM,0
661,39,6,132628.98,1,0,0,38812.67,0,5,581,Spain,Male,DIAMOND,0
594,38,6,63176.44,2,1,1,14466.08,0,4,890,Germany,Male,GOLD,0
648,34,0,0.0,1,1,1,167931.81,0,1,445,France,Male,PLATINUM,0
718,67,7,0.0,3,1,1,82782.08,0,5,710,France,Female,PLATINUM,0
763,53,4,0.0,1,1,0,77203.72,1,5,569,France,Female,GOLD,1
762,26,6,130428.78,1,1,0,173365.89,0,4,858,France,Male,GOLD,0
728,32,5,61825.5,1,1,1,156124.93,0,5,433,Germany,Male,GOLD,0
791,25,7,0.0,1,1,0,89666.28,0,5,740,Spain,Male,PLATINUM,0
648,35,7,0.0,2,0,0,122899.01,0,2,878,Spain,Male,DIAMOND,0
559,38,3,145874.35,1,1,0,56311.39,1,2,707,Spain,Male,SILVER,1
651,28,10,79562.98,1,1,1,74687.37,0,3,251,France,Male,SILVER,0
708,42,9,176702.36,2,1,1,104804.74,0,1,942,Germany,Male,SILVER,0
715,45,4,0.0,2,1,1,55043.93,0,4,320,France,Male,PLATINUM,0
612,63,2,126473.33,1,0,1,147545.65,0,5,633,France,Female,DIAMOND,0
834,28,6,0.0,1,1,0,74287.53,0,2,397,France,Female,PLATINUM,0
651,44,2,0.0,3,1,0,102530.35,1,2,992,France,Male,GOLD,1
629,34,6,0.0,2,1,0,190347.72,0,3,741,Spain,Male,DIAMOND,0
685,43,9,108589.47,2,0,1,194808.51,0,4,376,Germany,Male,GOLD,0
485,51,7,144244.59,2,1,0,51113.14,0,4,633,Germany,Male,PLATINUM,0
846,34,10,142388.61,2,0,1,68393.64,1,5,451,France,Female,SILVER,1
578,36,1,157267.95,2,1,0,141533.19,0,5,940,Spain,Male,PLATINUM,0
833,34,3,144751.81,1,0,0,166472.81,0,3,908,France,Female,SILVER,0
702,50,3,0.0,2,0,0,94949.84,0,4,726,France,Male,GOLD,0
722,46,5,0.0,2,1,0,179908.71,0,2,310,France,Male,PLATINUM,0
590,24,7,126431.54,1,1,0,58781.11,0,3,667,France,Male,SILVER,0
825,40,6,132308.22,1,0,0,117122.5,0,2,465,France,Male,PLATINUM,0
585,44,7,163867.86,1,1,1,112333.22,0,1,473,Germany,Male,PLATINUM,0
551,31,9,82293.82,2,1,1,91565.25,0,3,748,Germany,Male,PLATINUM,0
630,35,1,0.0,2,0,0,186826.22,0,1,548,Spain,Male,PLATINUM,0
598,20,8,180293.84,2,1,1,29552.7,0,1,664,Germany,Male,SILVER,0
725,44,5,0.0,1,1,1,117356.14,0,4,865,France,Male,SILVER,0
501,35,6,99760.84,1,1,1,13591.52,0,1,310,France,Male,SILVER,0
616,34,10,0.0,2,1,0,25662.27,0,4,279,France,Male,SILVER,0
585,54,8,87105.32,1,1,1,55346.14,0,2,302,France,Male,DIAMOND,0
712,30,6,0.0,2,1,0,152417.97,0,4,472,Spain,Female,PLATINUM,0
418,35,7,0.0,2,1,1,88878.15,0,3,530,France,Male,DIAMOND,0
623,48,5,118469.38,1,1,1,158590.25,0,4,346,France,Male,PLATINUM,0
568,28,1,127289.28,1,0,0,45611.51,0,4,235,Spain,Male,GOLD,0
554,35,8,0.0,2,1,1,176779.46,0,4,398,France,Female,SILVER,0
674,45,6,72494.69,1,0,1,140041.78,0,3,839,France,Female,DIAMOND,0
641,65,6,38340.02,1,1,0,32607.77,1,3,537,France,Male,DIAMOND,1
850,40,9,99816.46,1,1,1,163989.66,1,3,873,France,Female,PLATINUM,1
466,30,3,0.0,1,1,0,193984.6,0,2,671,France,Female,PLATINUM,0
666,31,3,123212.08,2,1,1,112157.31,0,1,981,Germany,Male,PLATINUM,0
675,34,1,124619.33,2,0,1,163667.56,0,1,674,France,Male,PLATINUM,0
705,46,7,0.0,2,1,0,117273.35,0,2,946,Spain,Male,GOLD,0
738,31,9,79019.8,1,1,1,18606.23,0,4,467,Spain,Male,PLATINUM,0
662,35,6,0.0,2,0,0,2423.9,1,4,730,Spain,Female,DIAMOND,1
587,33,8,148163.57,1,0,0,122925.4,0,3,454,France,Male,DIAMOND,0
850,28,8,99986.98,1,1,0,196582.55,0,3,895,France,Male,PLATINUM,0
825,37,6,118050.79,1,0,1,52301.15,0,5,822,Germany,Male,SILVER,0
666,43,7,137780.74,2,1,1,119100.05,1,3,817,France,Male,SILVER,1
728,37,3,122689.51,2,0,0,106977.53,1,4,950,France,Male,GOLD,1
607,48,4,112070.86,3,1,0,173568.3,1,5,948,France,Female,SILVER,1
620,40,5,108197.11,2,1,0,49722.34,0,5,951,Germany,Male,SILVER,0
529,43,6,93616.35,2,0,0,98348.66,0,5,286,France,Male,GOLD,0
711,34,4,133467.77,2,1,1,42976.64,0,5,267,Germany,Male,DIAMOND,0
532,52,3,110791.97,1,1,0,148704.77,1,4,846,Germany,Male,DIAMOND,1
802,60,3,92887.06,1,1,0,39473.63,1,4,848,France,Female,PLATINUM,1
762,34,8,98592.88,1,0,1,191790.29,1,3,279,Germany,Female,DIAMOND,1
772,26,7,152400.51,2,1,0,79414.0,0,1,695,Germany,Male,PLATINUM,0
706,28,6,124923.35,2,1,1,50299.14,0,3,536,Germany,Female,DIAMOND,0
686,39,4,157731.6,2,1,0,162820.6,0,1,323,Germany,Female,GOLD,0
578,23,8,0.0,2,1,0,112124.98,0,3,240,Spain,Male,DIAMOND,0
483,27,1,77805.66,1,1,1,2101.89,0,2,279,France,Male,PLATINUM,0
572,19,1,138657.08,1,1,1,16161.82,0,3,263,Germany,Female,PLATINUM,0
719,35,8,0.0,1,1,1,165162.4,0,5,569,Spain,Female,DIAMOND,0
523,27,8,61688.61,2,1,0,147059.16,0,4,316,Germany,Male,GOLD,0
640,42,5,176099.13,1,1,1,8404.73,0,5,380,France,Female,PLATINUM,0
610,33,4,111582.11,1,0,0,113943.17,0,4,692,France,Male,DIAMOND,0
650,55,9,119618.42,1,1,1,29861.13,0,4,405,Spain,Male,GOLD,0
617,42,0,70105.87,1,1,1,120830.73,0,3,702,Spain,Male,SILVER,0
520,43,3,150805.17,3,0,1,25333.03,1,2,857,Germany,Male,GOLD,1
669,39,3,119452.03,1,1,1,171575.54,0,4,784,France,Male,DIAMOND,0
703,36,7,135095.47,1,1,0,143859.66,0,2,764,Spain,Male,SILVER,0
633,43,5,0.0,2,1,1,48249.88,0,5,250,France,Male,SILVER,0
686,44,7,55053.62,1,1,0,181757.19,0,3,495,France,Female,DIAMOND,0
769,41,1,72509.91,1,1,0,25723.73,0,4,747,Spain,Male,GOLD,0
616,36,6,0.0,1,1,1,12916.32,1,1,906,Spain,Female,DIAMOND,1
698,40,0,92053.44,1,1,1,143681.83,0,4,970,Spain,Female,DIAMOND,0
634,38,2,148430.55,1,1,1,56055.72,0,5,808,Germany,Male,PLATINUM,0
788,32,4,112079.58,1,0,0,89368.59,0,1,645,France,Male,SILVER,0
793,36,0,0.0,1,0,0,148993.47,0,2,847,Spain,Female,SILVER,0
738,40,1,115409.18,2,0,0,180456.8,0,5,925,Germany,Female,GOLD,0
471,27,4,0.0,2,1,0,122642.09,0,4,346,France,Female,PLATINUM,0
743,30,1,127023.39,1,1,1,138780.89,0,4,546,France,Female,GOLD,0
610,57,6,106938.11,2,0,1,186612.47,0,4,913,Germany,Male,DIAMOND,0
594,35,2,133853.27,1,1,1,65361.66,0,1,722,France,Male,GOLD,0
670,67,6,158719.57,1,1,1,118607.4,0,3,392,Spain,Male,SILVER,0
769,45,5,126674.81,1,1,0,124118.71,1,5,592,Germany,Female,DIAMOND,1
520,45,1,123086.39,1,1,1,41042.4,1,1,796,Germany,Female,PLATINUM,1
698,63,5,0.0,1,1,1,173576.71,0,5,545,Spain,Female,SILVER,0
605,64,2,129555.7,1,1,1,13601.79,0,1,380,France,Female,SILVER,0
676,29,7,131959.86,1,0,0,189268.81,0,2,304,France,Male,SILVER,0
564,31,0,110527.17,1,1,1,87060.77,0,2,752,France,Male,GOLD,0
635,24,4,140197.18,1,1,1,142935.83,0,4,907,Spain,Male,SILVER,0
425,39,4,0.0,2,1,0,197226.32,0,2,261,France,Male,SILVER,0
641,48,3,147341.43,1,1,1,157458.61,1,3,611,France,Female,DIAMOND,1
579,39,5,0.0,2,0,1,39891.84,0,2,977,France,Male,GOLD,0
712,29,3,87375.78,2,0,0,166194.53,0,2,584,France,Female,SILVER,0
850,45,5,127258.79,1,1,1,192744.23,1,3,380,Germany,Female,SILVER,1
667,41,6,0.0,2,0,0,167181.77,0,2,298,France,Male,PLATINUM,0
606,25,3,147386.72,3,1,0,45482.04,1,5,405,Spain,Female,SILVER,1
693,30,6,127992.25,1,1,1,50457.2,0,1,483,France,Female,SILVER,0
499,29,6,148051.52,1,1,0,118623.94,0,4,662,Germany,Female,PLATINUM,0
689,40,1,0.0,2,1,1,119446.64,0,4,501,France,Female,SILVER,0
528,43,7,97473.87,2,1,1,159823.16,0,3,654,Spain,Male,PLATINUM,0
569,34,3,0.0,1,1,0,133997.53,0,1,824,Spain,Female,PLATINUM,0
836,37,10,0.0,2,1,0,111324.41,0,1,645,Spain,Female,GOLD,0
599,28,4,126833.79,2,1,0,60843.09,1,5,252,Spain,Female,PLATINUM,1
625,31,4,77743.01,2,1,0,75335.68,0,5,626,Germany,Male,GOLD,0
705,64,3,153469.26,3,0,0,146573.66,1,4,875,Germany,Female,PLATINUM,1
696,32,4,84421.62,1,0,1,52314.71,0,5,491,Germany,Male,PLATINUM,0
581,35,4,0.0,2,0,1,86383.82,0,5,453,France,Male,PLATINUM,0
620,41,3,0.0,2,1,1,137309.06,0,2,725,France,Male,PLATINUM,0
662,72,7,140301.72,1,0,1,179258.67,0,4,832,Spain,Female,DIAMOND,0
630,50,3,129370.91,4,1,1,47775.34,1,1,712,Germany,Male,GOLD,1
762,31,7,117687.35,1,1,1,159344.43,0,2,867,France,Male,PLATINUM,0
578,31,5,102088.68,4,0,0,187866.21,1,4,645,Germany,Female,SILVER,1
834,68,9,130169.27,2,0,1,93112.2,0,5,882,Germany,Female,GOLD,0
578,39,2,0.0,2,1,0,70563.9,0,1,550,France,Male,GOLD,0
780,71,9,142550.25,2,1,1,122506.78,0,1,408,Germany,Male,PLATINUM,0
615,61,9,0.0,2,1,0,150227.85,1,4,683,Spain,Male,DIAMOND,1
717,40,0,98241.04,1,1,0,110887.14,0,3,817,France,Male,GOLD,0
630,50,8,0.0,2,0,1,79377.45,0,4,237,France,Male,PLATINUM,0
609,53,7,0.0,2,0,1,52332.85,0,5,295,France,Male,SILVER,0
755,38,9,148912.44,1,1,0,80416.16,0,3,416,France,Male,DIAMOND,0
376,29,4,115046.74,4,1,0,119346.88,1,2,282,Germany,Female,DIAMOND,1
731,30,7,0.0,2,1,1,184581.68,0,2,781,France,Male,GOLD,0
672,21,1,35741.69,1,1,0,28789.94,0,2,466,Germany,Female,DIAMOND,0
680,36,7,0.0,2,1,0,20109.21,0,5,524,Spain,Male,DIAMOND,0
703,43,8,0.0,2,1,0,9704.66,0,3,880,France,Male,PLATINUM,0
710,46,10,120530.34,1,1,0,166586.99,1,4,977,Germany,Female,DIAMOND,1
499,46,6,0.0,2,1,0,73457.55,0,5,809,France,Female,PLATINUM,0
786,32,9,0.0,2,1,0,133112.41,0,1,904,France,Male,SILVER,0
572,51,8,97750.07,3,1,1,193014.26,1,2,740,Germany,Male,PLATINUM,1
793,41,3,141806.46,1,1,0,102921.17,0,3,447,France,Female,GOLD,0
777,30,4,0.0,2,0,1,115611.97,0,1,561,France,Female,DIAMOND,0
579,31,2,90547.48,2,1,1,18800.13,0,1,304,Germany,Male,GOLD,0
669,47,0,63723.78,2,1,1,181928.25,0,1,316,Germany,Male,DIAMOND,0
504,44,0,131873.07,2,1,1,158036.72,1,3,646,Germany,Female,GOLD,1
580,65,9,106804.26,3,1,0,107890.69,1,3,950,France,Female,GOLD,1
719,35,3,122964.88,1,1,1,138231.7,0,4,411,Spain,Male,DIAMOND,0
687,21,8,0.0,2,1,1,154767.34,0,5,449,Spain,Female,PLATINUM,0
434,33,3,0.0,1,1,1,2739.71,0,5,556,Spain,Male,PLATINUM,0
650,26,4,214346.96,2,1,0,128815.33,0,2,888,Germany,Male,GOLD,0
626,36,2,181671.16,2,1,1,57531.14,0,1,267,Germany,Male,DIAMOND,0
509,30,6,0.0,2,1,0,180598.86,0,4,342,France,Male,DIAMOND,0
702,60,5,138597.54,2,1,1,41536.59,1,4,476,Germany,Female,GOLD,1
683,41,6,95696.52,2,1,1,184366.14,0,5,459,France,Male,GOLD,0
612,38,7,110615.47,1,1,1,193502.93,0,5,802,France,Female,DIAMOND,0
630,28,9,0.0,2,0,0,32599.35,0,2,625,France,Male,SILVER,0
641,35,2,103711.56,1,0,1,192464.21,1,2,267,Germany,Male,PLATINUM,1
621,34,2,91258.52,2,1,0,44857.4,0,2,607,Germany,Female,DIAMOND,0
530,39,2,0.0,2,1,0,197923.05,0,4,296,France,Male,SILVER,0
768,43,2,129264.05,2,0,0,19150.14,0,3,343,Germany,Female,SILVER,0
581,24,10,159203.71,1,1,1,102517.83,1,4,766,Spain,Female,DIAMOND,1
783,37,1,136689.66,1,1,0,197890.65,0,1,412,Spain,Female,GOLD,0
774,28,1,71264.02,2,0,1,68759.57,0,5,461,France,Female,GOLD,0
541,34,3,128743.55,1,1,0,134851.12,0,3,430,France,Male,DIAMOND,0
745,38,5,65095.41,2,1,1,140197.42,0,3,603,Germany,Male,PLATINUM,0
552,42,9,133701.07,2,1,0,101069.71,1,4,523,France,Male,SILVER,1
582,31,2,0.0,2,1,1,33747.03,0,4,413,France,Male,GOLD,0
473,35,6,69617.36,1,1,0,143345.69,0,1,959,France,Female,PLATINUM,0
532,66,3,0.0,1,1,1,115227.02,0,1,955,Spain,Female,DIAMOND,0
669,50,4,112650.89,1,0,0,166386.22,1,2,440,Germany,Female,PLATINUM,1
706,31,1,117020.08,2,1,0,54439.53,0,4,401,Germany,Male,GOLD,0
491,68,3,107571.61,1,0,1,113695.99,0,4,786,France,Female,PLATINUM,0
616,45,4,122793.96,1,1,1,62002.04,0,5,224,Germany,Female,SILVER,0
579,33,1,0.0,2,1,1,54816.57,0,3,528,Spain,Male,SILVER,0
732,36,7,126195.81,1,1,1,133172.48,0,1,549,France,Male,DIAMOND,0
574,34,7,152992.91,1,1,1,134691.2,0,5,705,France,Female,DIAMOND,0
674,28,5,0.0,1,1,1,151925.25,0,3,377,France,Male,GOLD,0
605,39,7,0.0,1,0,1,119348.28,0,4,307,France,Male,DIAMOND,0
681,29,2,148143.84,1,1,1,52021.39,0,5,394,France,Female,SILVER,0
622,27,9,139834.93,1,1,1,152733.89,0,2,972,Spain,Male,DIAMOND,0
408,40,3,0.0,2,0,0,124874.23,0,5,602,France,Male,GOLD,0
739,31,1,0.0,2,1,1,58469.75,0,1,252,Spain,Male,GOLD,0
600,32,1,0.0,1,1,1,101986.16,0,4,324,France,Male,SILVER,0
718,34,5,113922.44,2,1,0,30772.22,0,2,503,Spain,Male,DIAMOND,0
658,50,2,0.0,2,1,0,52137.73,0,1,893,Spain,Male,GOLD,0
676,36,4,0.0,2,1,1,3173.31,0,2,539,Spain,Female,PLATINUM,0
495,30,10,129755.99,1,0,0,172749.65,0,2,753,France,Male,DIAMOND,0
850,39,5,114491.82,1,1,0,99689.48,0,2,949,Germany,Female,PLATINUM,0
605,56,1,74129.18,2,1,1,62199.78,1,1,969,Germany,Female,PLATINUM,1
671,42,6,0.0,2,1,0,197202.48,0,5,393,France,Female,DIAMOND,0
543,22,8,0.0,2,0,0,127587.22,0,3,251,France,Male,PLATINUM,0
588,38,1,124271.26,1,1,0,75969.19,0,3,922,France,Male,DIAMOND,0
638,41,9,144326.09,1,1,0,73979.85,1,2,527,Germany,Female,GOLD,1
629,39,2,129669.32,2,1,0,82774.07,0,4,716,France,Male,DIAMOND,0
567,41,9,137891.35,1,1,0,142009.46,1,4,990,France,Female,DIAMOND,1
685,40,2,168001.34,2,1,1,167400.29,0,2,272,France,Male,GOLD,0
753,31,6,106596.29,1,0,0,91305.77,0,5,503,France,Female,GOLD,0
726,32,8,0.0,2,0,0,185075.63,0,2,233,France,Female,SILVER,0
814,29,8,97086.4,2,1,1,197276.13,0,2,965,Germany,Male,GOLD,0
696,44,8,161889.79,1,0,0,75562.47,0,4,786,France,Male,GOLD,0
540,37,0,120825.7,1,1,0,28257.89,0,2,540,Spain,Male,GOLD,0
756,28,6,0.0,1,1,1,164394.65,0,2,458,France,Female,SILVER,0
486,37,1,101438.0,1,0,0,51364.56,0,3,512,Germany,Male,PLATINUM,0
619,41,8,0.0,3,1,1,79866.73,1,2,998,Spain,Female,GOLD,1
821,28,8,0.0,1,1,1,36754.13,0,5,845,France,Female,GOLD,0
489,40,3,221532.8,1,1,0,171867.08,0,5,636,Spain,Male,DIAMOND,0
741,37,9,105261.76,2,1,1,149503.54,0,1,523,France,Male,PLATINUM,0
825,32,9,0.0,2,0,0,9751.03,0,5,583,France,Male,PLATINUM,0
545,47,8,105792.49,1,0,1,67830.2,1,5,830,France,Male,SILVER,1
562,29,9,0.0,1,1,1,25858.68,0,1,512,France,Male,SILVER,0
789,40,4,0.0,2,1,0,137402.27,0,2,787,Spain,Female,SILVER,0
744,54,6,93806.31,2,0,1,140068.77,0,2,306,France,Male,PLATINUM,0
633,42,1,0.0,2,1,0,56865.62,0,2,930,France,Female,SILVER,0
801,43,4,158713.08,2,0,0,98586.14,0,2,224,France,Male,SILVER,0
629,46,1,130666.2,1,1,1,161125.67,1,1,586,France,Male,SILVER,1
640,34,3,77826.8,1,1,1,168544.85,0,4,329,Spain,Female,DIAMOND,0
653,29,2,0.0,2,1,1,41671.81,0,5,718,France,Male,PLATINUM,0
525,30,0,157989.21,2,1,1,100687.67,0,3,236,Germany,Female,DIAMOND,0
599,30,9,105443.68,1,1,1,121124.53,0,3,259,France,Male,DIAMOND,0
667,39,9,0.0,2,1,0,68873.8,0,5,535,Spain,Male,PLATINUM,0
754,50,7,146777.44,2,0,1,150685.52,0,1,517,Spain,Female,GOLD,0
617,61,3,113858.95,1,1,1,38129.22,0,1,422,Spain,Male,GOLD,0
745,35,9,92566.53,2,1,0,161519.77,0,4,742,France,Male,SILVER,0
623,46,4,0.0,1,1,0,5549.11,1,3,598,Spain,Male,DIAMOND,1
690,33,5,0.0,2,1,0,138017.68,0,3,787,France,Male,PLATINUM,0
608,41,5,0.0,2,1,1,72462.25,0,5,445,France,Female,GOLD,0
582,40,9,0.0,3,1,1,60954.45,0,2,645,France,Female,SILVER,0
771,38,5,137657.71,2,1,0,72985.61,0,3,378,Germany,Female,GOLD,0
583,41,5,77647.6,1,1,0,190429.52,0,2,866,Germany,Female,DIAMOND,0
640,23,3,72012.76,1,1,0,161333.13,0,2,599,Germany,Male,DIAMOND,0
729,42,7,0.0,2,1,0,58268.2,1,1,226,Spain,Female,PLATINUM,1
651,42,2,143145.87,2,1,0,43612.06,0,4,288,Spain,Male,SILVER,0
586,33,7,0.0,2,1,1,168261.4,0,4,554,Spain,Female,SILVER,0
719,49,5,105918.1,1,1,1,16246.59,0,1,221,France,Male,DIAMOND,0
648,38,2,0.0,2,0,1,9551.49,0,1,565,France,Female,SILVER,0
785,54,1,0.0,2,1,0,45113.92,1,5,287,Spain,Female,PLATINUM,1
705,31,3,142905.51,1,1,1,58134.97,0,4,551,France,Female,SILVER,0
722,40,6,89175.06,2,0,1,152883.95,0,4,984,Germany,Female,PLATINUM,0
598,47,2,0.0,2,1,1,186116.54,0,1,316,France,Male,PLATINUM,0
772,39,4,122486.11,2,1,1,140709.25,0,2,925,Spain,Female,SILVER,0
537,38,10,0.0,1,0,0,52337.97,1,2,958,France,Female,GOLD,1
801,42,4,141947.67,1,1,1,10598.29,0,3,687,Spain,Male,SILVER,0
518,38,3,90957.81,1,0,1,162304.59,0,4,846,France,Male,PLATINUM,0
637,45,2,157929.45,1,1,1,145134.49,1,4,546,Spain,Female,DIAMOND,1
624,44,3,0.0,2,1,0,88407.51,0,2,983,France,Male,SILVER,0
595,23,10,101126.66,2,0,0,37042.8,0,4,586,Spain,Female,SILVER,0
850,28,4,0.0,2,1,1,12409.01,0,5,242,France,Male,GOLD,0
620,28,9,71902.52,1,0,1,190208.23,0,5,334,France,Male,SILVER,0
542,34,8,101116.06,1,1,0,196395.05,0,4,987,France,Male,SILVER,0
569,36,1,67087.69,1,1,0,154775.7,0,5,308,France,Male,PLATINUM,0
620,61,5,0.0,1,0,0,31641.52,1,3,586,France,Male,GOLD,1
686,43,5,154846.24,2,1,1,151903.6,0,5,546,Germany,Female,DIAMOND,0
587,40,2,0.0,4,0,1,106174.7,1,2,826,France,Male,PLATINUM,1
599,51,0,0.0,1,1,1,175235.99,0,3,220,Spain,Male,SILVER,0
850,35,7,114285.2,1,0,1,129660.59,0,5,791,Germany,Female,GOLD,0
493,33,8,90791.69,1,1,1,59659.53,0,3,865,France,Female,DIAMOND,0
683,30,1,113257.2,1,1,1,65035.02,0,2,263,Spain,Male,GOLD,0
800,46,6,0.0,2,1,0,171928.04,0,2,471,Spain,Female,SILVER,0
663,27,8,0.0,1,1,1,188007.99,0,1,299,Spain,Male,GOLD,0
595,26,8,118547.72,1,1,1,151192.18,0,4,388,Germany,Female,PLATINUM,0
677,39,0,111213.64,2,1,1,147578.26,0,5,667,Germany,Female,SILVER,0
620,28,8,0.0,2,1,1,199909.32,0,4,933,France,Male,SILVER,0
714,33,3,35016.6,1,1,0,53667.08,0,3,791,Germany,Male,GOLD,0
539,38,5,0.0,2,1,0,47388.41,0,3,234,France,Male,PLATINUM,0
693,40,0,120711.73,1,0,0,27345.18,1,1,709,Germany,Male,DIAMOND,1
655,37,4,0.0,2,1,1,142415.97,0,3,774,France,Male,PLATINUM,0
670,36,3,0.0,1,1,0,140754.19,1,3,534,France,Male,PLATINUM,1
593,50,6,171740.69,1,0,0,20893.61,0,4,602,France,Male,SILVER,0
696,41,9,127523.75,1,0,1,191417.42,0,1,824,Spain,Male,DIAMOND,0
585,55,10,106415.57,3,1,1,122960.98,1,1,749,France,Male,GOLD,1
596,54,1,123544.0,1,1,1,120314.75,1,3,600,Germany,Male,DIAMOND,1
792,30,1,127187.86,1,1,1,113553.42,0,3,921,France,Male,SILVER,0
615,42,4,0.0,3,0,1,120321.09,0,5,757,Spain,Male,PLATINUM,0
632,23,3,122478.51,1,1,0,147230.77,1,5,390,Germany,Male,PLATINUM,1
644,24,8,92760.55,1,1,0,35896.75,0,5,238,France,Female,GOLD,0
625,31,5,0.0,2,0,1,90.07,0,3,855,France,Male,SILVER,0
645,38,5,101430.3,2,0,1,4400.32,0,1,573,France,Female,GOLD,0
709,40,9,131569.63,1,1,1,103970.58,0,1,295,France,Female,DIAMOND,0
632,27,4,193125.85,1,1,1,152665.85,0,4,262,France,Male,GOLD,0
692,40,6,163505.16,1,0,0,90424.09,0,4,675,France,Male,DIAMOND,0
760,57,1,0.0,2,1,1,25101.17,0,2,687,Spain,Female,PLATINUM,0
649,32,1,0.0,1,0,1,91167.19,1,5,373,Spain,Male,SILVER,1
556,47,2,139914.27,1,1,1,50390.98,0,1,522,France,Female,SILVER,0
732,50,6,145338.76,1,0,0,91936.1,1,4,738,Germany,Male,DIAMOND,1
700,42,8,0.0,2,1,1,105305.72,0,4,528,France,Female,SILVER,0
607,33,2,108431.87,2,0,1,109291.39,1,5,647,Spain,Female,PLATINUM,1
512,33,3,176666.62,1,1,0,94670.77,0,1,726,Spain,Male,PLATINUM,0
712,53,2,111061.01,2,0,0,26542.17,0,2,345,Spain,Male,GOLD,0
553,32,3,116324.53,1,1,0,77304.49,0,2,831,France,Male,GOLD,0
585,38,5,0.0,1,1,1,87363.56,0,1,822,France,Female,GOLD,0
553,37,1,0.0,1,1,0,30461.55,0,5,623,France,Male,DIAMOND,0
672,45,9,0.0,1,1,1,92027.69,1,1,397,France,Female,PLATINUM,1
583,54,6,115988.86,1,1,0,57553.98,1,5,878,Germany,Female,DIAMOND,1
669,29,9,0.0,1,1,1,93901.61,0,5,335,Spain,Male,DIAMOND,0
705,32,7,0.0,2,1,0,7921.57,0,3,425,France,Male,DIAMOND,0
694,33,4,129731.64,2,1,0,178123.86,0,3,718,France,Female,DIAMOND,0
800,49,7,108007.36,1,0,0,47125.11,0,3,855,France,Female,PLATINUM,0
559,40,7,144470.77,1,1,1,18917.95,0,3,255,Spain,Female,SILVER,0
693,25,6,146580.69,1,0,1,14633.35,0,4,459,Germany,Male,DIAMOND,0
666,33,2,124125.26,1,1,0,81884.8,0,4,459,Germany,Male,SILVER,0
685,44,2,119657.53,1,1,0,145387.05,1,4,646,Germany,Female,DIAMOND,1
837,35,0,144037.6,1,1,0,145325.32,0,5,860,Germany,Male,DIAMOND,0
501,39,9,117301.66,1,0,0,182025.95,0,5,721,France,Female,SILVER,0
667,48,2,0.0,1,1,0,43229.2,0,4,487,France,Male,SILVER,0
627,43,8,71240.3,1,0,1,127734.16,0,2,415,France,Male,DIAMOND,0
462,39,4,140133.08,2,0,0,131304.45,0,1,627,France,Male,SILVER,0
597,60,0,131778.08,1,0,0,10703.53,1,4,762,France,Female,SILVER,1
731,29,10,0.0,2,1,1,162452.65,0,4,251,France,Male,SILVER,0
624,71,7,0.0,2,1,1,108841.83,0,3,666,France,Male,GOLD,0
578,59,10,185966.64,1,0,0,9445.42,1,2,422,France,Male,GOLD,1
610,27,4,87262.4,2,1,0,182720.07,0,1,647,France,Female,SILVER,0
672,43,4,92599.55,2,1,1,167336.78,0,4,274,France,Female,GOLD,0
732,38,5,178787.54,1,1,1,195760.53,0,3,305,Germany,Male,DIAMOND,0
670,27,5,79336.61,1,1,1,26170.08,0,5,245,France,Female,DIAMOND,0
432,45,3,110219.14,1,1,0,43046.7,1,5,946,Germany,Female,GOLD,1
565,38,2,158651.29,2,1,1,179445.28,0,4,805,Germany,Female,PLATINUM,0
729,62,4,140549.4,1,1,0,30990.16,1,3,726,France,Female,GOLD,1
775,66,9,0.0,2,1,1,67622.34,0,3,826,France,Female,PLATINUM,0
554,42,1,0.0,2,0,1,183492.9,0,2,593,Spain,Male,GOLD,0
747,29,7,0.0,2,1,1,141706.43,0,1,338,France,Male,DIAMOND,0
697,48,1,0.0,2,1,1,87400.53,0,5,553,France,Female,DIAMOND,0
807,28,7,165969.26,3,1,0,156122.13,1,5,255,Spain,Female,PLATINUM,1
610,40,9,0.0,1,1,1,149602.54,0,3,613,France,Male,SILVER,0
733,45,2,113939.36,2,1,0,3218.71,0,1,995,Germany,Male,PLATINUM,0
710,31,1,0.0,2,1,0,20081.3,0,3,572,France,Female,PLATINUM,0
817,34,5,129278.43,1,0,0,165562.84,0,1,703,France,Male,DIAMOND,0
661,20,8,0.0,1,1,0,110252.53,0,3,330,Spain,Male,GOLD,0
651,29,3,121890.06,1,1,0,54530.51,1,1,499,Germany,Male,GOLD,1
649,49,2,0.0,1,1,0,84863.85,1,3,226,Spain,Female,DIAMOND,1
695,32,9,0.0,3,0,1,38533.79,0,4,475,Spain,Male,GOLD,0
740,39,9,0.0,2,1,0,19047.23,0,3,993,France,Male,DIAMOND,0
712,32,1,0.0,2,1,0,1703.58,0,4,670,France,Female,PLATINUM,0
600,38,9,0.0,2,1,1,58855.85,0,5,700,France,Female,PLATINUM,0
632,41,0,106134.46,1,0,1,105570.39,0,5,885,France,Male,GOLD,0
765,41,2,0.0,2,0,1,191215.61,0,4,547,France,Male,DIAMOND,0
724,39,3,0.0,2,0,1,95562.81,0,2,918,Spain,Male,DIAMOND,0
684,42,3,103210.27,1,1,0,31002.03,0,4,521,Spain,Female,PLATINUM,0
746,34,6,141806.0,2,1,1,183494.87,0,3,236,Germany,Male,SILVER,0
686,35,8,105419.73,1,1,0,35356.46,0,5,887,France,Female,DIAMOND,0
587,38,0,0.0,2,1,0,47414.15,0,3,701,France,Male,DIAMOND,0
594,26,6,135067.52,2,0,0,131211.86,0,3,285,Germany,Female,PLATINUM,0
706,38,8,0.0,2,0,1,46635.11,0,3,826,Spain,Male,GOLD,0
674,41,4,126605.14,1,1,1,166694.93,0,2,595,Spain,Female,GOLD,0
682,38,4,107192.38,1,1,1,15669.17,0,3,459,France,Male,PLATINUM,0
570,33,8,0.0,1,1,1,124641.42,0,5,943,France,Female,PLATINUM,0
634,43,3,212696.32,1,1,0,115268.86,0,3,327,Germany,Male,PLATINUM,0
444,45,4,0.0,2,1,0,161653.5,1,3,482,France,Female,DIAMOND,1
736,32,7,0.0,1,0,1,79082.62,0,2,925,Spain,Male,DIAMOND,0
550,33,9,72788.03,1,1,1,103608.06,0,2,487,Spain,Female,PLATINUM,0
563,32,6,0.0,2,1,1,19720.08,0,4,574,Spain,Male,SILVER,0
551,26,2,144258.52,1,1,0,49778.79,0,5,839,France,Female,DIAMOND,0
653,38,8,119315.75,1,1,0,150468.35,0,3,978,France,Male,SILVER,0
557,46,4,96173.17,2,1,1,116378.31,0,5,689,France,Female,GOLD,0
482,38,4,124976.19,1,1,0,35848.12,0,1,813,France,Male,PLATINUM,0
531,37,1,143407.29,2,0,1,84402.46,0,1,556,Spain,Male,SILVER,0
561,31,1,81480.27,2,1,1,65234.6,0,1,666,France,Female,DIAMOND,0
573,30,6,0.0,2,1,0,66190.21,0,2,546,France,Female,PLATINUM,0
570,58,8,0.0,1,0,1,116503.92,1,2,257,France,Female,DIAMOND,1
617,45,1,0.0,1,1,0,143298.06,0,4,323,Spain,Female,DIAMOND,0
694,37,3,0.0,2,1,1,147012.22,0,3,245,Spain,Female,DIAMOND,0
632,27,3,107375.82,1,1,1,62703.38,0,2,627,France,Female,PLATINUM,0
537,48,4,131834.8,1,1,0,166476.95,1,3,925,Germany,Male,DIAMOND,1
491,26,4,102251.14,1,1,1,145900.89,0,3,921,Germany,Male,SILVER,0
471,28,5,0.0,2,1,1,22356.97,0,1,583,Spain,Female,PLATINUM,0
526,58,9,190298.89,2,1,1,191263.76,0,1,889,Germany,Male,DIAMOND,0
648,38,10,82697.28,1,1,0,74846.67,0,3,966,France,Male,PLATINUM,0
630,33,9,0.0,2,1,0,64804.59,0,4,864,France,Male,PLATINUM,0
695,56,4,0.0,2,1,0,84644.76,0,4,736,Spain,Female,GOLD,0
701,39,9,0.0,2,0,1,145894.9,0,2,513,France,Female,GOLD,0
556,48,8,168522.37,1,1,1,151310.16,0,2,393,Spain,Female,SILVER,0
455,43,6,0.0,1,1,1,81250.79,0,5,885,Spain,Female,PLATINUM,0
479,33,2,208165.53,1,0,0,50774.81,1,5,765,France,Female,PLATINUM,1
819,28,8,168253.21,1,1,1,102799.14,0,4,230,Spain,Female,PLATINUM,0
669,45,7,149364.58,1,0,1,173454.07,0,5,263,France,Male,SILVER,0
660,48,0,90044.32,2,0,1,187604.97,1,5,351,France,Female,SILVER,1
764,28,10,124023.18,1,1,0,166188.28,0,1,508,Germany,Male,SILVER,0
596,76,9,134208.25,1,1,1,13455.43,0,5,374,Spain,Female,DIAMOND,0
767,31,6,0.0,2,1,1,195668.0,0,1,244,Spain,Male,PLATINUM,0
531,37,7,121854.45,1,1,0,147521.35,0,1,515,France,Male,PLATINUM,0
633,31,1,0.0,1,1,0,48606.71,0,3,804,France,Male,GOLD,0
567,26,2,0.0,2,1,1,78651.55,0,2,387,France,Female,PLATINUM,0
781,38,3,128345.69,2,1,0,63218.85,0,2,608,France,Female,SILVER,0
574,30,5,120355.0,1,1,0,137793.35,0,3,420,Spain,Male,SILVER,0
621,46,6,141078.37,1,0,0,34580.8,1,2,956,Germany,Male,SILVER,1
594,30,10,0.0,2,1,1,124071.71,0,2,757,France,Female,DIAMOND,0
751,42,4,0.0,2,1,1,81442.6,0,2,997,France,Male,DIAMOND,0
634,31,9,108632.48,1,1,1,179485.96,1,5,760,Spain,Male,DIAMOND,1
608,37,2,130461.02,1,1,0,21967.15,0,5,642,Spain,Male,SILVER,0
653,38,8,102133.38,1,1,1,166520.96,0,3,795,France,Female,SILVER,0
604,26,8,149542.52,2,0,1,197911.52,0,1,683,France,Male,SILVER,0
584,32,5,0.0,2,1,0,10956.82,0,1,735,Spain,Male,PLATINUM,0
609,37,1,39344.83,1,1,1,178291.89,1,5,370,France,Male,SILVER,1
567,54,5,92316.31,2,1,0,158590.66,1,1,916,Spain,Female,DIAMOND,1
723,21,4,0.0,2,0,0,24847.02,0,1,823,France,Male,SILVER,0
716,23,2,94464.81,2,0,1,185900.88,0,5,351,France,Female,PLATINUM,0
724,41,2,127892.57,2,0,1,199645.45,0,4,393,Germany,Male,DIAMOND,0
752,31,4,144637.86,2,1,0,40496.72,0,1,383,Spain,Female,DIAMOND,0
636,48,1,170833.46,1,1,0,110510.28,1,1,654,France,Female,PLATINUM,1
565,59,9,69129.59,1,1,1,170705.53,0,5,558,Germany,Male,PLATINUM,0
701,29,2,0.0,2,1,0,176943.59,0,3,225,France,Male,PLATINUM,0
650,55,2,140891.46,3,1,1,179834.45,1,5,526,Germany,Female,PLATINUM,1
577,37,2,127261.35,1,1,0,56185.05,0,3,392,France,Male,SILVER,0
622,26,9,0.0,2,1,1,153237.59,0,3,344,France,Male,PLATINUM,0
850,38,2,94652.04,1,1,1,171960.76,0,3,475,Spain,Male,PLATINUM,0
628,37,0,0.0,2,1,1,171707.93,0,4,668,France,Male,GOLD,0
750,38,5,151532.4,1,1,1,46555.15,0,2,377,France,Male,SILVER,0
512,75,2,0.0,1,1,0,123304.62,0,3,355,France,Female,GOLD,0
660,42,5,0.0,3,1,1,189016.24,1,5,351,Spain,Female,GOLD,1
755,78,5,121206.96,1,1,1,76016.49,0,5,554,France,Female,PLATINUM,0
674,32,7,85757.93,1,1,1,95481.0,0,2,929,France,Female,DIAMOND,0
743,71,0,0.0,2,0,1,29837.65,0,5,330,France,Male,PLATINUM,0
550,38,9,140278.99,3,1,1,171457.06,1,5,230,France,Male,GOLD,1
587,41,8,85109.21,1,1,0,1557.82,0,4,318,Spain,Male,GOLD,0
841,31,2,0.0,2,1,0,173240.52,0,3,647,France,Male,DIAMOND,0
557,42,4,0.0,2,0,1,86642.38,0,2,569,Spain,Male,GOLD,0
655,37,8,163708.58,2,0,0,76259.23,0,2,959,Spain,Male,SILVER,0
589,37,5,0.0,1,1,0,61324.87,0,1,359,France,Male,DIAMOND,0
609,77,1,0.0,1,0,1,18708.76,0,4,590,France,Male,PLATINUM,0
712,31,7,0.0,2,1,0,170333.38,0,4,754,France,Female,SILVER,0
758,52,7,125095.94,1,1,0,171189.83,1,2,747,France,Female,PLATINUM,1
663,49,7,116150.65,3,1,1,84358.71,1,5,670,Germany,Male,DIAMOND,1
774,36,7,103688.19,1,0,1,118971.74,0,1,275,France,Male,SILVER,0
717,34,1,0.0,2,1,0,119313.74,0,4,533,Spain,Female,DIAMOND,0
791,34,7,0.0,2,1,0,96734.46,0,1,802,France,Male,DIAMOND,0
714,26,3,119545.48,2,1,0,65482.94,0,3,276,Germany,Male,PLATINUM,0
644,51,4,95560.04,1,0,0,72628.84,1,1,672,Germany,Female,PLATINUM,1
826,55,4,115285.85,1,1,0,140126.17,0,2,712,France,Male,GOLD,0
699,39,2,109724.38,1,1,1,180022.39,0,2,412,France,Male,GOLD,0
516,51,8,120124.35,2,0,1,168773.54,0,2,286,France,Male,PLATINUM,0
843,27,5,0.0,2,1,1,67494.23,0,1,557,France,Female,DIAMOND,0
554,36,3,157780.93,2,1,0,6089.13,0,3,530,Germany,Female,DIAMOND,0
585,28,6,105795.9,1,1,1,41219.09,0,2,446,France,Female,PLATINUM,0
583,22,2,0.0,2,0,1,5985.36,0,5,307,Spain,Female,DIAMOND,0
660,39,9,134599.33,2,1,0,183095.87,0,4,575,Germany,Male,PLATINUM,0
699,59,3,106819.65,1,0,1,163570.25,0,5,557,Germany,Male,SILVER,0
766,38,7,130933.74,1,0,1,2035.94,0,4,436,Germany,Female,GOLD,0
725,35,7,75915.75,1,1,0,150507.43,0,1,963,France,Male,SILVER,0
521,41,8,120586.54,1,0,1,20491.15,0,4,486,Germany,Male,GOLD,0
725,38,6,0.0,2,1,1,158697.28,0,2,306,France,Male,DIAMOND,0
594,28,5,185013.02,1,1,0,16481.12,0,2,817,Germany,Male,GOLD,0
754,35,4,0.0,2,1,0,44830.71,0,1,992,France,Female,GOLD,0
734,29,0,139994.66,1,1,0,17744.72,0,2,965,France,Female,GOLD,0
611,64,9,0.0,2,1,1,53277.15,0,3,483,France,Male,GOLD,0
601,41,1,123971.16,1,0,1,172814.99,0,3,543,France,Male,GOLD,0
609,48,1,108019.27,3,1,1,184524.65,1,5,559,France,Male,PLATINUM,1
766,36,5,78381.13,1,0,1,153831.6,0,2,637,Spain,Male,SILVER,0
589,37,7,85146.48,2,1,0,86490.09,1,2,806,France,Male,SILVER,1
584,36,9,0.0,1,1,1,105818.51,0,3,951,France,Male,PLATINUM,0
694,30,9,0.0,2,1,1,26960.31,0,5,829,France,Female,DIAMOND,0
635,24,4,0.0,2,1,1,70668.77,0,2,506,Spain,Male,GOLD,0
470,30,4,125385.01,1,1,0,68293.93,0,1,536,Spain,Male,GOLD,0
632,40,3,109740.62,1,1,0,141896.74,0,4,336,Spain,Female,PLATINUM,0
579,35,1,0.0,2,1,0,4460.2,0,1,473,France,Male,GOLD,0
619,39,5,0.0,2,1,1,158444.61,0,1,527,France,Male,SILVER,0
662,41,4,90350.77,1,1,0,75884.65,1,3,709,Spain,Female,PLATINUM,1
745,40,3,88466.82,1,0,0,116331.42,0,4,645,Spain,Male,SILVER,0
543,57,1,106138.33,2,1,1,120657.32,1,5,677,Germany,Female,GOLD,1
606,35,7,0.0,1,1,0,106837.06,1,5,418,Spain,Male,SILVER,1
599,34,8,0.0,2,1,1,174196.68,0,4,524,France,Male,GOLD,0
673,25,3,108244.82,2,1,1,103573.96,0,1,284,Germany,Female,SILVER,0
605,75,2,61319.63,1,0,1,186655.11,0,2,470,Germany,Male,SILVER,0
682,33,8,74963.5,1,1,1,32770.56,0,4,359,France,Female,DIAMOND,0
657,41,5,95858.37,1,1,1,68255.88,0,2,529,France,Female,DIAMOND,0
586,33,10,66948.67,2,1,1,140759.03,0,1,825,Spain,Female,SILVER,0
661,42,9,75361.44,1,1,0,27608.12,1,2,828,Spain,Female,PLATINUM,1
552,38,9,134105.01,1,0,0,57850.1,0,2,751,France,Female,SILVER,0
566,34,3,0.0,1,0,0,188135.69,0,4,999,France,Male,GOLD,0
691,60,6,101070.69,1,1,0,177355.8,1,5,253,France,Female,SILVER,1
593,43,10,0.0,2,0,0,53478.02,0,2,602,Spain,Male,SILVER,0
619,38,3,96143.47,1,0,0,98994.92,0,3,759,Spain,Male,DIAMOND,0
625,24,1,0.0,2,1,1,180969.55,0,2,570,France,Female,DIAMOND,0
712,38,7,132767.66,2,1,1,59115.77,0,5,358,Germany,Male,DIAMOND,0
696,33,2,163139.27,1,1,1,7035.36,0,1,514,France,Male,DIAMOND,0
506,59,3,190353.08,1,1,0,78365.75,0,4,797,Germany,Female,PLATINUM,0
630,26,7,129837.72,2,0,1,197001.15,0,1,716,France,Male,DIAMOND,0
806,59,0,135296.33,1,1,0,182822.5,0,1,486,Germany,Female,SILVER,0
616,37,6,0.0,2,1,0,86242.18,0,2,850,France,Female,PLATINUM,0
848,40,5,148495.64,1,0,0,158853.98,0,3,616,Germany,Female,SILVER,0
613,44,9,100524.69,1,1,1,47298.95,0,4,484,Spain,Male,DIAMOND,0
642,40,1,154863.15,1,1,1,138052.51,0,4,716,France,Male,SILVER,0
682,59,0,122661.39,1,0,1,84803.76,0,1,686,Spain,Female,PLATINUM,0
627,37,2,125190.86,1,0,1,84584.69,0,2,582,France,Male,DIAMOND,0
439,66,9,0.0,1,1,0,65535.56,0,1,764,France,Female,SILVER,0
683,72,3,140997.26,1,0,1,52876.41,0,3,580,France,Male,SILVER,0
628,51,10,115280.49,2,0,0,12628.61,1,2,573,Germany,Female,SILVER,1
664,48,10,0.0,1,1,0,140173.17,1,1,495,France,Male,PLATINUM,1
516,27,1,0.0,1,0,1,112311.15,0,3,638,Spain,Female,PLATINUM,0
631,22,6,139129.92,1,1,1,63747.51,0,1,357,Germany,Female,GOLD,0
591,49,3,0.0,2,1,0,50123.44,0,2,560,France,Male,GOLD,0
679,30,1,112543.42,1,1,1,179435.21,0,1,228,France,Female,PLATINUM,0
602,32,10,0.0,2,1,1,116052.92,0,3,592,France,Male,PLATINUM,0
550,57,5,0.0,1,1,1,133501.94,0,5,484,France,Male,PLATINUM,0
612,52,5,144772.69,1,0,0,98302.57,1,4,818,Spain,Female,PLATINUM,1
498,61,7,102453.26,1,1,0,187247.56,1,2,727,Germany,Male,DIAMOND,1
850,48,2,0.0,1,1,0,169425.3,1,1,761,Spain,Male,GOLD,1
655,35,1,106405.03,1,1,1,82900.25,0,3,580,Spain,Female,DIAMOND,0
785,47,9,122031.55,1,1,1,33823.5,1,5,560,France,Female,GOLD,1
686,38,2,93569.86,3,0,0,10137.34,1,4,844,Germany,Female,PLATINUM,1
796,50,1,94164.0,1,1,1,189414.74,0,2,971,France,Female,DIAMOND,0
727,28,2,110997.76,1,1,0,101433.76,0,2,935,France,Female,DIAMOND,0
718,43,0,93143.39,1,1,0,167554.86,0,3,491,France,Female,DIAMOND,0
675,38,6,68065.8,1,0,0,138777.0,1,5,543,France,Female,PLATINUM,1
608,48,2,127924.25,2,1,0,32202.61,0,1,794,Germany,Female,DIAMOND,0
583,59,7,127450.14,1,0,1,67552.71,0,2,992,France,Male,GOLD,0
622,59,5,119380.37,1,1,1,60429.43,0,1,650,France,Male,PLATINUM,0
642,40,7,0.0,2,1,0,183963.34,0,1,882,France,Female,PLATINUM,0
781,27,7,186558.55,1,1,1,175071.29,1,2,403,France,Female,GOLD,1
596,21,4,210433.08,2,0,1,197297.77,1,5,896,France,Male,DIAMOND,1
643,45,2,150842.93,1,0,1,2319.96,1,5,537,Germany,Female,PLATINUM,1
757,55,9,117294.12,4,1,0,94187.47,1,2,918,Spain,Female,DIAMOND,1
733,40,5,125725.02,2,1,1,50783.1,0,3,656,Germany,Male,DIAMOND,0
667,37,9,71786.9,2,1,1,67734.79,0,2,818,France,Female,SILVER,0
648,31,7,125681.51,1,0,1,129980.93,0,4,744,Germany,Male,GOLD,0
534,34,5,170600.78,1,0,1,5240.53,0,5,703,Spain,Male,PLATINUM,0
808,32,1,0.0,2,1,1,46200.71,0,4,870,France,Male,GOLD,0
682,37,8,148580.12,1,1,0,35179.18,0,5,643,France,Female,GOLD,0
595,53,7,0.0,2,1,0,41371.68,1,3,327,France,Female,DIAMOND,1
721,49,1,120108.56,1,0,1,183421.76,0,4,970,France,Female,SILVER,0
660,41,1,129901.21,1,1,0,26025.6,1,2,694,Germany,Male,PLATINUM,1
510,38,4,0.0,1,1,0,118913.53,1,2,887,Spain,Female,DIAMOND,1
545,37,9,110483.86,1,1,1,127394.67,0,5,233,Germany,Male,DIAMOND,0
500,56,1,100374.58,1,1,0,118490.8,1,4,950,France,Male,DIAMOND,1
594,49,2,126615.94,2,0,1,123214.74,0,3,650,Spain,Female,DIAMOND,0
746,48,5,165282.42,1,1,0,153786.46,1,4,512,France,Male,SILVER,1
689,22,4,136444.25,1,1,0,51980.25,1,1,919,France,Male,DIAMOND,1
457,41,8,73700.12,3,1,1,185750.02,1,5,310,France,Male,DIAMOND,1
627,29,5,139541.58,2,1,0,80607.33,0,1,662,Germany,Male,DIAMOND,0
700,38,9,65962.63,1,1,1,100950.48,0,2,419,France,Male,PLATINUM,0
535,35,8,118989.92,1,1,1,135536.72,0,5,895,Spain,Male,DIAMOND,0
762,29,10,115545.33,2,1,0,148256.43,0,3,931,Spain,Male,PLATINUM,0
468,29,1,111681.98,2,1,1,195711.16,0,3,977,Germany,Male,GOLD,0
850,36,10,0.0,2,1,1,100750.03,0,4,795,France,Female,SILVER,0
486,26,2,0.0,2,1,1,31399.4,0,4,551,France,Male,PLATINUM,0
579,49,4,169377.31,1,1,1,123535.05,0,1,650,Germany,Male,PLATINUM,0
778,29,6,150358.97,1,1,0,62454.01,1,4,371,Germany,Female,DIAMOND,1
642,39,4,0.0,1,1,1,76821.24,0,4,445,France,Female,PLATINUM,0
797,30,10,69413.44,1,1,1,74637.57,0,4,856,France,Male,GOLD,0
479,35,4,138718.92,1,1,1,47251.79,1,1,751,Germany,Male,GOLD,1
496,36,7,0.0,2,0,0,108098.28,0,4,289,France,Female,GOLD,0
792,34,1,0.0,1,0,1,86330.32,0,4,836,France,Male,DIAMOND,0
641,40,7,0.0,1,1,0,126996.67,0,4,596,France,Female,GOLD,0
562,57,3,0.0,3,1,0,6554.97,1,2,571,France,Female,SILVER,1
590,29,4,0.0,2,1,0,121846.81,0,1,339,France,Female,SILVER,0
602,59,7,0.0,2,1,1,162347.05,0,3,280,France,Male,SILVER,0
746,34,4,0.0,1,0,1,65166.6,0,1,416,France,Female,SILVER,0
646,44,2,113063.83,1,0,0,53072.49,1,3,661,Germany,Female,SILVER,1
704,31,0,0.0,2,1,0,183038.33,0,1,349,France,Male,DIAMOND,0
689,31,4,0.0,2,1,1,136610.02,0,5,840,Spain,Female,PLATINUM,0
713,25,4,121172.97,1,1,1,56268.98,0,3,993,France,Female,GOLD,0
617,54,6,102141.9,1,1,1,45325.26,0,4,746,France,Male,PLATINUM,0
646,39,9,111574.41,1,1,1,30838.51,0,2,525,Germany,Male,PLATINUM,0
695,43,1,100421.1,1,1,1,101141.28,0,1,979,France,Male,GOLD,0
551,50,1,121399.98,1,0,1,84508.44,1,2,713,Germany,Male,DIAMOND,1
720,29,2,0.0,2,1,0,39925.52,0,5,398,France,Male,PLATINUM,0
679,37,7,74260.03,1,1,0,194617.98,0,4,436,France,Male,PLATINUM,0
493,48,7,0.0,2,1,0,48545.1,0,3,592,Spain,Female,SILVER,0
752,30,3,0.0,2,1,1,104991.28,0,4,974,France,Female,SILVER,0
720,33,3,123783.91,2,1,1,142903.44,0,2,649,Spain,Male,SILVER,0
676,35,0,0.0,2,0,0,139911.58,0,3,543,Spain,Male,SILVER,0
533,51,6,127545.56,2,0,0,79559.02,1,1,658,Germany,Male,PLATINUM,1
786,33,0,83036.05,1,0,1,154990.58,1,2,595,France,Female,PLATINUM,1
743,30,7,77599.23,1,0,0,144407.1,0,5,682,France,Male,GOLD,0
616,28,10,105173.99,1,0,1,29835.37,1,1,947,Germany,Female,SILVER,1
820,49,1,0.0,2,1,1,119087.25,0,1,679,France,Female,PLATINUM,0
502,33,5,174673.65,2,1,0,33300.56,0,5,419,Germany,Male,DIAMOND,0
601,41,3,0.0,2,1,0,54342.83,0,5,560,Spain,Female,PLATINUM,0
491,19,2,125860.2,1,0,0,129690.5,0,2,894,Germany,Male,SILVER,0
419,27,2,121580.42,1,0,1,134720.51,0,5,851,Spain,Female,DIAMOND,0
571,33,9,102017.25,2,0,0,128600.49,0,4,798,France,Female,GOLD,0
668,34,5,80242.37,2,0,0,56780.97,0,3,872,Germany,Male,GOLD,0
758,23,5,122739.1,1,1,0,102460.84,1,5,546,Germany,Female,GOLD,1
646,51,4,101629.3,1,0,0,130541.1,0,5,639,France,Female,SILVER,0
713,53,6,115029.4,1,0,0,191521.32,1,2,338,France,Male,PLATINUM,1
800,29,2,0.0,2,0,0,167773.55,0,4,311,France,Female,PLATINUM,0
823,44,1,0.0,2,0,1,182495.7,0,2,639,France,Female,SILVER,0
644,32,8,141528.88,1,1,1,167087.34,1,1,863,Germany,Female,GOLD,1
478,48,0,83287.05,2,0,1,44147.95,1,2,706,Spain,Male,GOLD,1
727,28,5,0.0,2,0,1,19653.08,0,3,351,France,Male,GOLD,0
661,42,2,178820.91,1,0,0,29358.57,1,1,426,Spain,Male,PLATINUM,1
691,29,9,116536.43,1,1,0,51987.99,0,1,592,France,Female,DIAMOND,0
741,64,2,69311.16,1,1,1,59237.72,0,1,384,France,Female,GOLD,0
815,24,7,171922.72,1,0,1,178028.96,0,2,458,France,Male,DIAMOND,0
695,29,5,0.0,2,1,1,6770.44,0,3,748,France,Male,GOLD,0
499,31,4,0.0,1,1,0,25950.49,0,4,699,France,Male,PLATINUM,0
637,40,8,125470.81,1,1,1,174536.17,0,4,658,France,Male,PLATINUM,0
850,45,4,114347.85,2,1,1,109089.04,0,4,744,Spain,Female,SILVER,0
549,49,6,124829.16,1,0,1,93551.36,0,3,411,Germany,Female,DIAMOND,0
745,48,10,96048.55,1,1,0,74510.65,0,1,701,Germany,Male,PLATINUM,0
553,38,1,181110.13,2,1,0,184544.59,0,4,300,Spain,Male,PLATINUM,0
705,48,9,114169.16,1,0,0,173273.2,1,4,866,Germany,Male,DIAMOND,1
640,43,9,172478.15,1,1,0,191084.4,1,4,844,Spain,Male,DIAMOND,1
590,32,9,0.0,2,1,0,138889.15,0,1,452,France,Male,SILVER,0
624,38,8,0.0,2,1,0,95403.41,0,5,735,Spain,Female,PLATINUM,0
631,29,2,0.0,2,1,1,18581.84,0,1,821,France,Male,PLATINUM,0
701,37,8,107798.85,1,1,0,16966.73,0,1,228,France,Male,SILVER,0
696,30,8,0.0,2,1,1,196134.44,0,3,890,France,Female,SILVER,0
656,28,8,120047.77,1,1,1,137173.39,0,1,590,Spain,Male,PLATINUM,0
619,38,3,0.0,2,0,1,116467.35,0,1,348,France,Female,PLATINUM,0
593,38,5,85626.6,1,1,1,125079.65,0,2,891,Germany,Female,GOLD,0
793,29,8,96674.55,2,0,0,192120.66,0,4,558,Spain,Male,DIAMOND,0
850,56,7,131317.48,1,1,1,119175.45,0,3,657,France,Male,SILVER,0
527,37,5,93722.73,2,1,1,139093.73,0,3,453,Spain,Male,PLATINUM,0
806,34,6,0.0,2,0,0,100809.99,0,3,780,France,Male,SILVER,0
620,36,7,169312.72,1,1,0,45414.09,0,3,579,Spain,Male,DIAMOND,0
739,60,4,0.0,1,1,1,51637.67,0,1,457,Spain,Male,DIAMOND,0
850,37,7,153147.75,1,1,1,152235.3,0,5,867,France,Female,GOLD,0
626,44,2,0.0,1,0,1,173117.22,1,4,307,France,Female,GOLD,1
699,28,7,0.0,2,1,1,22684.78,0,2,638,France,Male,GOLD,0
686,41,5,128876.71,3,1,1,106939.34,1,5,339,France,Male,DIAMOND,1
809,33,9,0.0,1,1,1,124045.65,0,5,452,Spain,Male,GOLD,0
639,27,8,0.0,2,1,0,192247.35,0,2,740,France,Male,PLATINUM,0
543,23,5,0.0,2,1,0,117832.39,0,2,710,Spain,Male,PLATINUM,0
787,43,0,132217.45,1,1,0,20955.03,1,2,314,Germany,Male,DIAMOND,1
641,41,7,104405.54,3,1,0,17384.21,0,5,532,Germany,Male,SILVER,0
586,41,3,63873.56,1,1,0,83753.64,0,2,972,Spain,Male,DIAMOND,0
720,52,7,0.0,1,1,1,14781.12,0,1,678,France,Male,GOLD,0
605,32,9,0.0,2,1,1,55724.24,0,5,446,France,Male,SILVER,0
773,47,2,118079.47,4,1,1,143007.49,1,4,668,Germany,Male,PLATINUM,1
683,39,2,100062.16,2,1,0,109201.43,0,3,829,Germany,Female,SILVER,0
593,29,2,152265.43,1,1,0,34004.44,0,1,907,France,Female,SILVER,0
751,48,4,0.0,1,0,1,30165.06,1,3,591,France,Female,DIAMOND,1
634,36,1,69518.95,1,1,0,116238.39,0,5,541,France,Female,PLATINUM,0
686,26,7,0.0,2,1,0,1540.89,0,3,414,France,Male,DIAMOND,0
572,35,4,152390.26,1,1,0,128123.66,0,4,951,Spain,Male,GOLD,0
544,30,4,73218.89,1,0,1,126796.69,0,2,846,France,Male,SILVER,0
686,47,5,113328.93,1,1,0,124170.9,0,4,666,France,Female,PLATINUM,0
735,34,1,141796.43,1,1,0,45858.49,0,4,602,France,Male,GOLD,0
739,29,3,59385.98,2,1,1,105533.96,0,5,429,Germany,Male,PLATINUM,0
539,40,7,81132.21,1,1,0,167289.82,0,5,235,France,Female,GOLD,0
705,44,10,106731.58,1,1,0,137419.87,1,4,531,Germany,Female,PLATINUM,1
425,22,7,169649.73,2,0,1,136365.0,1,2,619,Spain,Female,GOLD,1
560,26,3,116576.45,1,1,0,157567.37,0,4,440,Spain,Female,PLATINUM,0
642,32,7,100433.8,1,1,1,39768.59,0,2,479,Spain,Male,PLATINUM,0
745,59,8,0.0,1,1,1,36124.98,0,2,949,Spain,Female,DIAMOND,0
792,31,6,71269.89,2,0,1,125912.77,0,2,660,France,Male,DIAMOND,0
613,28,7,76656.4,2,1,1,185483.24,0,5,234,Germany,Male,GOLD,0
786,31,9,0.0,2,1,1,18210.36,0,1,400,Spain,Male,SILVER,0
560,49,4,0.0,1,1,1,100075.1,1,1,533,France,Male,DIAMOND,1
520,58,3,0.0,2,0,1,32790.02,0,5,253,France,Male,DIAMOND,0
629,40,2,121647.54,2,1,1,64849.74,1,1,290,Germany,Male,SILVER,1
659,50,3,0.0,1,1,0,183399.12,1,5,818,France,Female,PLATINUM,1
666,66,7,0.0,2,1,1,99792.82,0,5,545,France,Female,GOLD,0
654,32,2,0.0,1,1,1,51972.92,1,5,580,Spain,Female,DIAMOND,1
703,39,1,141559.5,1,1,1,31257.1,1,2,589,Germany,Male,GOLD,1
628,50,4,143054.56,1,0,1,109608.81,1,5,306,France,Female,DIAMOND,1
740,43,9,0.0,1,1,0,199290.68,1,4,891,Spain,Male,PLATINUM,1
608,33,4,0.0,1,1,0,79304.38,1,2,820,France,Female,DIAMOND,1
668,35,6,102482.76,1,1,1,53994.64,0,3,421,France,Female,SILVER,0
850,31,4,0.0,2,0,0,152298.28,0,5,681,France,Male,SILVER,0
713,61,4,149525.34,2,1,0,123663.63,0,2,798,Germany,Female,SILVER,0
553,42,1,0.0,2,0,0,23822.04,0,3,425,France,Male,PLATINUM,0
493,32,8,46161.18,1,1,1,79577.4,0,2,606,Spain,Male,GOLD,0
668,24,7,173962.32,1,0,0,106457.11,1,2,967,Spain,Female,SILVER,1
505,37,0,134006.39,1,1,1,93736.69,0,4,274,Spain,Male,PLATINUM,0
589,32,2,0.0,2,0,1,9468.64,0,2,539,France,Male,GOLD,0
850,36,0,0.0,2,1,0,141242.57,0,3,863,Spain,Male,SILVER,0
593,33,1,0.0,2,0,0,9984.4,0,4,357,France,Male,DIAMOND,0
495,34,9,117160.32,1,1,1,116069.24,1,1,715,Germany,Female,DIAMOND,1
607,36,8,158261.68,1,1,1,76744.72,0,5,863,Spain,Male,GOLD,0
454,48,5,144837.79,1,1,1,93151.77,0,2,325,Spain,Female,DIAMOND,0
660,50,1,0.0,3,1,1,191849.15,1,5,967,France,Male,SILVER,1
588,48,1,143279.58,2,1,0,31580.8,1,2,914,Germany,Female,PLATINUM,1
616,29,9,0.0,1,1,1,166984.44,0,2,310,France,Male,PLATINUM,0
596,37,2,0.0,1,0,1,121175.86,0,3,862,France,Male,DIAMOND,0
609,37,6,0.0,2,0,1,22030.72,0,1,482,France,Male,GOLD,0
680,42,7,105722.69,1,1,1,90558.24,1,1,269,Germany,Female,DIAMOND,1
721,45,7,138523.2,1,0,0,59604.45,1,1,314,Germany,Female,PLATINUM,1
628,33,3,0.0,1,1,1,188193.25,0,4,240,Spain,Female,GOLD,0
569,41,2,0.0,2,1,0,134272.57,0,5,991,Spain,Male,SILVER,0
567,47,2,0.0,1,0,0,110900.43,1,5,545,France,Female,DIAMOND,1
678,30,1,139676.95,2,0,1,16146.0,0,1,554,Germany,Female,SILVER,0
613,40,4,0.0,1,0,0,151325.24,0,5,828,France,Male,PLATINUM,0
650,37,5,106967.18,1,0,0,24495.03,0,5,652,France,Male,PLATINUM,0
554,24,10,0.0,1,0,0,92180.62,0,5,398,France,Male,SILVER,0
538,25,5,62482.95,1,1,1,102758.43,0,2,933,Germany,Male,GOLD,0
695,35,7,0.0,2,1,0,160387.98,0,5,950,Spain,Male,PLATINUM,0
750,42,8,151836.36,2,1,0,68695.38,0,5,769,Germany,Male,GOLD,0
611,37,4,0.0,2,1,0,125696.26,0,4,629,Spain,Female,SILVER,0
563,41,2,100520.92,1,1,1,19412.8,1,5,271,Germany,Male,DIAMOND,1
551,76,2,128410.71,2,1,1,181718.73,0,1,716,Spain,Male,SILVER,0
713,33,6,94598.48,1,0,0,197519.66,1,5,621,France,Male,PLATINUM,1
618,37,5,0.0,1,0,1,178705.45,1,2,595,France,Male,GOLD,1
550,52,5,121016.23,1,1,1,41730.37,1,3,592,Germany,Male,DIAMOND,1
647,28,8,0.0,2,1,1,91055.27,0,4,356,France,Male,GOLD,0
584,32,9,85534.83,1,0,0,169137.24,0,5,226,Spain,Male,PLATINUM,0
763,38,0,152582.2,2,0,0,31892.82,0,4,624,France,Female,SILVER,0
631,22,3,0.0,2,0,0,30781.77,0,1,982,France,Female,PLATINUM,0
685,30,2,0.0,2,1,1,140889.32,0,2,936,France,Male,DIAMOND,0
592,71,4,0.0,2,0,1,17013.54,0,3,302,France,Male,PLATINUM,0
685,33,6,0.0,2,0,1,186785.01,0,3,340,France,Female,SILVER,0
613,32,0,0.0,2,0,1,126675.62,0,5,963,Spain,Female,DIAMOND,0
645,31,1,128927.93,1,1,1,2850.01,0,4,847,Germany,Female,PLATINUM,0
752,41,8,0.0,2,1,0,139844.04,1,1,300,France,Female,SILVER,1
671,50,8,0.0,1,0,1,2560.11,0,1,678,Spain,Male,GOLD,0
623,34,9,0.0,1,1,0,24255.21,0,1,333,France,Female,DIAMOND,0
523,32,4,0.0,2,1,0,167848.02,0,3,480,Spain,Male,DIAMOND,0
714,29,6,92887.13,1,1,1,69578.49,0,2,576,Germany,Male,SILVER,0
689,47,2,118812.5,2,0,0,31121.42,0,3,810,Germany,Male,PLATINUM,0
757,33,5,77253.22,1,0,1,194239.63,0,3,582,Spain,Male,SILVER,0
556,54,4,150005.38,1,1,0,157015.5,1,1,785,France,Female,PLATINUM,1
595,41,2,138878.81,1,0,1,112269.67,0,5,530,Germany,Female,SILVER,0
555,32,10,0.0,2,0,1,168605.96,0,4,606,Spain,Male,GOLD,0
762,56,10,100260.88,3,1,1,77142.42,1,1,721,Germany,Male,DIAMOND,1
850,47,9,137301.87,1,1,0,44351.77,0,1,827,France,Female,SILVER,0
739,41,8,0.0,1,1,0,191694.77,1,1,618,Spain,Female,PLATINUM,1
658,45,9,134562.8,1,1,1,159268.67,0,5,528,Germany,Female,DIAMOND,0
650,25,3,86605.5,3,1,0,16649.31,1,2,653,Spain,Female,GOLD,1
659,20,8,0.0,2,0,0,112572.02,0,5,833,France,Male,GOLD,0
562,35,0,0.0,2,1,0,119899.52,0,2,814,Spain,Female,SILVER,0
745,34,9,0.0,2,1,0,50046.25,0,3,848,Spain,Male,SILVER,0
730,62,5,112181.08,1,0,1,61513.87,0,4,916,Spain,Male,DIAMOND,0
508,41,5,82161.7,2,1,0,187776.49,0,1,231,Germany,Female,DIAMOND,0
520,39,1,73493.17,1,0,1,109626.13,1,2,721,France,Female,SILVER,1
559,28,3,152264.81,1,0,0,64242.31,0,1,908,Germany,Female,DIAMOND,0
666,27,1,85225.21,1,0,1,64511.44,0,4,871,France,Female,SILVER,0
599,27,5,0.0,2,1,0,30546.4,0,3,259,France,Male,SILVER,0
739,19,5,89750.21,1,1,0,193008.52,0,3,585,Spain,Male,PLATINUM,0
745,35,4,98270.34,1,1,0,133617.43,0,5,271,Germany,Male,DIAMOND,0
613,43,4,140681.68,1,0,1,20134.07,0,3,290,Germany,Female,PLATINUM,0
511,46,1,0.0,1,1,1,115779.48,1,1,773,France,Female,DIAMOND,1
596,39,9,0.0,1,1,0,48963.59,0,3,390,France,Male,PLATINUM,0
648,46,9,127209.0,2,1,0,77405.95,1,4,932,Spain,Male,GOLD,1
590,32,5,0.0,2,1,0,59249.83,0,4,676,France,Male,GOLD,0
653,58,1,132602.88,1,1,0,5097.67,0,2,163,Germany,Male,SILVER,1
507,35,1,0.0,2,0,0,92131.54,0,5,313,France,Female,GOLD,0
529,43,5,0.0,2,0,0,79476.63,0,4,400,Spain,Female,GOLD,0
724,34,2,154485.74,2,0,0,78560.64,0,1,518,France,Male,DIAMOND,0
663,29,4,102714.65,2,0,0,21170.81,0,4,368,Germany,Female,PLATINUM,0
638,41,1,131762.94,1,1,1,47675.29,0,4,503,France,Male,PLATINUM,0
710,58,7,170113.0,2,0,1,10494.64,0,5,916,Germany,Male,DIAMOND,0
622,41,9,0.0,2,1,1,155786.39,0,3,292,Spain,Female,PLATINUM,0
632,47,3,0.0,2,1,0,178822.32,0,3,980,Spain,Male,DIAMOND,0
684,46,0,0.0,2,1,1,36376.97,0,3,784,France,Male,GOLD,0
817,55,10,117561.49,1,1,0,95941.55,1,3,226,France,Female,GOLD,1
604,40,1,0.0,2,1,0,123207.17,0,1,940,France,Female,PLATINUM,0
590,38,9,0.0,2,1,1,148750.16,0,3,575,Spain,Female,SILVER,0
519,22,8,0.0,1,0,1,167553.06,0,1,941,France,Female,DIAMOND,0
531,53,5,127642.44,1,1,0,141501.45,1,3,341,France,Female,SILVER,1
560,31,3,115141.18,1,1,0,39806.75,0,5,558,France,Female,SILVER,0
718,39,7,93148.74,2,1,1,190746.38,0,2,721,Germany,Female,DIAMOND,0
722,37,0,125977.81,1,0,0,160162.42,0,2,983,Germany,Female,GOLD,0
615,61,1,104267.7,1,1,0,62845.64,1,3,613,France,Female,GOLD,1
655,44,6,146498.76,1,1,0,64853.51,1,1,472,Germany,Female,PLATINUM,1
653,35,9,0.0,2,1,1,45956.05,0,4,441,Spain,Male,GOLD,0
627,24,5,102773.2,2,1,0,56793.02,1,1,901,Germany,Male,PLATINUM,1
543,49,6,59532.18,1,1,0,104253.56,0,3,301,Germany,Male,SILVER,0
748,66,8,0.0,1,1,1,163331.65,0,4,671,France,Male,GOLD,0
675,33,0,141816.25,1,1,0,64815.05,1,4,290,Germany,Female,GOLD,1
569,42,1,0.0,1,1,1,83629.6,1,2,748,Spain,Female,PLATINUM,1
674,27,4,79144.34,1,0,1,50743.83,0,1,720,France,Female,PLATINUM,0
593,41,6,0.0,2,1,1,99136.49,0,4,313,France,Male,SILVER,0
680,34,1,0.0,2,1,0,167035.07,0,3,579,France,Female,DIAMOND,0
636,20,10,124266.86,1,0,0,100566.81,0,5,606,France,Female,DIAMOND,0
834,36,8,142882.49,1,1,0,89983.02,1,3,328,France,Male,DIAMOND,1
768,30,6,0.0,2,1,1,199454.37,0,2,297,France,Male,GOLD,0
818,26,4,0.0,2,1,1,167036.94,0,3,261,Spain,Male,SILVER,0
721,36,2,0.0,2,1,1,106977.8,0,5,534,Spain,Female,SILVER,0
629,61,6,0.0,2,1,1,133672.61,0,5,803,France,Female,GOLD,0
643,39,7,0.0,2,1,1,170392.59,0,3,677,France,Male,PLATINUM,0
583,40,3,0.0,2,1,0,47728.0,0,5,648,France,Male,PLATINUM,0
705,39,3,92224.56,1,1,1,54517.25,0,2,453,France,Female,GOLD,0
782,53,1,81571.05,1,1,0,182960.46,1,4,389,Germany,Female,DIAMOND,1
589,41,7,92618.62,1,1,1,101178.85,0,5,235,Germany,Female,SILVER,0
575,24,2,0.0,2,1,1,119927.81,0,2,367,France,Male,PLATINUM,0
725,39,5,116803.8,1,1,0,124052.97,0,2,763,Germany,Female,GOLD,0
729,46,5,117837.43,1,1,0,104016.61,1,5,924,Germany,Male,GOLD,1
647,43,9,0.0,2,1,1,78488.39,0,4,555,France,Male,DIAMOND,0
770,30,8,0.0,2,1,0,100557.03,0,5,417,France,Female,SILVER,0
714,34,10,0.0,2,1,1,80234.14,0,3,688,France,Male,DIAMOND,0
727,40,1,93051.64,2,1,0,71865.31,1,1,513,Germany,Male,SILVER,1
682,35,2,181166.44,1,1,1,63737.19,1,4,944,France,Female,PLATINUM,1
757,28,3,75381.15,1,1,1,199727.72,0,5,378,France,Male,GOLD,0
520,23,3,116022.53,2,1,1,37577.66,0,1,342,Germany,Female,GOLD,0
623,50,7,126608.37,1,0,1,645.61,1,2,676,Germany,Male,GOLD,1
669,41,0,150219.41,2,0,0,107839.03,0,2,880,France,Female,PLATINUM,0
711,41,3,0.0,2,1,1,193747.57,0,4,876,France,Male,GOLD,0
803,28,3,0.0,2,1,0,159654.0,0,5,570,France,Male,DIAMOND,0
689,45,0,57784.22,1,1,0,197804.0,1,3,709,Spain,Female,SILVER,1
683,38,7,109346.13,2,1,0,102665.92,0,4,603,France,Male,DIAMOND,0
635,72,4,74812.84,1,0,1,27448.33,0,5,627,France,Female,GOLD,0
647,47,10,99835.17,1,0,1,89103.05,0,3,554,Spain,Male,DIAMOND,0
494,30,3,85704.95,1,0,1,27886.06,0,2,520,France,Male,PLATINUM,0
701,39,9,140236.98,1,0,1,146651.99,0,2,342,France,Male,PLATINUM,0
530,34,8,0.0,2,0,1,141872.52,0,2,781,France,Female,GOLD,0
665,27,2,147435.96,1,0,0,187508.06,0,1,258,Germany,Female,DIAMOND,0
435,44,3,151739.65,1,1,0,167461.5,0,4,412,Germany,Male,GOLD,0
488,31,8,97588.6,1,0,0,124210.53,0,2,712,France,Female,SILVER,0
611,40,1,0.0,2,1,1,102547.56,0,2,991,France,Male,SILVER,0
586,29,2,132450.24,1,1,1,36176.63,0,3,423,Spain,Male,DIAMOND,0
652,48,4,59486.31,1,1,0,163944.18,1,5,751,France,Male,SILVER,1
605,39,10,105317.73,2,1,0,138021.36,0,1,798,Spain,Male,PLATINUM,0
641,57,5,0.0,2,1,1,122449.18,0,3,720,France,Male,SILVER,0
714,52,2,0.0,1,0,1,144045.08,1,1,604,France,Female,SILVER,1
665,36,1,0.0,2,0,1,121505.61,0,2,350,France,Male,PLATINUM,0
847,66,7,123760.68,1,0,1,53157.16,0,1,757,France,Male,GOLD,0
487,45,2,0.0,2,1,0,77475.73,0,1,360,France,Male,SILVER,0
720,60,9,115920.62,2,0,0,157552.08,1,1,274,Germany,Male,PLATINUM,1
653,32,4,83772.95,1,0,1,23920.65,0,2,567,France,Female,SILVER,0
529,29,8,0.0,2,1,0,19842.11,0,3,476,France,Female,SILVER,0
458,44,7,84386.57,1,1,0,178642.73,0,5,466,Germany,Male,DIAMOND,0
576,36,6,0.0,2,1,1,48314.0,0,2,847,France,Male,PLATINUM,0
670,37,2,0.0,2,1,1,54229.74,0,5,407,France,Male,SILVER,0
850,27,6,96654.72,2,0,0,152740.16,0,2,613,France,Male,PLATINUM,0
593,35,4,161637.75,1,1,1,20008.46,0,1,391,Spain,Male,GOLD,0
750,39,7,119565.92,1,1,0,87067.73,0,1,918,Spain,Female,SILVER,0
543,25,1,146566.01,1,0,1,161407.48,0,3,706,Germany,Female,PLATINUM,0
647,52,7,130013.12,1,1,1,190806.36,1,4,309,Germany,Male,SILVER,1
748,20,7,0.0,2,0,0,10792.42,0,4,725,France,Female,GOLD,0
496,41,1,176024.05,2,1,0,182337.98,0,1,754,France,Female,DIAMOND,0
720,43,6,137824.03,2,1,0,172557.77,0,4,506,France,Female,GOLD,0
739,27,6,0.0,1,1,1,57572.38,0,2,746,France,Female,SILVER,0
661,42,3,0.0,2,1,0,35989.41,0,3,465,Spain,Female,PLATINUM,0
630,26,7,0.0,2,1,1,6656.64,0,2,776,Spain,Male,DIAMOND,0
781,48,0,57098.96,1,1,0,85644.06,1,1,646,France,Female,DIAMOND,1
743,73,6,0.0,2,0,1,107867.38,0,4,538,France,Female,GOLD,0
699,39,9,0.0,1,1,0,80963.92,0,2,966,France,Male,DIAMOND,0
686,34,1,0.0,2,1,0,87278.48,0,2,980,France,Female,DIAMOND,0
714,33,8,122017.19,1,0,0,162515.17,0,5,504,Spain,Male,DIAMOND,0
699,35,5,0.0,2,1,1,78397.24,0,2,915,France,Male,SILVER,0
519,34,5,0.0,1,1,0,68479.6,0,2,668,France,Male,PLATINUM,0
616,66,1,135842.41,1,1,0,183840.51,1,2,302,France,Female,DIAMOND,1
582,40,3,110150.43,1,1,1,191757.65,1,1,686,Germany,Female,GOLD,1
684,33,4,140700.61,1,1,0,103557.93,0,5,987,France,Male,PLATINUM,0
565,36,6,106192.1,1,1,0,149575.59,0,5,237,France,Male,DIAMOND,0
676,30,5,0.0,2,0,1,157888.5,0,4,608,Spain,Female,SILVER,0
623,40,5,118788.57,1,1,0,192867.4,0,3,731,France,Male,SILVER,0
807,31,1,93460.47,2,0,0,172782.69,0,5,597,Germany,Female,PLATINUM,0
608,44,5,126147.84,1,0,1,132424.69,1,1,818,Germany,Female,DIAMOND,1
540,64,1,91869.69,1,0,1,95421.0,0,5,466,Germany,Male,SILVER,0
685,20,4,104719.94,2,1,0,38691.34,0,5,909,France,Male,DIAMOND,0
566,22,7,144954.75,2,1,0,102246.0,0,4,698,Germany,Male,DIAMOND,0
704,45,6,0.0,1,1,1,137739.45,0,5,701,France,Female,GOLD,0
743,35,6,79388.33,1,1,1,193360.69,0,3,585,Spain,Male,DIAMOND,0
733,33,3,0.0,1,1,1,7666.73,0,1,855,France,Male,SILVER,0
534,38,3,0.0,1,0,0,143938.27,0,5,796,France,Male,PLATINUM,0
699,29,9,127570.93,2,1,0,164756.81,0,1,901,Spain,Female,SILVER,0
680,37,10,123806.28,1,1,0,81776.84,1,4,997,France,Female,GOLD,1
598,39,5,0.0,2,1,1,83103.46,0,3,926,Spain,Female,SILVER,0
641,36,5,66392.64,1,1,0,31106.67,0,1,224,France,Female,SILVER,0
708,38,8,99640.89,1,1,0,12429.22,0,2,412,Spain,Male,DIAMOND,0
728,34,4,106328.08,1,1,0,88680.65,0,5,709,France,Male,GOLD,0
652,28,8,156823.7,2,1,0,198251.52,0,5,749,Spain,Male,PLATINUM,0
550,44,9,0.0,2,1,0,26257.01,0,4,296,France,Male,SILVER,0
679,39,7,91187.9,1,0,1,6075.36,0,4,631,Spain,Female,PLATINUM,0
623,21,10,0.0,2,0,1,135851.3,0,2,285,France,Male,PLATINUM,0
501,38,9,88977.39,2,0,1,133403.07,0,5,522,Germany,Male,GOLD,0
584,33,3,0.0,2,0,1,59103.13,0,3,812,France,Male,SILVER,0
605,33,9,128152.82,1,0,0,147822.81,0,1,432,France,Male,DIAMOND,0
702,26,2,71281.29,1,1,1,108747.12,1,5,296,France,Male,PLATINUM,1
422,54,3,140014.42,1,0,1,86350.97,0,2,844,France,Male,SILVER,0
634,37,1,89696.84,2,1,1,193179.88,0,2,725,Germany,Male,GOLD,0
764,30,5,0.0,2,0,1,105155.66,0,3,876,France,Male,DIAMOND,0
722,20,6,0.0,2,1,0,195486.28,0,5,543,France,Male,DIAMOND,0
686,45,3,74274.87,3,1,0,64907.48,1,4,228,Spain,Male,GOLD,1
775,32,8,121669.23,1,0,1,125898.39,0,3,541,Germany,Male,SILVER,0
656,35,6,0.0,2,1,0,1485.27,0,2,631,France,Male,SILVER,0
811,30,6,0.0,2,1,1,180591.32,0,2,227,France,Male,SILVER,0
751,34,9,108513.25,2,1,1,27097.82,0,5,264,Germany,Male,SILVER,0
666,46,5,123873.19,1,1,1,177844.06,0,2,742,France,Male,PLATINUM,0
656,45,7,145933.27,1,1,1,199392.14,0,1,409,France,Female,PLATINUM,0
659,43,1,106086.42,2,1,0,26900.63,0,5,748,France,Male,GOLD,0
608,66,8,123935.35,1,1,1,65758.19,0,5,923,Spain,Male,PLATINUM,0
750,47,7,121376.15,2,1,0,54473.6,1,2,803,France,Female,DIAMOND,1
505,49,7,80001.23,1,0,0,135180.11,0,5,726,France,Male,GOLD,0
597,42,4,64740.12,1,1,1,106841.12,0,5,244,France,Female,SILVER,0
772,51,9,143930.92,1,0,1,46675.51,1,1,937,Germany,Female,DIAMOND,1
656,32,5,136963.12,1,1,0,133814.28,0,1,995,Spain,Male,GOLD,0
650,25,7,160599.06,2,1,1,28391.52,0,3,268,Spain,Male,DIAMOND,0
584,41,3,0.0,2,1,1,160095.48,0,4,796,France,Female,SILVER,0
583,40,9,112701.04,1,0,0,29213.63,0,3,301,France,Male,DIAMOND,0
670,25,7,0.0,2,1,1,144723.38,0,2,940,France,Male,GOLD,0
504,42,3,134936.97,2,0,0,135178.91,0,2,985,France,Male,DIAMOND,0
689,39,4,0.0,2,1,0,196112.45,0,2,969,France,Male,GOLD,0
670,57,3,175575.95,2,1,0,99061.75,1,5,843,Spain,Female,DIAMOND,1
485,37,5,0.0,2,0,1,170226.47,0,4,735,France,Male,SILVER,0
543,37,3,122304.65,2,0,0,33998.7,0,3,684,Germany,Female,DIAMOND,0
797,37,4,75263.7,1,1,0,85801.77,0,4,300,France,Male,PLATINUM,0
630,28,8,106425.75,1,1,1,20344.84,0,5,266,Germany,Female,DIAMOND,0
721,46,1,115764.32,2,0,0,102950.79,0,3,804,France,Male,DIAMOND,0
701,30,2,0.0,2,1,0,115650.63,0,1,528,Spain,Female,DIAMOND,0
716,29,10,87946.39,1,1,1,182531.74,0,1,660,France,Female,GOLD,0
667,35,4,97585.32,2,0,0,57213.46,0,4,369,Spain,Male,GOLD,0
665,35,8,110934.54,1,1,0,169287.99,0,1,487,France,Male,PLATINUM,0
812,25,5,54817.55,1,1,0,131660.31,0,3,985,Germany,Male,PLATINUM,0
850,36,6,0.0,2,1,1,190194.95,0,1,978,France,Female,GOLD,0
655,36,1,135515.76,1,1,0,86013.96,0,4,779,Spain,Female,DIAMOND,0
624,45,3,68639.57,1,1,0,168002.31,1,2,553,France,Female,DIAMOND,1
729,40,5,113574.61,2,1,0,103396.08,0,4,995,Germany,Male,SILVER,0
608,28,4,0.0,2,1,0,10899.63,1,5,391,Spain,Female,PLATINUM,1
651,35,1,163700.78,3,1,1,29583.48,1,4,467,Germany,Female,DIAMOND,1
539,43,3,116220.5,3,1,0,55803.96,1,4,264,Germany,Female,DIAMOND,1
542,32,7,107871.72,1,1,0,125302.64,0,2,668,France,Male,DIAMOND,0
648,49,5,0.0,1,1,0,149946.43,1,4,549,Spain,Male,GOLD,1
559,34,4,0.0,2,1,1,66721.98,0,2,784,France,Male,GOLD,0
701,39,9,0.0,2,1,1,110043.88,0,1,693,Spain,Female,GOLD,0
587,42,1,0.0,1,0,0,123006.91,0,5,727,France,Male,PLATINUM,0
704,33,0,130499.09,2,1,1,74804.36,0,2,694,France,Female,SILVER,0
790,37,3,0.0,3,0,0,98897.32,0,3,772,Spain,Female,PLATINUM,0
776,33,2,0.0,2,1,1,176921.0,0,2,536,Spain,Male,GOLD,0
584,30,5,0.0,2,1,1,185201.58,0,2,564,Spain,Female,SILVER,0
677,58,1,90022.85,1,0,1,2988.28,0,4,355,France,Female,GOLD,0
850,48,6,111962.99,1,1,0,111755.8,0,5,446,Germany,Female,GOLD,0
719,47,9,116393.59,1,1,0,63051.32,1,5,777,Spain,Female,DIAMOND,1
663,27,9,0.0,2,1,0,150850.29,0,5,769,France,Female,DIAMOND,0
518,59,5,138772.15,1,0,1,123872.0,0,4,968,France,Male,PLATINUM,0
582,33,6,0.0,2,0,1,72970.93,0,4,475,Spain,Male,DIAMOND,0
575,47,9,107915.94,2,1,1,63452.18,1,5,232,Germany,Male,DIAMOND,1
526,66,7,132044.6,2,1,1,158365.89,0,4,789,Spain,Male,PLATINUM,0
663,37,7,143625.83,2,0,1,176487.05,0,3,342,Germany,Male,SILVER,0
695,39,4,65521.2,1,1,1,1243.97,0,5,494,Spain,Male,PLATINUM,0
580,35,1,102097.33,1,0,1,168285.85,0,4,778,France,Female,DIAMOND,0
678,43,7,178074.33,1,0,0,110405.9,0,3,853,France,Female,DIAMOND,0
623,43,4,123536.52,2,0,0,154908.52,0,5,408,Spain,Female,GOLD,0
824,77,3,27517.15,2,0,1,2746.41,0,5,914,Germany,Male,DIAMOND,0
734,43,7,107805.67,1,0,0,182505.68,0,2,327,France,Male,DIAMOND,0
641,53,0,123835.52,2,0,1,160110.65,0,5,223,France,Female,SILVER,0
775,27,4,0.0,1,1,1,40807.26,0,1,923,Spain,Male,DIAMOND,0
628,33,8,152143.89,1,1,1,32174.03,0,5,694,Germany,Male,SILVER,0
475,40,7,160818.08,1,0,1,169642.13,1,5,219,France,Male,GOLD,1
551,59,2,166968.28,1,1,0,159483.76,1,4,654,France,Female,SILVER,1
640,50,9,117565.03,2,0,0,82559.77,0,4,463,France,Female,GOLD,0
763,39,7,0.0,2,1,0,19458.75,0,2,311,Spain,Female,PLATINUM,0
756,60,2,0.0,1,1,1,166513.49,1,3,858,France,Male,DIAMOND,1
648,37,6,131753.41,1,1,0,86894.67,0,5,849,Germany,Male,SILVER,0
797,46,8,0.0,1,0,0,162668.33,0,5,968,France,Female,SILVER,0
689,55,1,76296.81,1,1,0,42364.75,1,3,908,Germany,Female,GOLD,1
581,30,0,53291.86,1,0,0,196582.28,0,1,314,Spain,Male,PLATINUM,0
693,37,1,0.0,2,1,1,82867.55,0,1,502,France,Male,DIAMOND,0
584,66,5,0.0,1,1,0,49553.38,1,4,770,France,Female,GOLD,1
569,25,9,173459.45,2,1,1,44381.06,0,3,255,Germany,Male,GOLD,0
710,38,2,0.0,2,1,0,96.27,0,3,703,France,Male,DIAMOND,0
630,32,4,82034.0,1,0,0,146326.45,0,5,708,Spain,Male,GOLD,0
471,58,4,114713.57,1,1,1,36315.03,0,1,904,France,Female,PLATINUM,0
789,51,3,104677.09,1,1,0,74265.38,0,1,759,Germany,Male,DIAMOND,0
584,29,7,105204.01,1,0,1,138490.03,0,2,453,Germany,Female,DIAMOND,0
489,58,4,0.0,2,1,1,191419.32,0,4,486,Spain,Male,SILVER,0
681,38,6,181804.34,2,1,1,57517.71,0,1,309,Germany,Male,SILVER,0
708,41,0,0.0,1,1,0,128400.62,0,5,315,France,Male,GOLD,0
659,67,6,117411.6,1,1,1,45071.09,1,2,815,Germany,Male,SILVER,1
606,27,6,172310.33,1,0,1,111448.92,0,4,232,Germany,Female,DIAMOND,0
647,33,4,0.0,1,1,0,152323.04,0,5,558,France,Female,GOLD,0
736,24,0,0.0,2,1,0,109355.73,1,1,446,France,Female,SILVER,1
781,33,3,89276.48,1,1,0,6959.0,0,4,953,France,Male,DIAMOND,0
590,51,10,84474.62,2,1,1,190937.09,0,3,690,Spain,Female,PLATINUM,0
718,36,9,0.0,1,1,0,45909.87,0,1,939,France,Male,DIAMOND,0
683,43,8,0.0,1,1,0,96754.8,0,1,309,France,Male,SILVER,0
726,48,6,99906.19,1,1,0,64323.24,0,4,901,Spain,Female,DIAMOND,0
637,27,7,135842.89,1,1,1,101418.05,0,3,483,Germany,Female,DIAMOND,0
661,47,0,109493.62,1,0,0,188324.01,1,4,761,Germany,Female,GOLD,1
651,45,6,86714.06,1,1,0,85869.89,1,2,773,Germany,Female,PLATINUM,1
595,35,8,0.0,1,1,0,100015.79,1,1,645,Spain,Male,SILVER,1
667,24,4,0.0,2,0,0,180329.83,0,3,392,France,Male,SILVER,0
631,37,2,121801.72,2,0,1,23146.62,0,3,396,Germany,Female,GOLD,0
612,43,4,139496.35,2,1,1,77128.23,0,2,590,France,Female,GOLD,0
627,30,6,112372.96,1,1,1,118029.09,0,3,345,Germany,Male,GOLD,0
579,42,0,144386.32,1,1,1,22497.1,1,2,799,Germany,Male,SILVER,1
567,45,4,0.0,2,0,1,121053.19,0,3,525,France,Female,GOLD,0
596,60,7,121907.97,1,0,1,30314.04,0,5,774,Spain,Male,GOLD,0
744,29,6,123737.04,2,1,0,141558.04,0,3,916,Germany,Male,DIAMOND,0
762,28,3,125155.83,2,1,1,106024.02,0,2,414,Germany,Male,GOLD,0
767,47,5,0.0,1,1,0,121964.46,1,5,273,Spain,Male,GOLD,1
642,40,6,129502.49,2,0,1,86099.23,1,4,269,Germany,Female,GOLD,1
653,55,7,0.0,2,1,1,41967.03,0,2,581,Spain,Male,SILVER,0
834,49,8,160602.25,2,1,0,129273.94,0,2,771,France,Female,GOLD,0
742,33,1,137937.95,1,1,1,51387.1,0,4,954,Germany,Male,SILVER,0
657,22,6,0.0,3,0,1,168412.07,1,5,974,Spain,Female,DIAMOND,1
669,33,8,0.0,2,0,1,128538.05,0,1,565,Spain,Female,PLATINUM,0
697,40,7,130334.35,2,0,1,116951.1,0,4,850,Spain,Female,PLATINUM,0
633,42,10,0.0,1,0,1,79408.17,0,2,660,Spain,Male,SILVER,0
686,31,1,0.0,2,1,0,4802.25,0,2,522,France,Female,PLATINUM,0
634,41,4,0.0,2,1,1,164549.74,0,4,311,Spain,Female,DIAMOND,0
640,43,7,132412.38,1,0,0,69584.3,1,5,320,France,Male,SILVER,1
598,41,8,0.0,2,1,1,161954.43,0,3,779,Spain,Male,PLATINUM,0
692,46,2,0.0,2,1,1,105983.09,0,1,345,Spain,Male,PLATINUM,0
653,33,1,0.0,2,0,0,53379.52,0,4,572,France,Male,PLATINUM,0
626,32,0,0.0,2,0,0,187172.54,0,4,479,France,Female,GOLD,0
548,29,4,0.0,2,0,1,48673.18,0,4,504,France,Female,DIAMOND,0
569,28,3,100032.52,1,1,0,5159.21,1,3,683,Germany,Female,DIAMOND,1
784,31,7,0.0,2,1,1,143204.41,0,1,674,France,Male,GOLD,0
636,34,3,0.0,2,1,1,44756.25,0,5,524,France,Female,SILVER,0
651,46,4,89743.05,1,1,0,156425.57,1,5,860,Spain,Female,PLATINUM,1
672,34,6,0.0,1,0,0,22736.06,0,1,785,France,Male,DIAMOND,0
620,32,6,0.0,2,1,0,56139.09,0,1,818,France,Male,GOLD,0
841,52,5,0.0,1,0,0,183239.71,1,5,783,France,Female,GOLD,1
559,34,0,0.0,1,1,0,182988.94,0,3,472,Spain,Male,GOLD,0
735,44,9,120681.63,1,1,0,74836.34,0,2,520,France,Male,SILVER,0
675,40,7,113208.86,2,1,0,34577.36,0,3,587,France,Male,SILVER,0
698,52,1,107906.75,1,1,0,168886.39,1,4,866,Germany,Female,GOLD,1
469,33,1,127818.52,1,1,0,163477.22,0,1,933,France,Male,PLATINUM,0
443,29,9,99027.61,2,1,0,10940.4,0,5,390,Germany,Female,PLATINUM,0
673,41,5,0.0,1,1,1,65657.29,0,5,458,France,Male,PLATINUM,0
645,44,10,0.0,2,0,1,166707.22,0,4,990,France,Male,PLATINUM,0
743,46,9,0.0,1,1,0,113436.08,0,2,761,France,Female,DIAMOND,0
667,27,7,156811.74,1,1,1,149402.59,0,4,277,France,Male,PLATINUM,0
658,43,7,140260.36,2,1,0,2748.72,0,4,643,France,Female,DIAMOND,0
504,42,7,131287.36,2,1,1,149697.78,0,4,809,Germany,Male,GOLD,0
662,38,2,96479.81,1,1,0,120259.41,0,2,859,France,Female,GOLD,0
683,32,0,138171.1,2,1,1,188203.58,0,1,433,Germany,Female,DIAMOND,0
718,35,3,97560.16,1,1,1,53511.74,0,2,747,France,Male,DIAMOND,0
712,29,2,0.0,1,1,1,144375.0,0,4,930,France,Female,GOLD,0
598,64,1,62979.93,1,1,1,152273.57,0,5,291,Spain,Female,GOLD,0
695,35,7,79858.13,2,1,1,127977.66,0,5,408,Spain,Female,PLATINUM,0
763,58,9,187911.55,1,0,1,35825.18,0,5,871,France,Female,PLATINUM,0
722,38,3,0.0,2,0,1,167984.72,0,1,242,France,Female,DIAMOND,0
646,43,8,143061.88,1,1,0,61937.6,0,5,320,France,Female,DIAMOND,0
634,59,3,95727.05,1,0,0,97939.4,1,3,698,Germany,Female,SILVER,1
678,43,1,133237.21,1,1,0,111032.79,1,1,564,France,Male,GOLD,1
635,33,1,0.0,3,0,0,178067.33,1,5,897,France,Male,DIAMOND,1
466,40,4,91592.06,1,1,0,141210.18,1,1,977,France,Male,SILVER,1
530,25,9,162560.32,1,1,0,64129.03,0,5,451,France,Male,SILVER,0
755,33,6,90560.3,2,1,1,42607.69,0,4,578,Germany,Female,DIAMOND,0
839,33,10,75592.43,1,1,0,62674.42,0,3,497,Spain,Female,PLATINUM,0
481,44,3,163714.52,1,1,0,96123.72,0,5,530,Germany,Male,PLATINUM,0
782,23,10,98052.66,1,1,1,142587.32,0,3,565,Spain,Male,PLATINUM,0
612,30,9,142910.15,1,1,0,105890.55,1,5,763,Germany,Male,GOLD,1
671,36,2,116695.27,1,0,0,193201.86,0,3,895,Germany,Male,GOLD,0
755,29,9,117035.89,1,1,1,21862.19,0,5,301,France,Male,PLATINUM,0
683,38,5,127616.56,1,1,0,123846.07,0,4,806,France,Female,PLATINUM,0
792,47,0,0.0,1,1,1,5557.88,1,4,445,Spain,Male,DIAMOND,1
813,25,5,123616.43,1,0,1,132959.33,0,1,562,Germany,Female,GOLD,0
538,30,8,0.0,2,1,1,41192.95,0,3,495,Spain,Female,GOLD,0
787,42,2,74483.97,2,0,1,44273.91,0,3,569,Germany,Female,GOLD,0
604,34,7,0.0,2,1,1,188078.55,0,4,757,France,Male,SILVER,0
619,48,4,0.0,1,0,0,18094.96,1,5,812,France,Female,GOLD,1
656,63,8,0.0,2,0,1,57014.43,0,5,742,France,Male,DIAMOND,0
633,58,2,128137.42,2,1,0,147635.33,1,4,681,Germany,Male,PLATINUM,1
642,30,8,117494.27,1,0,0,61977.82,0,4,486,France,Male,DIAMOND,0
572,47,4,99353.42,1,1,0,196549.85,1,5,276,Germany,Male,SILVER,1
490,29,4,0.0,2,1,0,32089.57,0,4,824,France,Male,SILVER,0
850,34,9,92899.27,2,1,0,97465.89,0,4,783,France,Female,SILVER,0
627,32,10,0.0,2,1,0,103287.62,0,4,534,France,Male,DIAMOND,0
602,35,7,90602.42,2,1,1,51695.41,1,3,764,Germany,Male,GOLD,0
709,22,0,112949.71,1,0,0,155231.55,0,1,925,Germany,Male,SILVER,0
623,41,2,142412.13,1,1,0,28778.98,0,4,729,Spain,Male,DIAMOND,0
552,33,5,140931.57,1,0,1,10921.5,0,5,330,France,Male,PLATINUM,0
620,42,4,0.0,2,1,0,6232.31,0,5,402,France,Male,GOLD,0
572,30,6,117696.67,1,1,0,100843.82,0,4,748,France,Male,DIAMOND,0
826,41,5,146466.46,2,0,0,180934.67,0,3,984,Spain,Male,GOLD,0
457,42,4,126772.57,1,0,1,126106.4,0,3,322,Germany,Male,DIAMOND,0
657,37,0,163607.18,1,0,1,44203.55,0,2,979,Spain,Female,GOLD,0
586,36,5,103700.69,1,1,0,194072.56,1,1,791,Germany,Female,PLATINUM,1
622,58,2,0.0,2,1,1,33277.31,0,5,746,Spain,Female,PLATINUM,0
570,37,6,0.0,1,1,1,187758.5,0,2,469,France,Male,SILVER,0
612,58,1,149641.53,1,1,1,115161.28,0,5,405,Germany,Female,GOLD,0
519,21,1,146329.57,2,1,1,194867.27,0,5,398,France,Female,PLATINUM,0
750,36,7,136492.92,3,1,1,26500.29,1,3,635,France,Male,PLATINUM,1
719,42,5,137227.04,3,1,0,149097.38,1,5,512,Germany,Female,PLATINUM,1
761,38,1,120530.13,2,1,0,109394.62,0,2,815,Germany,Female,GOLD,0
487,37,2,0.0,2,1,1,126722.57,0,5,668,France,Male,SILVER,0
483,48,1,0.0,2,1,1,110059.38,0,3,471,France,Male,DIAMOND,0
670,42,3,81589.04,1,1,0,188227.8,0,2,984,Spain,Male,GOLD,0
775,30,4,0.0,2,1,0,49337.84,0,3,415,France,Male,DIAMOND,0
791,35,5,129828.58,1,1,1,181918.26,1,4,249,Germany,Male,DIAMOND,1
483,30,9,0.0,2,0,0,136356.97,0,3,970,France,Female,PLATINUM,0
827,38,5,0.0,2,0,0,103305.01,0,2,785,France,Male,SILVER,0
850,39,2,148586.64,1,1,1,176791.27,0,2,373,France,Female,DIAMOND,0
650,42,4,194532.66,1,1,0,171045.31,1,3,824,Spain,Male,PLATINUM,1
794,46,6,0.0,2,1,0,195325.74,0,4,838,France,Male,PLATINUM,0
569,34,0,151839.26,1,1,0,102299.81,1,1,268,Spain,Male,SILVER,1
609,40,6,0.0,2,1,1,97416.34,0,1,717,France,Male,DIAMOND,0
589,61,1,0.0,1,1,0,61108.56,1,4,923,France,Female,SILVER,1
803,26,4,0.0,2,1,1,181208.47,0,2,1000,France,Female,DIAMOND,0
552,34,5,0.0,2,1,1,1351.41,0,3,712,France,Female,SILVER,0
798,37,8,0.0,3,0,0,110783.28,0,4,860,France,Male,SILVER,0
716,38,4,0.0,2,1,0,189678.7,0,3,756,France,Male,GOLD,0
575,49,7,121205.15,4,1,1,168080.53,1,2,227,Germany,Male,DIAMOND,1
734,30,7,123040.38,1,1,1,76503.06,0,2,645,Germany,Female,PLATINUM,0
775,28,9,111167.7,1,1,0,149331.01,0,5,684,France,Male,SILVER,0
560,43,4,95140.44,2,1,0,123181.44,1,5,615,Spain,Female,DIAMOND,1
704,24,2,0.0,1,1,0,35600.25,1,3,443,Spain,Female,PLATINUM,1
576,52,9,170228.59,2,0,0,148477.57,1,5,364,France,Female,SILVER,1
654,36,2,112262.84,1,1,0,12873.39,0,1,883,France,Male,DIAMOND,0
562,36,6,0.0,2,1,0,32845.32,0,1,504,France,Male,DIAMOND,0
760,37,7,0.0,1,0,0,32863.24,1,3,546,France,Male,DIAMOND,1
850,31,4,0.0,2,1,1,33082.81,0,1,898,France,Female,PLATINUM,0
850,32,0,116968.91,1,0,0,175094.62,0,2,442,Germany,Female,PLATINUM,0
624,23,6,0.0,2,0,1,196668.51,0,5,888,Spain,Female,SILVER,0
775,77,6,135120.56,1,1,0,37836.64,0,1,538,Germany,Female,GOLD,0
595,23,7,0.0,2,1,1,168085.97,0,5,487,Spain,Male,PLATINUM,0
752,36,3,0.0,2,1,1,48505.1,0,5,784,Spain,Female,GOLD,0
712,45,6,112994.65,1,0,0,198398.68,0,1,847,Spain,Male,SILVER,0
778,37,3,141803.77,1,0,1,179421.84,0,3,397,France,Male,GOLD,0
476,30,3,134366.42,1,1,0,68343.53,0,4,709,Germany,Male,GOLD,0
685,30,2,0.0,3,1,1,172576.43,1,5,894,Spain,Female,PLATINUM,1
538,37,1,134752.08,1,1,0,162511.55,0,2,710,France,Male,SILVER,0
679,29,3,0.0,2,1,1,63687.06,0,5,717,France,Male,PLATINUM,0
596,33,8,0.0,1,1,0,121189.3,1,5,873,France,Male,GOLD,1
721,35,10,0.0,2,1,0,71594.26,0,4,383,France,Male,DIAMOND,0
659,32,2,155584.21,1,0,1,153662.88,0,5,313,France,Female,PLATINUM,0
714,51,4,88308.87,3,0,0,5862.53,1,3,738,France,Female,GOLD,1
753,30,1,110824.52,1,1,1,57896.27,0,3,989,Germany,Male,DIAMOND,0
850,30,3,0.0,2,1,0,116692.8,0,5,451,France,Female,SILVER,0
471,26,8,0.0,2,1,1,179655.87,0,4,388,Spain,Male,GOLD,0
514,45,1,178827.79,1,1,0,60375.18,0,5,493,France,Male,DIAMOND,0
659,60,2,0.0,1,1,0,177480.45,1,2,365,Spain,Male,GOLD,1
663,32,3,108586.86,1,1,1,182355.21,0,5,723,Germany,Male,PLATINUM,0
627,70,1,94416.78,1,0,1,145299.5,0,2,784,France,Male,DIAMOND,0
542,33,8,142871.27,2,0,0,77737.86,0,1,888,Germany,Male,GOLD,0
605,32,5,0.0,2,1,1,42135.28,0,3,765,France,Female,PLATINUM,0
579,37,5,152212.88,2,0,0,120219.14,0,3,299,Spain,Male,SILVER,0
753,51,4,79811.72,2,0,1,68260.27,1,1,956,Spain,Male,DIAMOND,1
739,29,1,0.0,2,1,1,164484.78,0,5,852,France,Male,DIAMOND,0
850,38,1,106871.81,2,1,0,29333.01,0,3,527,France,Female,SILVER,0
502,37,10,0.0,1,1,1,76642.68,0,5,620,France,Male,GOLD,0
690,21,8,0.0,2,1,1,155782.89,0,2,545,France,Male,DIAMOND,0
550,40,8,150490.32,1,0,0,166468.21,1,4,572,France,Female,DIAMOND,1
659,29,6,123192.12,1,1,1,56971.41,1,1,783,France,Male,DIAMOND,1
690,26,8,116318.23,1,1,1,83253.05,0,2,713,Spain,Male,PLATINUM,0
622,36,9,0.0,2,1,1,104852.6,0,3,331,Spain,Male,DIAMOND,0
442,34,4,0.0,2,1,0,68343.08,0,5,529,France,Male,DIAMOND,0
529,63,4,96134.11,3,1,0,108732.96,1,3,693,Spain,Male,GOLD,1
738,26,3,0.0,2,1,0,67484.16,0,4,656,France,Female,SILVER,0
655,36,10,122314.39,1,1,0,9181.66,0,4,517,Germany,Female,PLATINUM,0
756,44,10,137452.09,1,1,0,189543.9,0,5,965,Germany,Male,PLATINUM,0
781,27,5,0.0,2,0,0,72969.9,0,2,905,France,Female,PLATINUM,0
592,31,2,84102.11,2,0,1,116385.24,0,1,677,France,Female,PLATINUM,0
591,35,7,183027.25,1,1,1,56028.79,0,2,723,France,Male,PLATINUM,0
780,37,10,95196.26,1,1,0,126310.39,1,3,834,Germany,Female,PLATINUM,1
616,42,6,117899.95,2,0,0,150266.81,0,3,653,Germany,Female,PLATINUM,0
538,49,9,141434.04,1,0,0,173779.25,1,5,797,Spain,Female,GOLD,1
603,32,7,0.0,1,1,0,198055.94,1,3,642,France,Male,SILVER,1
601,39,3,72647.64,1,1,0,41777.9,1,4,809,France,Male,GOLD,1
639,42,4,0.0,2,0,0,167682.37,0,2,968,France,Female,GOLD,0
766,47,9,129289.98,1,1,0,169935.46,1,4,286,Germany,Male,PLATINUM,1
670,45,9,104930.38,1,1,0,155921.81,1,3,720,France,Female,PLATINUM,1
665,44,7,0.0,2,1,1,66548.58,0,3,580,France,Female,GOLD,0
497,24,3,0.0,2,1,0,76390.01,0,3,249,Spain,Male,GOLD,0
850,40,1,76914.21,1,1,0,174183.44,0,2,810,France,Male,DIAMOND,0
626,21,1,0.0,2,1,0,66232.23,0,3,775,France,Male,GOLD,0
755,43,9,0.0,2,1,0,18066.69,0,3,690,France,Female,DIAMOND,0
850,40,5,0.0,2,1,0,35034.15,0,4,632,France,Female,DIAMOND,0
663,42,5,90248.79,1,1,1,79169.73,0,5,995,Germany,Male,DIAMOND,0
703,45,1,0.0,1,1,0,182784.11,1,2,919,Spain,Female,SILVER,1
564,31,5,121461.87,1,1,1,20432.09,1,1,279,Spain,Male,PLATINUM,1
639,35,8,0.0,1,0,0,164453.98,0,4,535,France,Female,PLATINUM,0
729,32,7,38550.06,1,0,1,179230.23,0,4,302,France,Female,DIAMOND,0
558,39,10,144757.02,1,1,0,22878.16,1,4,254,Germany,Male,DIAMOND,1
610,69,5,86038.21,3,0,0,192743.06,1,1,613,Germany,Female,DIAMOND,1
545,33,7,173331.52,1,1,0,150452.88,0,4,716,Spain,Female,DIAMOND,0
473,32,5,146602.25,2,1,1,72946.95,0,1,628,Germany,Female,PLATINUM,0
743,35,1,146781.24,1,1,0,189307.7,0,2,273,Germany,Female,DIAMOND,0
679,30,4,77949.69,1,1,1,121151.46,0,4,791,Germany,Female,SILVER,0
749,29,7,137059.05,3,1,0,102975.72,1,5,859,Germany,Female,SILVER,1
597,72,6,124978.19,2,1,1,7144.46,0,2,374,Germany,Female,PLATINUM,0
758,39,6,127357.76,1,0,1,56577.0,0,4,404,France,Female,SILVER,0
715,21,8,0.0,2,1,0,68666.63,0,2,827,France,Male,PLATINUM,0
608,44,7,114203.47,1,1,1,77830.36,1,4,268,Germany,Male,PLATINUM,1
639,39,1,141789.15,1,1,0,92455.96,0,3,422,Spain,Female,PLATINUM,0
501,43,6,104533.24,1,0,0,81123.59,1,2,723,Spain,Male,DIAMOND,1
630,40,0,118633.08,1,0,1,60032.46,1,4,475,France,Female,DIAMOND,1
648,42,8,121980.56,2,1,0,4027.02,0,1,238,Germany,Female,GOLD,0
627,30,3,128770.88,2,1,1,40199.01,0,5,315,Germany,Male,GOLD,0
741,40,4,104784.23,1,1,0,135163.76,1,5,417,Spain,Male,DIAMOND,1
624,54,3,116726.22,1,1,0,110498.1,1,5,710,Germany,Male,PLATINUM,1
606,46,8,0.0,2,1,1,183717.94,0,2,939,Spain,Female,DIAMOND,0
485,27,3,0.0,2,1,0,141449.86,0,5,901,France,Female,SILVER,0
766,52,7,92510.9,2,0,1,66193.61,0,5,839,France,Female,DIAMOND,0
692,30,2,0.0,2,0,1,130486.57,0,4,751,France,Male,DIAMOND,0
679,33,6,0.0,2,1,1,98015.85,0,5,521,France,Female,PLATINUM,0
497,55,7,131778.66,1,1,1,9972.64,0,5,605,Germany,Female,GOLD,0
512,43,1,0.0,2,1,1,52471.36,0,4,574,France,Male,GOLD,0
779,38,7,0.0,2,1,1,138542.87,0,4,433,Spain,Female,GOLD,0
433,49,10,0.0,1,1,1,87711.61,0,1,682,France,Female,PLATINUM,0
732,45,6,98792.4,1,1,0,81491.7,1,3,854,Germany,Female,GOLD,1
761,32,4,103515.39,2,1,1,177622.38,0,2,311,Spain,Female,SILVER,0
720,34,3,118307.57,2,1,1,136120.29,0,2,410,France,Female,GOLD,0
574,36,1,0.0,2,0,1,71709.12,0,2,980,Spain,Male,DIAMOND,0
671,51,3,96891.46,1,1,0,176403.33,1,3,654,Germany,Male,PLATINUM,1
631,46,10,0.0,2,1,1,129508.96,0,2,687,Spain,Female,DIAMOND,0
693,28,8,0.0,2,1,1,158545.25,0,1,846,France,Female,PLATINUM,0
629,38,9,123948.85,1,1,0,76053.07,0,5,564,Germany,Female,DIAMOND,0
526,37,5,53573.18,1,1,0,62830.97,0,4,870,France,Female,GOLD,0
655,61,2,183997.7,2,1,1,161217.18,0,5,382,Germany,Female,PLATINUM,0
596,29,6,0.0,2,1,0,116696.77,0,2,447,Spain,Female,SILVER,0
712,32,9,100606.02,1,1,0,165693.06,0,1,542,France,Male,DIAMOND,0
566,36,1,142120.91,1,1,0,79616.37,0,5,542,France,Male,GOLD,0
640,47,6,89047.14,1,1,0,116286.25,0,5,441,Spain,Male,DIAMOND,0
678,41,2,148088.11,1,1,0,14083.12,0,1,243,France,Male,SILVER,0
777,29,9,131240.61,1,1,1,163746.09,1,2,567,France,Female,GOLD,1
774,36,9,130809.77,1,1,0,152290.28,0,5,560,Germany,Male,SILVER,0
771,27,2,0.0,2,1,1,199527.34,0,2,918,France,Male,PLATINUM,0
723,30,3,124119.54,1,1,0,162198.32,0,4,945,France,Male,PLATINUM,0
584,38,9,104584.16,1,1,0,176678.72,0,4,565,France,Male,GOLD,0
468,26,1,131643.25,1,1,0,64436.16,0,1,855,Spain,Male,PLATINUM,0
583,42,7,0.0,2,1,0,144039.05,0,4,443,France,Female,PLATINUM,0
576,63,3,148843.56,1,1,0,69414.13,1,2,930,Germany,Male,DIAMOND,1
564,33,3,109341.87,1,1,0,75632.78,0,5,422,Germany,Male,SILVER,0
684,38,5,133189.4,1,0,0,127388.06,0,4,762,France,Female,PLATINUM,0
516,53,1,156674.2,1,1,0,118502.34,1,4,827,Germany,Female,GOLD,1
435,32,2,57017.06,2,1,1,5907.11,0,3,476,Germany,Male,SILVER,0
717,36,5,0.0,2,1,1,145551.6,0,5,412,France,Female,SILVER,0
681,32,3,148884.47,2,1,1,90967.37,0,5,300,France,Male,DIAMOND,0
464,38,3,116439.65,1,1,0,75574.48,0,5,434,France,Male,DIAMOND,0
696,42,7,162318.61,1,1,0,121061.89,0,5,587,Germany,Male,GOLD,0
678,50,6,0.0,1,1,0,8199.5,0,4,803,France,Female,GOLD,0
734,37,3,80387.81,1,0,1,77272.62,0,5,350,France,Male,SILVER,0
685,38,4,0.0,2,1,1,35884.91,0,4,966,Spain,Male,DIAMOND,0
740,36,4,172381.8,1,1,1,86480.29,0,3,444,France,Male,GOLD,0
654,34,5,0.0,2,1,0,159311.46,0,3,527,Spain,Male,PLATINUM,0
742,39,8,140004.96,1,1,1,92985.78,0,3,436,France,Male,SILVER,0
609,32,4,99883.16,1,1,1,120594.85,0,3,887,Spain,Male,PLATINUM,0
659,33,7,89939.62,1,1,0,136540.09,0,5,458,France,Female,GOLD,0
765,56,1,0.0,1,1,0,13228.93,1,3,944,France,Female,PLATINUM,1
569,28,7,0.0,2,1,0,73977.23,0,1,688,France,Male,GOLD,0
644,48,8,0.0,2,0,1,44965.54,1,4,930,France,Male,DIAMOND,1
650,34,4,142393.11,1,1,1,11276.48,0,3,981,Germany,Male,DIAMOND,0
603,30,8,0.0,2,1,1,47536.46,0,5,320,France,Male,GOLD,0
575,31,6,0.0,2,1,1,95686.42,0,4,609,Spain,Female,SILVER,0
644,34,10,122196.99,2,1,1,182099.71,0,4,530,Germany,Female,DIAMOND,0
850,22,7,91560.58,2,0,0,10541.38,0,1,713,Germany,Male,GOLD,0
733,44,3,106070.89,1,0,1,101617.43,0,4,705,Spain,Male,PLATINUM,0
640,33,8,81677.22,2,0,0,34925.56,0,2,417,Germany,Male,PLATINUM,0
513,44,1,63562.02,2,0,1,52629.73,1,4,230,France,Male,GOLD,1
775,29,10,0.0,2,1,1,68143.93,0,2,913,Spain,Male,DIAMOND,0
544,37,3,84496.71,1,0,0,79972.09,0,5,939,France,Male,PLATINUM,0
652,33,3,124832.51,1,1,0,195877.06,0,4,407,Spain,Female,GOLD,0
739,37,7,104960.46,1,0,1,80883.82,0,5,384,France,Male,SILVER,0
850,34,4,71379.53,2,1,1,154000.99,0,4,827,France,Female,DIAMOND,0
562,32,6,161628.66,1,1,0,91482.5,0,5,561,Spain,Male,SILVER,0
673,37,8,0.0,2,1,1,183318.79,0,1,603,Spain,Female,SILVER,0
592,28,5,137222.77,1,0,0,39608.58,0,4,282,France,Male,DIAMOND,0
584,54,1,77354.37,1,0,0,138192.98,1,5,668,Germany,Female,SILVER,1
653,27,9,0.0,2,1,0,96429.29,0,3,834,France,Female,GOLD,0
613,30,9,111927.45,1,1,1,175795.87,0,1,515,Spain,Male,SILVER,0
714,20,3,0.0,2,0,1,150465.93,0,1,245,Spain,Male,PLATINUM,0
627,73,0,146329.73,1,0,1,43615.67,0,2,871,France,Male,DIAMOND,0
518,42,7,151027.05,2,1,0,119377.36,0,3,535,France,Male,SILVER,0
452,52,1,98443.14,2,0,0,92033.98,0,5,821,Germany,Male,SILVER,0
542,39,4,109949.39,2,1,1,41268.65,0,4,339,France,Female,SILVER,0
554,66,8,0.0,2,1,1,116747.62,0,1,259,Spain,Male,PLATINUM,0
532,52,9,137755.76,1,1,0,163191.99,1,2,401,Germany,Male,GOLD,1
594,53,4,0.0,1,1,0,5408.74,1,2,985,France,Female,PLATINUM,1
546,27,8,0.0,2,1,1,14858.1,0,2,776,France,Female,SILVER,0
683,35,1,132371.3,2,0,0,186123.57,0,1,504,Germany,Female,GOLD,0
673,42,4,0.0,2,1,0,121440.8,0,3,595,France,Female,GOLD,0
792,40,7,0.0,1,1,0,141652.2,0,1,538,Spain,Female,DIAMOND,0
554,54,6,108755.0,1,1,0,40914.32,1,1,415,Germany,Female,DIAMOND,1
645,25,0,174400.36,1,1,0,42669.37,0,5,600,France,Male,GOLD,0
781,23,2,107433.48,1,1,0,173843.21,0,5,815,France,Male,SILVER,0
641,40,5,102145.13,1,1,1,100637.07,0,1,310,Spain,Male,DIAMOND,0
791,35,7,52436.2,1,1,0,161051.75,0,2,650,Germany,Female,SILVER,0
799,28,3,142253.65,1,1,0,45042.56,0,1,395,Spain,Female,SILVER,0
693,29,2,151352.74,1,0,0,197145.89,0,1,248,France,Male,PLATINUM,0
791,28,4,0.0,1,1,0,174435.48,0,2,397,France,Male,PLATINUM,0
678,40,3,128398.38,1,1,0,168658.3,0,3,893,Spain,Female,DIAMOND,0
585,50,2,125845.66,1,1,0,9439.31,1,1,767,Germany,Male,PLATINUM,1
597,41,4,145809.53,2,1,1,52319.26,0,5,447,France,Female,SILVER,0
530,45,1,0.0,1,0,1,190663.89,1,2,695,France,Female,PLATINUM,1
710,38,3,130588.82,1,1,1,154997.64,0,4,290,France,Male,GOLD,0
641,42,7,125437.14,2,0,0,164128.58,0,3,551,France,Female,PLATINUM,0
738,35,6,101744.84,1,0,0,85185.44,0,3,280,Germany,Male,PLATINUM,0
572,39,2,0.0,2,1,1,555.28,0,5,967,France,Female,PLATINUM,0
579,31,6,139729.54,1,0,1,135815.38,0,4,664,Germany,Male,SILVER,0
646,30,7,0.0,2,1,0,153566.97,0,1,801,France,Male,PLATINUM,0
586,64,1,0.0,2,1,1,53710.23,0,1,794,France,Male,DIAMOND,0
691,34,7,0.0,2,0,1,161559.12,0,5,591,France,Female,PLATINUM,0
473,33,5,125827.43,1,0,1,145698.73,0,5,299,France,Female,PLATINUM,0
641,38,3,0.0,2,1,0,116466.19,0,4,975,France,Female,DIAMOND,0
549,25,5,0.0,2,0,0,190857.79,0,3,549,France,Female,PLATINUM,0
594,32,4,120074.97,2,1,1,162961.79,0,2,728,Germany,Female,DIAMOND,0
569,41,4,139840.36,1,1,1,163524.7,0,3,970,Spain,Female,SILVER,0
701,32,5,102500.34,1,0,0,106287.77,0,5,763,Germany,Male,PLATINUM,0
689,57,4,0.0,2,1,0,136649.8,1,2,909,Spain,Female,GOLD,1
717,35,7,58469.37,2,1,1,172459.39,0,2,793,Germany,Male,GOLD,0
545,37,3,91184.01,1,1,0,105476.65,0,1,276,France,Male,GOLD,0
549,34,4,0.0,2,0,0,139463.57,0,3,339,France,Female,PLATINUM,0
776,31,2,0.0,2,1,1,112349.51,0,3,304,France,Female,DIAMOND,0
610,49,6,113882.33,1,1,0,195813.81,1,1,441,Germany,Male,GOLD,1
769,29,2,123757.52,2,1,0,84872.66,0,2,503,France,Male,SILVER,0
449,32,0,155619.36,1,1,1,166692.03,0,1,667,Spain,Male,GOLD,0
589,29,2,0.0,2,0,1,98320.27,0,5,885,France,Male,DIAMOND,0
673,30,1,64097.75,1,1,1,77783.35,0,5,936,France,Male,DIAMOND,0
823,34,3,105057.33,1,1,0,9217.92,0,2,329,France,Male,PLATINUM,0
638,53,1,123916.67,1,1,0,16657.68,1,3,639,Germany,Female,DIAMOND,1
561,29,9,120268.13,1,1,1,173870.39,0,5,566,France,Male,GOLD,0
632,40,5,147650.68,1,1,1,199674.83,0,1,651,France,Male,SILVER,0
643,25,4,115142.9,1,1,1,148098.95,0,5,908,Germany,Male,SILVER,0
692,44,8,0.0,1,0,1,159069.37,0,4,706,Spain,Female,PLATINUM,0
712,47,1,139887.01,1,1,1,95719.73,0,4,583,Spain,Male,GOLD,0
806,36,8,167983.17,2,1,1,106714.28,0,3,498,Germany,Male,PLATINUM,0
706,44,4,129605.99,1,0,0,69865.49,0,3,528,France,Female,SILVER,0
654,36,5,0.0,2,0,0,157238.05,0,2,596,Spain,Female,SILVER,0
619,40,9,103604.31,2,0,0,140947.05,0,1,923,Germany,Male,DIAMOND,0
686,36,5,0.0,2,1,1,152979.14,0,4,966,Spain,Female,GOLD,0
798,29,8,80204.11,2,1,0,70223.22,0,3,965,Germany,Female,SILVER,0
646,73,6,97259.25,1,0,1,104719.66,0,1,250,France,Female,PLATINUM,0
751,43,1,114974.24,1,1,0,125920.54,0,2,907,France,Male,DIAMOND,0
568,32,7,169399.6,1,1,0,61936.22,0,4,234,Spain,Female,PLATINUM,0
548,41,4,82596.8,1,0,1,55672.09,0,2,514,France,Female,SILVER,0
553,38,3,99844.68,1,0,0,187915.7,0,1,869,France,Male,DIAMOND,0
696,33,4,0.0,2,1,1,73371.65,0,3,348,France,Female,PLATINUM,0
712,74,5,0.0,2,0,0,151425.82,0,2,942,Spain,Male,GOLD,0
694,57,8,116326.07,1,1,1,117704.65,0,2,988,Spain,Male,SILVER,0
818,72,8,135290.42,2,1,1,63729.72,0,1,726,Germany,Female,SILVER,0
733,42,9,150507.21,1,0,1,169964.12,0,3,296,France,Male,SILVER,0
555,26,7,0.0,2,1,0,93122.41,0,3,591,France,Female,SILVER,0
731,43,2,0.0,1,1,1,170034.95,1,2,777,France,Male,DIAMOND,1
621,34,8,0.0,1,0,0,47972.65,0,3,309,Spain,Male,DIAMOND,0
625,37,4,142711.81,1,1,0,35625.41,0,2,251,Germany,Female,SILVER,0
729,36,8,152899.24,2,1,0,177130.33,0,4,625,Germany,Male,SILVER,0
693,57,9,0.0,2,1,1,135502.77,0,4,401,Spain,Female,SILVER,0
465,41,9,117221.15,1,1,0,168280.95,0,3,495,France,Male,SILVER,0
555,27,5,0.0,2,0,0,96398.51,0,3,506,Spain,Male,GOLD,0
548,36,3,0.0,1,1,0,65996.9,0,5,409,France,Female,SILVER,0
720,43,10,110822.9,1,0,0,72861.94,0,4,987,Germany,Female,SILVER,0
613,42,7,115076.06,1,1,1,79323.61,0,1,589,France,Male,SILVER,0
702,28,1,103033.83,1,1,1,40321.87,0,2,894,Germany,Male,PLATINUM,0
640,46,3,0.0,1,1,1,156260.08,0,1,777,Spain,Female,GOLD,0
741,44,7,0.0,2,1,1,190534.76,0,4,843,France,Female,PLATINUM,0
653,31,2,154741.45,2,0,0,25183.01,0,1,733,Germany,Male,SILVER,0
605,51,3,136188.78,1,1,1,67110.59,1,1,683,France,Female,PLATINUM,1
728,35,8,125884.95,2,1,0,54359.02,1,5,273,Germany,Female,PLATINUM,1
636,32,8,0.0,2,1,0,138555.46,0,2,336,Spain,Female,DIAMOND,0
657,25,2,171770.55,1,1,0,22745.5,0,4,487,Germany,Male,GOLD,0
618,34,5,134954.53,1,1,1,151954.39,0,2,512,France,Male,SILVER,0
514,43,1,95556.31,1,0,1,199273.98,1,4,774,Germany,Male,GOLD,1
742,41,4,92805.72,1,0,1,73743.95,1,1,334,Germany,Female,DIAMOND,1
598,34,4,0.0,2,0,0,60894.26,0,4,239,France,Female,SILVER,0
420,55,4,91893.32,1,1,0,144870.28,1,3,970,Spain,Female,GOLD,1
782,35,4,0.0,1,1,1,119565.34,0,1,980,France,Female,PLATINUM,0
579,28,4,0.0,2,1,1,176925.69,0,3,623,France,Male,DIAMOND,0
685,25,10,128509.63,1,1,0,121562.33,0,3,560,Spain,Female,DIAMOND,0
648,55,1,81370.07,1,0,1,181534.04,0,4,564,Spain,Male,PLATINUM,0
649,41,4,115897.73,1,1,0,143544.48,0,3,536,Germany,Female,GOLD,0
539,38,6,0.0,1,1,1,152880.07,1,3,219,Spain,Male,SILVER,1
804,24,3,0.0,2,1,0,173195.33,0,4,335,France,Male,SILVER,0
850,31,6,67996.23,2,0,0,50129.87,1,3,895,France,Male,DIAMOND,1
725,40,8,104149.66,1,1,0,62027.9,0,4,414,Germany,Male,GOLD,0
499,21,3,176511.08,1,1,1,153920.22,0,5,753,France,Female,DIAMOND,0
635,29,2,0.0,2,0,0,117173.8,0,1,624,Spain,Male,GOLD,0
622,46,4,107073.27,2,1,1,30984.59,1,3,299,Spain,Female,GOLD,1
671,34,7,106603.74,2,1,1,26387.71,0,4,303,France,Male,GOLD,0
850,30,2,0.0,2,0,1,27937.12,0,1,663,Spain,Male,PLATINUM,0
635,28,3,81623.67,2,1,1,156791.36,0,1,659,Germany,Female,DIAMOND,0
463,35,2,0.0,2,1,1,1950.93,0,2,803,Spain,Female,DIAMOND,0
577,43,6,0.0,2,1,1,149457.81,0,3,446,Spain,Male,DIAMOND,0
646,45,3,47134.75,1,1,1,57236.44,0,3,939,France,Female,PLATINUM,0
624,33,6,66220.17,1,0,1,170819.01,0,5,413,Spain,Male,GOLD,0
548,37,9,0.0,2,0,0,98029.58,0,5,967,France,Female,SILVER,0
516,43,2,112773.73,2,1,1,139366.58,0,3,239,France,Female,SILVER,0
663,52,0,136298.65,1,1,0,144593.3,1,2,548,Spain,Male,SILVER,1
608,41,1,83807.86,1,0,1,112542.58,1,3,456,Spain,Female,DIAMOND,0
667,34,5,0.0,2,1,1,102908.63,0,4,927,France,Male,PLATINUM,0
536,40,9,0.0,2,1,1,11959.03,0,2,238,Spain,Male,SILVER,0
726,56,8,123110.9,3,0,1,130113.78,1,4,873,Spain,Female,DIAMOND,1
705,31,9,110941.93,2,1,0,163484.8,0,3,468,Germany,Female,DIAMOND,0
721,43,3,88798.34,1,0,0,45610.63,0,2,592,Spain,Male,GOLD,0
835,56,2,0.0,2,1,1,39820.13,0,5,625,France,Female,PLATINUM,0
590,40,2,117641.43,2,0,0,92198.05,0,5,574,Germany,Female,DIAMOND,0
676,34,1,63095.01,1,1,1,40645.81,0,3,974,France,Female,SILVER,0
754,28,8,0.0,2,1,1,52615.62,0,4,497,France,Male,DIAMOND,0
779,27,1,0.0,2,1,1,190623.02,0,1,620,France,Male,SILVER,0
558,40,4,161766.87,1,0,0,92378.54,0,2,628,Spain,Male,DIAMOND,0
723,34,5,0.0,2,0,1,12092.03,0,4,607,France,Male,DIAMOND,0
695,28,5,171069.39,2,1,1,88689.4,0,3,739,France,Male,SILVER,0
754,39,3,160761.41,1,1,1,24156.03,0,5,721,Germany,Female,PLATINUM,0
651,34,3,0.0,2,1,1,105599.65,0,5,632,France,Male,SILVER,0
443,35,9,108308.0,1,1,0,129031.19,1,4,476,France,Female,PLATINUM,1
598,40,2,171178.25,1,1,0,137980.58,1,1,949,France,Female,SILVER,1
850,34,8,199229.14,1,0,0,68106.29,0,3,850,Spain,Male,SILVER,0
660,28,2,170890.05,2,1,0,41758.9,0,3,558,Germany,Male,DIAMOND,0
547,30,9,72392.41,1,1,0,77077.14,0,3,807,Germany,Female,PLATINUM,0
682,44,3,115282.3,1,0,0,23766.4,0,1,588,France,Male,PLATINUM,0
673,47,1,183579.54,2,0,1,34047.54,0,5,772,Germany,Male,PLATINUM,0
668,37,6,167864.4,1,1,0,115638.29,0,4,529,Germany,Female,SILVER,0
556,33,3,124213.36,2,1,0,62627.55,0,2,537,Germany,Male,GOLD,0
806,34,2,96152.68,2,1,0,143711.02,0,2,303,Germany,Male,GOLD,0
635,46,8,0.0,2,1,1,60739.16,0,1,635,Spain,Male,GOLD,0
568,26,1,112930.28,2,1,0,22095.73,0,5,438,Germany,Male,GOLD,0
717,38,7,97459.06,1,0,0,189175.71,0,2,676,France,Male,PLATINUM,0
572,31,5,98108.79,1,0,1,119996.95,0,1,639,Spain,Male,GOLD,0
645,41,2,138881.04,1,1,0,129936.53,1,2,936,Germany,Female,GOLD,1
701,43,2,0.0,2,1,1,165303.79,0,2,633,France,Male,SILVER,0
482,35,5,147813.05,2,0,0,109029.72,0,2,945,France,Female,SILVER,0
592,42,1,147249.29,2,1,1,63023.02,0,2,638,France,Male,GOLD,0
646,29,4,105957.44,1,1,0,15470.91,0,1,345,Germany,Female,PLATINUM,0
695,63,1,146202.93,1,1,1,126688.83,1,3,703,Spain,Male,DIAMOND,1
707,44,3,0.0,2,1,1,135077.01,0,2,682,Spain,Male,DIAMOND,0
629,37,6,129101.3,1,1,1,23971.33,0,1,330,France,Female,DIAMOND,0
581,37,10,104255.03,1,1,0,86609.37,0,2,559,France,Female,DIAMOND,0
827,47,8,143001.5,2,1,0,108977.5,0,4,265,Germany,Female,SILVER,0
682,30,4,0.0,1,0,1,161465.31,0,2,252,France,Male,DIAMOND,0
604,26,3,0.0,2,1,0,155248.62,0,4,679,Spain,Female,SILVER,0
687,31,2,0.0,2,0,1,145411.39,0,3,347,France,Female,SILVER,0
593,39,8,151391.68,1,1,0,27274.6,1,2,246,Germany,Female,SILVER,1
766,27,5,126285.73,1,1,0,177614.17,1,3,969,Germany,Male,SILVER,1
647,35,3,192407.97,1,1,1,40145.28,0,3,962,Germany,Male,DIAMOND,0
760,34,6,121303.77,2,1,1,59325.21,0,4,791,Germany,Male,SILVER,0
711,64,4,0.0,2,1,1,3185.67,0,1,949,France,Male,GOLD,0
580,56,1,131368.3,1,1,0,106918.67,1,1,796,France,Female,SILVER,1
556,43,4,125890.72,1,1,1,74854.97,0,3,285,Germany,Female,PLATINUM,0
666,59,5,0.0,2,1,1,185123.09,0,2,892,France,Female,DIAMOND,0
709,36,7,0.0,1,0,1,42085.58,1,3,564,France,Female,SILVER,1
611,49,3,0.0,2,1,1,142917.54,0,4,437,France,Male,PLATINUM,0
685,58,1,104796.54,1,1,1,154181.41,0,3,673,France,Male,GOLD,0
554,30,9,0.0,2,1,1,40320.3,0,5,510,France,Female,PLATINUM,0
720,37,8,156282.79,1,1,0,45985.52,0,1,390,Germany,Female,GOLD,0
512,36,1,0.0,1,0,1,135482.26,1,4,795,Spain,Male,PLATINUM,1
570,38,1,127201.58,1,1,0,147168.28,1,2,509,Germany,Male,PLATINUM,1
624,35,7,119656.45,2,1,1,4595.05,0,1,839,Spain,Female,DIAMOND,0
620,41,0,97925.11,1,1,0,85000.32,0,3,836,France,Male,GOLD,0
716,33,2,0.0,2,1,1,92916.53,0,1,531,Spain,Male,PLATINUM,0
529,34,9,0.0,1,1,1,93208.22,0,3,562,Spain,Male,DIAMOND,0
571,31,3,0.0,2,1,1,194667.92,0,2,492,Spain,Female,PLATINUM,0
659,31,7,149620.88,2,1,1,104533.51,0,5,417,Spain,Male,SILVER,0
782,33,2,94493.03,1,0,1,101866.39,0,3,324,France,Female,PLATINUM,0
579,59,3,148021.12,1,1,1,74878.22,0,2,360,Spain,Female,SILVER,0
747,41,9,0.0,1,1,0,32430.94,1,1,717,Spain,Male,PLATINUM,1
627,41,5,100880.76,1,0,1,134665.25,0,4,395,Spain,Male,GOLD,0
641,32,7,0.0,2,1,1,24267.28,0,4,652,Spain,Male,GOLD,0
788,57,8,93716.72,1,1,1,180150.49,1,1,696,Germany,Female,GOLD,1
590,31,8,112211.61,1,1,0,26261.42,0,3,820,France,Male,GOLD,0
790,26,4,141581.71,2,0,0,98309.27,0,3,320,France,Female,DIAMOND,0
606,35,2,132164.26,1,0,1,164815.59,0,3,331,France,Male,GOLD,0
712,53,6,134729.99,2,1,1,132702.64,0,2,856,Germany,Male,DIAMOND,0
850,36,7,0.0,1,1,1,40812.9,0,3,944,France,Male,GOLD,0
571,33,3,71843.15,1,1,0,26772.04,0,5,294,Germany,Male,DIAMOND,0
608,45,4,0.0,2,0,0,36697.48,1,1,796,Spain,Male,DIAMOND,1
687,41,10,134318.21,2,1,1,198064.52,0,4,402,Germany,Male,DIAMOND,0
684,63,3,81245.79,1,1,0,69643.31,1,2,870,Germany,Female,PLATINUM,1
557,42,6,177822.03,1,1,0,150944.31,1,3,513,France,Male,PLATINUM,1
776,31,5,0.0,2,1,0,92647.94,0,2,597,France,Female,DIAMOND,0
524,40,2,180516.9,1,1,0,180002.42,0,4,626,France,Male,GOLD,0
712,44,2,0.0,2,0,0,45738.94,0,5,334,Spain,Female,PLATINUM,0
603,31,1,129743.75,1,1,0,109145.2,0,1,664,France,Male,PLATINUM,0
575,26,7,0.0,2,1,0,112507.63,0,2,346,Spain,Female,PLATINUM,0
701,51,9,0.0,2,0,0,61961.57,0,2,577,France,Male,DIAMOND,0
715,31,2,112212.14,2,1,1,181600.72,0,5,641,France,Female,PLATINUM,0
551,52,1,0.0,1,0,0,63584.55,1,1,605,France,Male,PLATINUM,1
628,29,9,71996.29,1,1,1,34857.46,0,4,221,France,Female,DIAMOND,0
554,26,7,92606.86,2,1,0,192709.69,0,3,675,France,Female,SILVER,0
598,35,8,114212.6,1,1,1,74322.85,0,2,629,France,Male,PLATINUM,0
516,33,7,115195.58,1,1,1,11205.5,0,4,943,France,Male,DIAMOND,0
598,34,0,104488.17,1,0,1,43249.67,0,5,547,Spain,Male,SILVER,0
698,31,8,185078.26,1,0,0,115337.74,1,5,921,Spain,Female,GOLD,1
777,34,5,96693.66,1,1,1,172618.52,0,2,971,Germany,Female,SILVER,0
580,67,3,153946.14,1,1,1,7418.92,0,5,221,Spain,Male,PLATINUM,0
622,40,4,99799.76,2,1,0,197372.13,0,1,457,France,Male,DIAMOND,0
534,55,8,116973.26,3,1,0,122066.5,1,1,840,France,Female,PLATINUM,1
675,38,1,104016.88,1,0,0,22068.83,1,1,917,France,Female,DIAMOND,1
669,35,4,108269.2,2,1,0,174969.92,0,5,404,Germany,Female,DIAMOND,0
777,53,10,0.0,2,1,0,189992.97,0,2,306,France,Female,PLATINUM,0
774,49,1,142767.39,1,1,1,8214.41,0,1,572,France,Male,SILVER,0
676,30,1,128207.23,1,1,1,55400.17,0,2,523,France,Male,GOLD,0
651,45,1,0.0,1,1,0,67740.08,1,3,629,France,Male,SILVER,1
598,44,8,0.0,2,1,0,148487.9,0,4,909,Spain,Male,SILVER,0
695,23,1,0.0,2,1,1,141756.32,0,1,596,France,Female,GOLD,0
451,36,2,0.0,2,1,1,180142.42,0,1,465,France,Female,GOLD,0
564,42,7,99824.45,1,1,1,36721.4,0,1,563,France,Male,GOLD,0
791,42,10,113657.41,2,0,1,139946.68,1,1,634,Germany,Female,SILVER,1
685,31,7,122449.31,2,1,1,180769.55,0,5,946,Spain,Male,GOLD,0
765,44,6,0.0,2,1,1,159899.97,0,5,877,France,Male,SILVER,0
750,22,5,0.0,2,0,1,105125.65,0,5,950,France,Male,GOLD,0
727,47,7,0.0,2,1,0,193305.35,0,4,284,France,Male,PLATINUM,0
681,38,3,0.0,2,1,1,112491.96,0,1,861,France,Male,DIAMOND,0
641,26,4,91547.84,2,0,1,28157.34,0,2,712,France,Female,PLATINUM,0
639,60,5,162039.78,1,1,1,84361.72,1,4,295,France,Female,SILVER,1
738,29,9,139106.19,1,1,0,141872.05,1,5,615,Germany,Female,SILVER,1
559,28,3,141099.43,1,1,1,15607.27,0,3,328,France,Male,PLATINUM,0
569,42,9,146100.75,1,1,0,32574.01,1,2,812,Germany,Female,PLATINUM,1
544,26,6,0.0,1,1,0,100200.4,1,4,508,France,Female,SILVER,1
515,37,0,196853.62,1,1,1,132770.11,0,3,644,France,Female,PLATINUM,0
654,42,7,99263.09,1,1,1,67607.9,0,3,911,France,Male,SILVER,0
587,40,5,138241.9,2,1,0,159418.1,0,5,403,Germany,Male,SILVER,0
682,32,2,105163.88,2,1,1,164170.46,0,3,799,Germany,Male,DIAMOND,0
483,29,9,0.0,1,1,1,81634.45,0,5,239,France,Male,GOLD,0
727,36,6,140418.81,1,1,1,113033.73,1,3,357,Germany,Male,PLATINUM,1
498,44,2,120702.67,2,1,1,98175.74,0,3,556,Germany,Female,PLATINUM,0
781,42,3,156555.54,1,1,1,175674.01,0,3,977,France,Female,DIAMOND,0
540,25,5,116160.23,1,1,0,13411.67,0,5,906,France,Male,SILVER,0
648,50,9,102535.57,1,1,1,189543.19,0,5,332,France,Female,DIAMOND,0
668,43,1,147167.25,1,0,0,141679.73,0,1,431,Spain,Male,DIAMOND,0
654,29,4,96974.97,1,0,1,141404.07,0,2,342,France,Female,DIAMOND,0
643,51,2,105229.53,1,1,0,34967.75,1,2,848,France,Female,SILVER,1
762,19,6,0.0,2,1,0,55500.17,0,1,931,Spain,Female,DIAMOND,0
697,42,9,132739.26,2,0,0,174667.65,0,1,222,France,Male,PLATINUM,0
588,36,2,0.0,2,1,0,92536.0,1,3,343,France,Female,DIAMOND,1
727,52,1,154733.97,1,1,0,80259.67,1,3,786,Spain,Female,DIAMOND,1
542,38,8,65942.26,1,1,1,68093.23,1,4,258,France,Male,PLATINUM,1
622,52,9,111973.97,1,1,1,162756.29,1,2,918,Germany,Female,GOLD,1
611,53,3,83568.26,1,0,0,1235.49,0,4,765,France,Male,GOLD,0
621,39,6,0.0,2,1,1,58883.91,0,1,502,France,Male,SILVER,0
524,32,1,144875.71,1,0,0,187740.04,0,1,606,France,Male,DIAMOND,0
700,34,2,76322.69,1,1,0,128136.29,0,1,479,France,Female,DIAMOND,0
600,27,3,0.0,2,0,1,125698.97,0,3,339,France,Female,PLATINUM,0
706,42,9,0.0,2,1,1,28714.34,0,4,361,Spain,Male,PLATINUM,0
731,49,4,88826.07,1,1,1,33759.41,1,2,489,Germany,Female,DIAMOND,1
712,79,5,108078.56,1,1,1,174118.93,0,2,583,Spain,Female,GOLD,0
551,42,2,139561.46,1,1,0,43435.43,1,5,528,France,Male,GOLD,1
571,38,6,107193.82,2,0,0,38962.94,0,4,670,France,Female,PLATINUM,0
554,39,10,160132.75,1,1,0,32824.15,0,5,981,France,Female,GOLD,0
706,29,6,185544.36,1,1,0,171037.63,0,2,546,Germany,Female,GOLD,0
536,22,5,89492.62,1,0,0,42934.43,0,2,231,France,Female,DIAMOND,0
682,41,6,0.0,2,0,1,134158.09,1,1,826,France,Male,DIAMOND,1
704,33,3,0.0,2,1,0,73018.74,0,4,697,Spain,Male,GOLD,0
730,34,5,122453.37,2,1,0,138882.98,0,4,822,France,Male,DIAMOND,0
599,33,4,51690.89,1,1,0,111622.76,1,4,811,Spain,Male,DIAMOND,1
665,42,2,156371.61,2,0,1,156774.94,1,3,553,Spain,Female,DIAMOND,1
594,37,2,0.0,2,0,1,95864.5,0,4,303,France,Male,DIAMOND,0
501,29,8,0.0,2,1,0,112664.24,0,5,222,France,Female,SILVER,0
586,38,2,136858.42,1,0,1,189143.94,0,2,840,Germany,Male,DIAMOND,0
654,35,2,90865.8,1,1,1,86764.46,0,5,647,France,Female,GOLD,0
583,47,5,102562.23,1,1,0,92708.1,0,3,948,Spain,Male,SILVER,0
653,31,9,143321.97,1,1,0,83679.46,0,3,495,Germany,Male,DIAMOND,0
625,26,3,130483.95,1,1,0,122810.53,0,3,343,Germany,Male,PLATINUM,0
666,74,7,105102.5,1,1,1,46172.47,0,2,832,Germany,Male,DIAMOND,0
703,38,9,99167.54,1,1,0,65720.92,0,4,786,Germany,Female,GOLD,0
577,42,9,0.0,1,1,0,74077.91,0,3,897,France,Male,SILVER,0
644,32,3,136659.74,1,1,1,14187.78,0,3,543,Spain,Male,SILVER,0
657,27,8,0.0,2,0,0,6468.24,0,2,354,Spain,Female,GOLD,0
613,37,3,171653.17,1,0,1,5353.12,0,4,512,Spain,Male,DIAMOND,0
632,42,4,126115.6,1,1,0,100998.5,0,2,572,France,Male,GOLD,0
690,26,2,0.0,2,1,1,93255.85,0,3,568,Spain,Female,GOLD,0
516,32,3,145166.09,2,0,0,111421.45,0,2,528,Germany,Male,DIAMOND,0
573,40,7,147754.68,1,1,1,110454.46,0,4,319,France,Male,PLATINUM,0
757,30,6,105128.85,2,1,1,62972.13,0,2,871,Germany,Male,DIAMOND,0
741,36,8,116993.43,2,1,0,168816.22,0,3,612,Germany,Male,SILVER,0
580,37,9,0.0,2,0,1,77108.66,0,1,537,France,Male,DIAMOND,0
721,36,1,155176.83,2,1,1,49653.37,0,5,667,France,Male,SILVER,0
577,35,5,110080.3,1,1,1,109794.31,0,4,407,Spain,Male,PLATINUM,0
555,37,9,124969.13,1,1,0,60194.05,0,2,904,France,Male,GOLD,0
712,34,8,114088.32,1,1,0,92794.61,0,4,319,France,Male,DIAMOND,0
719,36,3,155423.17,1,1,1,199841.32,0,2,374,France,Male,SILVER,0
775,52,8,109922.61,1,1,1,96823.32,1,4,347,France,Male,SILVER,1
623,35,5,0.0,2,1,0,101192.08,0,2,311,France,Female,DIAMOND,0
600,36,4,0.0,2,1,0,143635.36,0,1,767,Spain,Male,GOLD,0
652,34,6,97435.85,2,1,1,104331.76,0,5,604,France,Female,SILVER,0
627,55,2,159441.27,1,1,0,100686.11,1,3,485,France,Female,DIAMOND,1
847,51,5,97565.74,1,0,0,144184.06,1,3,530,France,Male,PLATINUM,1
682,48,7,0.0,2,1,0,65069.03,0,5,936,France,Female,GOLD,0
605,41,10,0.0,2,0,1,97213.09,0,5,411,France,Male,DIAMOND,0
577,39,4,0.0,2,1,0,91366.42,0,5,456,Spain,Female,GOLD,0
731,38,10,123711.73,2,1,0,171340.68,1,1,361,France,Female,DIAMOND,1
656,36,8,97786.08,2,0,1,21478.36,0,3,662,France,Male,PLATINUM,0
589,27,4,0.0,2,1,0,144181.48,0,2,908,Spain,Female,GOLD,0
814,49,8,0.0,2,0,0,157822.54,0,3,539,France,Male,GOLD,0
793,33,0,0.0,1,0,0,175544.02,0,4,987,France,Female,GOLD,0
651,41,1,90218.11,1,1,0,174337.68,0,5,343,Germany,Male,PLATINUM,0
708,23,4,71433.08,1,1,0,103697.57,0,2,455,Germany,Female,SILVER,0
757,38,0,0.0,1,1,0,83263.06,0,1,537,France,Male,PLATINUM,0
730,33,7,130367.87,1,1,0,15142.1,1,2,910,Germany,Female,GOLD,1
850,31,6,82613.56,2,1,0,149170.92,0,2,791,Spain,Male,DIAMOND,0
638,48,2,0.0,2,1,1,7919.08,0,1,674,Spain,Male,DIAMOND,0
604,71,2,0.0,2,1,1,49506.82,0,2,687,France,Female,DIAMOND,0
430,38,8,153058.64,1,1,0,99377.27,0,2,393,Germany,Female,SILVER,0
573,46,3,65269.23,1,0,1,189988.65,1,4,521,Spain,Male,GOLD,1
553,39,1,142876.98,2,1,0,44363.42,0,4,649,Spain,Female,PLATINUM,0
485,21,5,113157.22,1,1,1,54141.5,0,4,764,Spain,Female,GOLD,0
540,31,7,0.0,1,0,1,183051.6,1,1,457,France,Female,GOLD,1
665,41,8,0.0,2,1,0,132152.32,0,2,251,Spain,Male,GOLD,0
630,39,10,105473.74,1,0,0,58854.88,1,5,787,Spain,Male,PLATINUM,1
712,49,5,154776.42,2,0,0,196257.68,0,3,822,Germany,Female,PLATINUM,0
492,49,8,0.0,1,1,1,182865.09,1,5,485,France,Female,PLATINUM,1
835,38,7,86824.09,1,0,0,175905.97,0,2,348,Spain,Male,GOLD,0
698,64,1,169362.43,1,1,0,84760.32,1,2,841,Germany,Female,SILVER,1
625,37,1,177069.24,2,1,1,96088.54,0,5,446,France,Male,GOLD,0
690,47,2,0.0,2,1,0,151375.73,0,2,289,France,Male,PLATINUM,0
795,32,2,117265.21,1,1,1,198317.23,0,2,333,France,Male,PLATINUM,0
759,46,2,0.0,1,1,1,138380.11,0,3,291,France,Female,PLATINUM,0
781,48,9,82794.18,1,1,0,124720.68,1,5,834,Germany,Female,DIAMOND,1
600,37,1,142663.46,1,0,1,88669.89,0,3,917,France,Male,SILVER,0
777,42,5,147531.82,1,1,1,38819.45,0,3,498,France,Female,DIAMOND,0
733,34,3,100337.96,3,1,0,48559.19,1,4,759,Germany,Male,PLATINUM,1
834,40,7,0.0,2,0,0,45038.74,0,1,886,Spain,Male,DIAMOND,0
667,37,5,92171.35,3,1,0,178106.34,1,2,641,Germany,Female,DIAMOND,1
726,30,7,92847.59,1,1,0,146154.06,0,5,361,Germany,Male,DIAMOND,0
477,30,6,131286.46,1,1,0,194144.45,0,2,325,France,Female,DIAMOND,0
743,41,7,0.0,1,1,0,163736.09,1,2,832,Spain,Male,PLATINUM,1
842,44,2,112652.08,2,1,0,126644.98,0,5,939,Spain,Female,DIAMOND,0
621,31,8,100375.39,1,1,1,90384.26,0,5,467,Germany,Female,DIAMOND,0
530,37,8,0.0,2,1,1,287.99,0,4,605,France,Male,DIAMOND,0
652,31,1,132862.59,1,0,0,158054.49,0,1,921,Spain,Male,GOLD,0
598,38,1,101487.18,1,1,1,75959.1,1,1,468,Germany,Male,SILVER,1
729,44,5,0.0,2,0,1,9200.54,0,4,685,France,Male,GOLD,0
710,23,6,0.0,2,1,1,134188.11,0,4,416,Spain,Male,SILVER,0
681,36,5,141952.07,1,1,1,185144.08,0,5,385,France,Male,SILVER,0
676,64,4,116954.32,1,1,1,91149.48,0,2,855,Spain,Female,GOLD,0
758,32,4,162657.64,2,1,1,115525.13,0,2,708,Germany,Male,GOLD,0
523,26,4,0.0,2,1,0,185488.81,0,3,602,France,Female,DIAMOND,0
759,30,4,101802.67,1,0,0,8693.8,0,3,790,Germany,Male,GOLD,0
523,35,8,138782.76,1,1,1,186118.93,0,4,249,Germany,Male,DIAMOND,0
758,34,3,0.0,2,1,1,124226.16,0,2,375,France,Female,PLATINUM,0
497,27,7,149400.27,1,0,0,167522.19,0,4,423,Spain,Male,GOLD,0
584,35,3,146311.58,1,1,1,105443.47,0,1,292,France,Male,GOLD,0
430,66,6,135392.31,2,1,1,172852.06,1,1,886,Germany,Female,DIAMOND,1
776,39,2,104349.45,1,0,0,79503.05,0,2,995,Spain,Male,DIAMOND,0
770,46,5,141788.63,2,0,0,164967.21,0,5,791,Germany,Female,PLATINUM,0
738,44,2,0.0,2,1,0,43018.82,1,5,546,Spain,Male,PLATINUM,1
688,26,8,146133.39,1,1,1,175296.76,0,4,866,Germany,Male,PLATINUM,0
730,27,7,0.0,2,1,0,144099.48,0,1,833,France,Female,SILVER,0
633,29,7,169988.35,1,1,0,4272.0,0,3,613,France,Female,DIAMOND,0
713,47,1,0.0,1,1,0,107825.08,1,5,571,Spain,Female,DIAMOND,1
835,29,10,130420.2,2,0,0,106276.55,0,5,349,Germany,Female,DIAMOND,0
580,57,0,136820.99,1,0,1,108528.74,0,5,419,Spain,Female,GOLD,0
547,49,8,121537.71,2,1,0,46521.45,1,2,227,Germany,Male,DIAMOND,1
528,39,0,127631.62,1,0,1,22197.8,1,4,654,Germany,Male,PLATINUM,1
715,38,2,96798.79,2,1,1,4554.67,0,2,294,Spain,Male,SILVER,0
630,50,1,81947.76,1,0,1,63606.22,1,1,912,France,Male,GOLD,1
507,29,6,0.0,2,0,1,94780.9,0,2,284,Spain,Female,DIAMOND,0
703,32,6,0.0,2,0,0,33606.52,0,3,639,France,Female,PLATINUM,0
745,47,5,0.0,2,0,0,145789.71,0,1,637,France,Male,PLATINUM,0
718,48,9,0.0,2,1,1,72105.63,0,2,573,France,Male,DIAMOND,0
588,59,4,0.0,2,1,1,27435.41,0,3,330,Spain,Male,SILVER,0
712,29,7,147199.07,1,1,1,84932.4,0,3,886,Germany,Female,SILVER,0
507,40,3,120105.43,1,1,0,92075.01,1,5,787,Germany,Male,PLATINUM,1
596,34,4,99441.21,2,0,1,4802.27,0,1,873,Germany,Male,GOLD,0
679,42,2,0.0,1,1,1,168294.27,0,2,501,Spain,Male,GOLD,0
719,40,9,0.0,2,1,0,182224.14,0,1,238,Spain,Female,GOLD,0
697,33,1,87347.7,1,1,0,172524.51,0,5,942,France,Female,PLATINUM,0
664,54,8,0.0,1,1,1,162719.69,1,5,742,France,Male,SILVER,1
679,40,7,0.0,2,1,1,163757.29,0,2,610,Spain,Female,GOLD,0
835,23,9,0.0,1,1,0,19793.73,1,4,955,France,Male,SILVER,1
509,18,7,102983.91,1,1,0,171770.58,0,5,434,France,Male,DIAMOND,0
696,40,3,153639.11,1,1,1,138351.68,0,1,908,Spain,Male,DIAMOND,0
694,31,4,141989.27,2,1,0,26116.82,0,4,753,Germany,Male,PLATINUM,0
748,41,2,91621.69,1,1,1,71139.31,0,5,896,France,Female,SILVER,0
645,25,1,157404.02,2,1,0,93073.04,0,4,855,Germany,Male,DIAMOND,0
621,31,7,136658.61,1,1,1,148689.13,0,4,564,France,Male,GOLD,0
653,25,2,158266.42,3,1,1,199357.24,0,4,630,Germany,Female,GOLD,0
602,49,0,191808.73,1,0,0,97640.2,0,2,538,France,Male,DIAMOND,0
601,33,7,114430.18,2,1,1,153012.13,0,2,976,Germany,Female,SILVER,0
573,41,5,0.0,2,0,1,14479.29,0,3,508,Spain,Male,GOLD,0
710,62,3,131078.42,2,1,0,119348.76,1,2,517,Spain,Male,PLATINUM,1
805,39,5,165272.13,1,1,0,14109.85,1,3,317,Spain,Female,SILVER,1
726,28,2,0.0,1,0,0,98060.51,0,1,983,France,Male,SILVER,0
794,41,7,176845.41,3,1,0,166526.26,1,5,226,France,Female,GOLD,1
648,37,7,138503.51,2,1,0,57215.85,0,4,470,Germany,Female,PLATINUM,0
545,33,1,132527.9,2,0,1,107429.71,0,5,898,Germany,Male,SILVER,0
638,39,0,122501.28,2,1,1,95007.8,0,1,492,Germany,Female,GOLD,0
664,26,7,116244.14,2,1,1,95145.14,0,2,837,Germany,Male,GOLD,0
824,38,3,0.0,2,1,0,192800.25,0,5,340,Spain,Female,PLATINUM,0
596,47,5,140187.1,2,1,1,174311.3,0,1,281,Germany,Male,PLATINUM,0
673,39,7,82255.51,2,1,0,109545.56,0,4,984,France,Male,PLATINUM,0
503,37,8,0.0,2,1,1,97893.32,0,1,564,France,Female,DIAMOND,0
567,41,1,0.0,2,1,0,3414.72,0,5,684,Spain,Female,SILVER,0
622,26,8,0.0,2,1,1,124964.82,0,1,471,Spain,Female,SILVER,0
672,28,6,0.0,1,0,1,8814.69,0,3,629,France,Female,PLATINUM,0
515,58,2,131852.81,1,1,0,81436.68,1,1,929,France,Female,SILVER,1
675,61,5,62055.17,3,1,0,166305.16,1,4,716,France,Female,PLATINUM,1
557,57,1,120043.13,1,1,0,132370.75,1,1,954,Germany,Male,GOLD,1
791,52,7,0.0,1,1,1,122782.5,0,2,450,France,Female,DIAMOND,0
651,47,2,0.0,2,1,1,119808.64,0,5,758,Spain,Male,PLATINUM,0
567,54,9,96402.96,1,0,0,52035.29,1,1,376,France,Male,PLATINUM,1
699,36,6,147137.74,1,1,1,33687.9,0,5,504,Germany,Male,PLATINUM,0
504,32,8,170291.22,2,0,1,15658.99,0,2,391,Germany,Male,GOLD,0
742,35,5,136857.0,1,0,0,84509.57,0,4,823,Germany,Male,GOLD,0
579,36,9,129829.59,1,1,1,60906.12,0,5,725,France,Male,GOLD,0
528,23,7,104744.89,1,1,0,170262.97,0,5,517,Spain,Male,GOLD,0
717,64,10,98362.35,2,1,1,21630.21,0,1,682,Germany,Female,SILVER,0
706,38,5,163034.82,2,1,1,135662.17,0,3,826,Germany,Male,DIAMOND,0
618,54,4,118449.21,1,1,1,133573.29,1,1,534,Germany,Female,SILVER,1
796,51,6,0.0,2,0,1,194733.28,0,1,804,France,Male,PLATINUM,0
502,33,7,0.0,2,0,1,4082.52,0,2,959,France,Male,SILVER,0
539,37,2,127609.59,1,1,0,98646.22,0,1,620,France,Male,DIAMOND,0
525,23,5,0.0,2,1,0,160249.1,0,1,225,France,Female,PLATINUM,0
619,44,3,116967.68,1,1,0,5075.17,1,5,716,France,Male,DIAMOND,1
665,28,8,137300.23,1,1,0,90174.83,0,4,638,France,Male,GOLD,0
831,44,10,0.0,1,0,1,47729.33,0,2,924,Spain,Female,GOLD,0
758,34,1,154139.45,1,1,1,60728.89,0,1,533,France,Female,PLATINUM,0
517,62,1,43772.66,3,1,0,187756.24,1,1,590,France,Male,SILVER,1
736,54,7,111729.47,2,0,1,84920.49,0,3,421,France,Male,PLATINUM,0
567,35,8,153137.74,1,1,0,88659.07,0,2,549,Spain,Male,PLATINUM,0
730,62,2,0.0,2,1,1,162889.1,0,3,540,Spain,Female,GOLD,0
684,41,6,135203.81,2,1,1,121967.88,0,3,682,France,Female,DIAMOND,0
608,28,9,0.0,2,1,1,125062.02,0,4,397,France,Female,GOLD,0
638,33,5,129335.65,1,1,1,56585.2,1,4,899,Germany,Female,DIAMOND,1
761,33,6,138053.79,2,1,0,148779.41,0,1,985,France,Female,PLATINUM,0
539,38,8,82407.51,1,1,0,13123.41,0,2,327,Germany,Female,SILVER,0
614,37,6,96340.81,2,1,1,139377.24,1,2,662,Germany,Female,DIAMOND,1
538,32,2,0.0,1,1,1,80130.54,0,3,559,France,Female,PLATINUM,0
642,41,7,115171.71,1,1,1,37674.47,0,2,915,France,Female,GOLD,0
618,40,0,0.0,1,1,0,119059.13,0,5,837,France,Female,GOLD,0
680,34,3,143292.95,1,1,0,66526.01,0,1,694,France,Male,SILVER,0
553,25,7,128524.19,2,1,0,20682.46,0,5,941,Germany,Female,PLATINUM,0
678,26,5,111128.04,1,1,0,60941.27,1,5,292,France,Male,SILVER,1
741,52,1,171236.3,2,0,0,21834.4,1,5,332,France,Male,PLATINUM,1
757,44,9,0.0,2,1,0,177528.92,0,3,579,Spain,Female,GOLD,0
727,26,9,121508.28,1,1,1,146785.44,0,1,253,France,Female,PLATINUM,0
758,42,7,0.0,2,0,1,76209.56,0,2,430,France,Female,SILVER,0
612,33,0,64900.32,2,1,0,102426.12,0,3,955,France,Female,PLATINUM,0
806,31,10,138653.51,1,1,0,190803.37,0,3,662,Germany,Male,GOLD,0
470,48,6,140576.11,1,1,1,116971.05,0,2,296,Spain,Female,DIAMOND,0
671,48,8,115713.84,2,0,0,83210.84,0,2,759,France,Female,PLATINUM,0
689,55,4,0.0,2,1,1,58442.25,0,2,977,Spain,Female,PLATINUM,0
731,46,10,0.0,2,1,0,153015.42,0,2,416,Spain,Male,GOLD,0
697,48,2,108128.96,2,1,1,103944.37,0,3,980,Germany,Female,SILVER,0
681,34,7,0.0,2,0,0,130686.59,0,4,742,France,Male,DIAMOND,0
470,25,8,127974.06,2,1,1,183259.35,0,3,360,France,Female,DIAMOND,0
780,33,6,145580.61,1,1,1,154598.56,0,4,610,Spain,Female,GOLD,0
510,52,6,191665.21,1,1,1,131312.56,1,4,297,France,Female,SILVER,1
746,24,10,68781.82,1,0,1,47997.39,0,1,282,Spain,Male,SILVER,0
673,34,8,42157.08,1,1,0,20598.59,1,2,611,France,Female,SILVER,1
527,58,3,137318.42,1,1,1,126144.96,0,4,379,Germany,Male,PLATINUM,0
661,44,1,141136.62,1,1,0,189742.78,1,2,362,Germany,Male,DIAMOND,1
659,31,4,118342.26,1,0,0,161574.19,0,3,391,France,Male,SILVER,0
698,50,1,0.0,4,1,0,88566.9,1,3,341,Spain,Female,PLATINUM,1
697,25,4,165686.11,2,1,0,15467.98,0,5,694,France,Female,DIAMOND,0
755,38,1,82083.52,1,0,1,10333.78,0,4,447,Germany,Female,DIAMOND,0
554,45,4,0.0,2,1,1,193412.05,0,2,957,Spain,Female,PLATINUM,0
720,23,0,187861.18,2,1,1,104120.17,0,4,664,Germany,Male,GOLD,0
582,25,9,148042.97,2,1,0,52341.15,0,5,310,Spain,Male,DIAMOND,0
612,42,5,141927.1,1,1,1,43018.98,0,5,299,Germany,Male,GOLD,0
451,31,7,140931.82,1,0,1,20388.77,0,5,458,France,Female,PLATINUM,0
519,36,9,0.0,2,0,1,145562.4,0,2,833,France,Male,PLATINUM,0
767,35,2,0.0,2,0,0,144251.38,0,4,348,France,Female,PLATINUM,0
847,35,5,111743.43,1,1,1,183584.14,0,5,547,Germany,Female,GOLD,0
712,37,1,106881.5,2,0,0,169386.81,0,2,275,France,Female,PLATINUM,0
611,61,3,131583.59,4,0,1,66238.23,1,3,755,France,Female,PLATINUM,1
643,34,3,83132.09,1,1,1,21360.88,0,2,893,Spain,Male,DIAMOND,0
474,26,6,0.0,2,0,0,152491.22,0,3,316,France,Male,PLATINUM,0
850,36,3,169025.83,1,1,0,174235.06,0,4,492,Germany,Female,GOLD,0
718,31,0,118100.59,2,1,0,103165.15,0,4,870,France,Female,GOLD,0
548,36,2,108913.84,2,1,1,140460.01,0,4,800,Germany,Female,SILVER,0
595,32,0,92466.21,1,1,0,4721.3,0,2,238,Germany,Female,PLATINUM,0
550,62,7,80927.56,1,0,1,64490.67,0,5,679,Spain,Male,GOLD,0
689,40,2,0.0,2,1,1,164768.82,0,4,490,Spain,Male,GOLD,0
637,36,10,145750.45,2,1,1,96660.76,0,1,407,Germany,Female,DIAMOND,0
669,26,4,0.0,2,1,1,197594.34,0,2,829,France,Male,GOLD,0
660,35,7,0.0,2,1,0,13218.6,0,5,759,France,Male,GOLD,0
726,51,8,107494.86,2,1,0,140937.91,1,2,794,Germany,Female,PLATINUM,1
715,38,0,0.0,2,1,1,332.81,0,2,493,France,Female,DIAMOND,0
637,55,1,123378.2,1,1,0,81431.99,1,3,525,Germany,Female,DIAMOND,1
520,35,4,115680.81,1,1,1,90280.7,0,5,275,Spain,Female,PLATINUM,0
725,66,4,86459.8,1,1,1,141476.56,0,5,279,France,Male,DIAMOND,0
678,55,5,0.0,1,0,1,196794.11,1,5,222,France,Female,GOLD,1
821,42,3,87807.29,2,1,1,64613.81,0,2,716,Germany,Male,SILVER,0
665,32,10,0.0,1,1,1,22487.45,0,4,709,Spain,Female,PLATINUM,0
521,39,6,0.0,2,0,1,27375.15,0,5,843,France,Female,GOLD,0
850,39,4,127771.35,2,0,1,151738.54,0,4,404,France,Male,PLATINUM,0
658,40,7,140596.95,1,0,1,135459.02,1,2,411,France,Female,DIAMOND,1
753,32,6,177729.13,1,1,1,161642.08,0,3,987,France,Male,SILVER,0
652,40,4,79927.36,2,1,1,33524.6,0,5,640,France,Female,SILVER,0
674,37,3,0.0,1,1,0,158049.9,0,1,716,France,Male,GOLD,0
587,44,5,125584.17,2,1,1,41852.24,1,5,228,Germany,Female,SILVER,1
652,37,9,145219.3,1,1,0,159132.83,0,4,910,Germany,Female,PLATINUM,0
617,34,1,61687.33,2,1,0,105965.25,0,4,419,France,Male,DIAMOND,0
600,37,4,0.0,3,1,0,7312.25,1,3,264,France,Female,PLATINUM,1
742,35,2,79126.17,1,1,1,126997.53,0,3,974,France,Female,DIAMOND,0
709,32,7,0.0,2,1,1,199418.02,0,5,529,France,Female,GOLD,0
710,33,10,118327.17,2,1,1,192928.82,0,1,809,France,Male,GOLD,0
757,57,3,89079.41,1,1,1,53179.21,1,4,789,France,Male,DIAMOND,1
571,40,10,112896.86,1,1,1,121402.53,0,2,305,France,Male,GOLD,0
526,50,5,124233.24,1,0,1,159456.87,1,5,577,Germany,Male,SILVER,1
473,48,8,0.0,2,1,0,71139.8,0,4,304,Spain,Male,SILVER,0
717,28,1,90537.16,1,0,1,74800.99,0,3,448,France,Female,GOLD,0
632,41,8,127205.32,4,1,0,93874.87,1,1,658,Germany,Male,SILVER,1
675,29,8,121326.42,1,1,0,133457.52,0,2,329,Germany,Female,SILVER,0
642,34,8,0.0,1,1,0,72085.1,0,3,323,Spain,Male,GOLD,0
733,48,5,0.0,1,0,1,117830.57,0,1,674,France,Male,DIAMOND,0
502,64,3,139663.37,1,0,1,100995.11,0,4,691,France,Female,GOLD,0
731,26,3,0.0,2,1,0,37697.29,0,5,271,Spain,Female,DIAMOND,0
785,41,7,0.0,2,1,1,199108.88,0,5,681,Spain,Male,SILVER,0
850,37,9,122506.38,1,0,1,199693.84,1,2,229,Germany,Male,PLATINUM,1
723,38,6,0.0,2,1,1,94415.6,0,2,500,Spain,Male,PLATINUM,0
777,37,10,121532.17,2,1,1,73464.88,0,4,440,Germany,Female,SILVER,0
845,28,9,0.0,2,1,1,56185.98,0,5,243,France,Female,SILVER,0
751,54,9,156367.6,2,0,1,116179.92,0,1,676,Germany,Male,SILVER,0
540,67,1,88382.01,1,0,1,59457.0,0,4,409,Spain,Male,GOLD,0
727,32,1,59271.82,1,1,1,46019.43,0,2,973,France,Male,DIAMOND,0
736,63,10,0.0,2,0,1,502.7,0,4,663,France,Female,SILVER,0
757,36,7,144852.06,1,0,0,130861.95,0,2,575,France,Male,SILVER,0
662,29,5,147092.65,1,1,0,10928.3,0,1,495,France,Male,GOLD,0
677,28,0,143988.0,2,1,0,8755.69,1,4,658,Germany,Male,PLATINUM,1
506,50,3,0.0,2,1,0,12016.79,0,3,295,Spain,Male,DIAMOND,0
625,41,6,97663.16,2,1,0,57128.78,0,4,688,France,Male,DIAMOND,0
631,29,7,0.0,2,0,1,125877.22,0,3,617,France,Male,DIAMOND,0
850,33,0,124781.67,1,0,1,33700.52,0,3,357,France,Male,DIAMOND,0
732,29,1,154333.82,1,1,1,138527.56,0,4,599,Germany,Female,GOLD,0
428,62,1,107735.93,1,0,1,58381.77,0,4,398,France,Female,DIAMOND,0
722,32,4,0.0,2,1,1,113666.48,0,4,630,Spain,Female,SILVER,0
601,42,1,98495.72,1,1,0,40014.76,1,2,225,Germany,Male,DIAMOND,1
607,21,0,0.0,2,1,0,116106.52,0,1,324,France,Female,DIAMOND,0
726,33,7,99046.31,2,1,1,56053.06,0,3,445,Germany,Female,PLATINUM,0
592,38,8,0.0,2,1,0,180426.2,0,2,588,Spain,Male,GOLD,0
581,37,7,0.0,2,1,1,74320.75,0,1,754,France,Male,SILVER,0
613,50,5,101242.98,2,1,0,12493.61,0,4,574,Germany,Female,PLATINUM,0
581,31,6,0.0,2,1,0,188377.21,0,1,644,Spain,Female,SILVER,0
850,38,7,101985.81,2,0,0,43801.27,0,1,493,Germany,Male,SILVER,0
674,36,6,100762.64,1,1,0,182156.86,0,3,397,Germany,Female,PLATINUM,0
699,37,10,0.0,2,0,0,83263.04,0,1,388,France,Male,DIAMOND,0
705,48,1,156848.13,2,1,1,99475.95,1,4,240,Germany,Female,SILVER,1
653,38,9,149571.94,1,1,0,118383.18,0,1,896,Spain,Female,SILVER,0
850,37,4,126872.6,1,1,0,197266.58,0,1,951,France,Male,DIAMOND,0
655,78,2,0.0,2,0,1,188435.38,0,5,975,Spain,Female,SILVER,0
684,41,2,119782.72,2,0,0,120284.67,0,2,935,Spain,Male,GOLD,0
626,33,8,0.0,2,1,0,138504.28,0,4,331,France,Male,PLATINUM,0
739,27,8,98926.4,1,1,1,106969.98,0,2,474,Spain,Female,GOLD,0
707,37,1,0.0,2,0,1,6035.51,0,2,788,France,Male,GOLD,0
556,42,0,115915.53,2,0,1,125435.47,1,5,569,Germany,Male,DIAMOND,1
676,38,8,0.0,2,1,1,133692.88,0,2,864,France,Male,DIAMOND,0
775,70,6,119684.88,2,1,1,74532.02,0,1,237,Germany,Male,GOLD,0
562,45,6,136855.24,1,1,0,46864.0,0,4,942,France,Male,SILVER,0
429,39,6,48023.83,1,1,0,74870.99,0,3,659,France,Female,GOLD,0
789,33,8,151607.56,1,1,0,4389.4,0,4,513,Germany,Male,SILVER,0
484,50,2,90408.16,2,0,0,48170.57,0,5,959,France,Female,GOLD,0
567,40,4,118628.8,1,0,0,91973.63,0,1,892,Spain,Male,PLATINUM,0
584,35,9,0.0,2,1,0,192381.21,0,3,490,France,Male,GOLD,0
648,28,8,90371.09,1,1,1,146851.73,0,4,842,Germany,Female,PLATINUM,0
436,45,3,104339.11,2,1,1,183540.22,1,3,304,Germany,Male,DIAMOND,1
670,31,2,57530.06,1,1,1,181893.31,1,1,839,France,Female,PLATINUM,1
706,34,8,0.0,2,1,1,37479.97,0,1,798,France,Male,DIAMOND,0
603,46,2,0.0,2,1,1,59563.49,0,5,541,France,Male,SILVER,0
768,26,5,51116.26,1,1,1,70454.79,1,4,992,France,Female,PLATINUM,1
625,51,7,136294.97,1,1,0,38867.46,1,1,833,France,Female,PLATINUM,1
790,26,5,0.0,1,1,0,20510.79,0,2,426,France,Male,SILVER,0
630,53,5,138053.67,1,0,1,114110.97,0,1,536,France,Male,GOLD,0
563,34,6,139810.34,1,1,1,152417.79,0,5,254,France,Female,DIAMOND,0
813,30,1,116416.94,1,0,1,85808.22,0,1,892,Germany,Male,DIAMOND,0
763,67,9,148564.66,1,0,1,87236.4,0,1,595,Spain,Male,PLATINUM,0
743,36,8,92716.96,1,1,1,33693.78,0,5,338,Spain,Female,SILVER,0
721,57,1,0.0,1,1,1,195940.96,0,4,226,Spain,Male,PLATINUM,0
618,32,5,133476.09,1,0,1,154843.4,0,2,734,Spain,Male,SILVER,0
614,44,6,0.0,2,0,1,104930.46,0,3,371,France,Male,GOLD,0
697,31,3,108805.42,2,0,1,123825.83,0,1,342,Germany,Male,DIAMOND,0
543,71,1,104308.77,1,1,1,25650.04,0,5,710,France,Female,DIAMOND,0
841,41,1,0.0,2,0,1,193093.77,0,5,842,Spain,Male,SILVER,0
780,76,10,121313.88,1,0,1,64872.33,0,3,908,France,Male,DIAMOND,0
681,30,2,128393.29,1,1,1,180593.45,0,1,906,Spain,Male,SILVER,0
603,31,4,0.0,2,0,1,9607.1,0,4,296,France,Male,GOLD,0
506,57,6,0.0,2,0,1,194421.12,1,2,844,France,Female,DIAMOND,1
760,34,2,0.0,2,1,0,164162.44,0,4,814,France,Male,SILVER,0
678,40,1,0.0,2,1,1,187343.4,0,3,505,France,Male,PLATINUM,0
774,40,9,93017.47,2,1,0,191608.97,0,1,354,France,Male,GOLD,1
791,31,1,130240.33,1,0,0,96546.55,0,1,608,Germany,Male,GOLD,0
754,65,1,136186.44,1,1,1,121529.59,1,4,413,Germany,Male,SILVER,1
592,31,7,124593.23,1,1,0,86079.67,0,2,326,Germany,Male,DIAMOND,0
680,44,3,0.0,2,1,0,86935.08,0,5,254,France,Male,SILVER,0
639,35,10,128173.9,2,1,0,59093.39,0,3,452,Germany,Male,PLATINUM,0
649,36,6,86607.39,1,0,0,19825.09,0,3,998,Spain,Female,PLATINUM,0
850,30,6,86449.39,1,1,1,188809.23,0,2,755,France,Male,GOLD,0
627,25,4,0.0,1,1,1,194313.93,0,5,992,Spain,Female,SILVER,0
606,31,10,0.0,2,1,0,195209.4,0,3,992,France,Male,DIAMOND,0
761,36,9,127637.92,1,1,1,81062.93,0,2,860,France,Male,GOLD,0
769,60,9,148846.39,1,1,0,192831.67,1,5,310,Germany,Male,GOLD,1
670,35,2,79585.96,1,0,1,198802.9,0,1,817,Germany,Female,PLATINUM,0
630,21,1,85818.18,1,1,1,133102.3,0,2,374,Spain,Female,DIAMOND,0
769,34,7,137239.17,1,1,1,71379.92,1,2,485,Germany,Female,SILVER,1
563,26,7,0.0,2,0,0,6139.74,0,4,743,Spain,Male,DIAMOND,0
652,58,6,0.0,2,0,1,170025.43,0,2,596,Spain,Male,DIAMOND,0
772,48,6,108736.52,1,1,0,184564.67,1,4,811,Germany,Female,GOLD,1
740,36,4,109044.6,1,0,0,94554.74,1,2,887,Germany,Female,DIAMOND,1
687,72,4,0.0,2,1,1,50267.69,0,3,595,Spain,Female,GOLD,0
439,52,3,96196.24,4,1,0,198874.52,1,1,397,Spain,Male,GOLD,1
676,20,1,80569.73,1,0,0,68621.98,0,3,381,France,Male,DIAMOND,0
506,41,3,57745.76,1,1,0,4035.46,0,1,908,Germany,Female,SILVER,0
612,42,10,75497.51,1,0,0,149682.78,0,2,240,France,Female,DIAMOND,0
746,30,1,112666.67,1,0,0,11710.4,1,1,585,Spain,Male,DIAMOND,1
664,41,5,0.0,1,1,1,152054.33,0,5,550,France,Female,PLATINUM,0
686,41,7,102749.72,1,0,1,194913.86,0,2,561,Spain,Male,DIAMOND,0
839,51,3,0.0,1,1,1,69101.23,1,5,704,France,Female,PLATINUM,1
630,67,5,0.0,2,1,1,27330.27,0,3,556,France,Male,SILVER,0
561,35,5,0.0,2,1,0,59981.62,0,2,598,France,Female,PLATINUM,0
680,34,9,0.0,2,1,1,95686.6,0,4,221,France,Male,PLATINUM,0
710,28,6,0.0,1,1,0,48426.98,0,3,406,Spain,Female,GOLD,0
698,27,6,125427.37,2,0,0,27654.44,0,5,717,Spain,Male,GOLD,0
651,38,2,0.0,3,1,0,67029.82,1,2,431,Spain,Male,PLATINUM,1
713,36,8,133889.35,1,1,1,143265.65,0,1,357,France,Male,SILVER,0
549,52,1,0.0,1,0,1,8636.05,1,4,485,France,Female,DIAMOND,1
719,33,7,0.0,2,1,0,20016.59,0,5,282,Spain,Female,GOLD,0
565,31,2,89558.39,2,1,1,4441.54,0,3,772,Germany,Male,SILVER,0
578,34,4,175111.11,1,1,1,74858.3,0,2,311,France,Male,SILVER,0
724,36,1,0.0,2,1,0,52462.25,0,3,660,Spain,Male,GOLD,0
408,84,8,87873.39,1,0,0,188484.52,1,2,608,France,Female,DIAMOND,1
758,56,1,0.0,2,1,1,10643.38,0,4,408,Spain,Male,PLATINUM,0
674,22,3,0.0,1,1,1,173940.59,0,4,269,France,Male,PLATINUM,0
773,25,1,124532.78,2,0,1,11723.57,0,4,692,France,Male,GOLD,0
437,43,6,0.0,1,1,0,148330.97,1,1,692,France,Female,DIAMOND,1
560,57,0,0.0,2,0,1,116781.71,0,1,615,France,Male,DIAMOND,0
603,24,3,0.0,1,1,1,198826.03,1,5,652,France,Female,SILVER,1
840,43,7,0.0,2,1,0,90908.95,0,2,645,France,Female,SILVER,0
700,26,2,0.0,2,0,0,50051.42,0,5,417,France,Female,DIAMOND,0
773,64,2,145578.28,1,0,1,186172.85,0,1,630,France,Male,SILVER,0
684,40,2,70291.02,1,1,1,115468.84,1,5,455,Spain,Male,DIAMOND,1
701,44,7,0.0,2,1,0,23425.78,0,3,482,France,Male,SILVER,0
743,34,1,131736.88,1,1,1,108543.21,0,5,514,Germany,Female,GOLD,0
575,41,2,100062.39,1,0,0,126307.25,0,1,599,Spain,Male,GOLD,0
804,25,7,108396.67,1,1,0,128276.95,0,1,399,France,Male,DIAMOND,0
730,42,4,0.0,2,0,1,85982.47,0,4,722,Spain,Male,DIAMOND,0
648,36,8,146943.38,2,1,1,130041.45,0,3,780,Spain,Male,GOLD,0
755,31,5,0.0,2,0,1,194660.78,0,4,535,France,Male,DIAMOND,0
613,30,5,131563.88,2,1,0,170638.98,0,2,583,Germany,Female,GOLD,0
730,22,9,65763.57,1,1,1,145792.01,0,5,447,France,Female,SILVER,0
679,39,5,0.0,2,1,1,100060.54,0,1,338,Spain,Male,PLATINUM,0
583,29,10,0.0,2,1,1,111285.85,0,4,574,France,Female,SILVER,0
746,47,8,142382.03,1,1,1,62086.62,0,3,681,France,Male,PLATINUM,0
650,45,9,152367.21,3,1,0,150835.21,1,3,760,Germany,Female,PLATINUM,1
794,37,9,0.0,2,1,0,68008.85,0,3,577,Spain,Female,DIAMOND,0
600,49,7,90218.9,1,1,0,91347.76,0,4,367,France,Male,DIAMOND,0
646,50,5,142644.64,2,1,1,142208.5,1,4,951,Spain,Female,GOLD,1
760,32,7,0.0,2,1,1,105969.05,0,4,843,France,Female,SILVER,0
748,49,7,29602.08,1,0,0,163550.58,1,4,699,France,Female,SILVER,1
755,23,5,84284.48,2,1,1,62851.6,0,5,453,France,Male,DIAMOND,0
756,38,6,119208.85,1,1,0,169763.89,1,1,257,Spain,Male,DIAMOND,1
776,30,6,0.0,2,0,1,63908.86,0,2,928,Spain,Male,GOLD,0
640,33,7,154575.76,1,1,0,25722.28,1,5,762,France,Male,GOLD,1
635,48,8,130796.33,2,1,1,43250.3,0,4,885,France,Female,SILVER,0
848,31,4,90018.45,2,1,0,193132.98,0,2,795,Germany,Male,PLATINUM,0
509,31,3,0.0,2,1,0,15360.91,0,5,299,France,Male,PLATINUM,0
605,28,6,0.0,2,0,0,159508.52,0,1,468,France,Female,DIAMOND,0
555,51,5,0.0,3,1,0,189122.89,1,1,406,France,Male,PLATINUM,1
540,39,2,0.0,2,1,0,81995.92,0,4,868,Spain,Male,DIAMOND,0
682,54,0,83102.72,2,1,1,54132.93,0,2,478,Spain,Female,DIAMOND,0
602,42,10,0.0,2,0,0,169921.11,1,2,600,France,Female,DIAMOND,1
832,61,2,0.0,1,0,1,127804.66,1,2,748,France,Male,DIAMOND,1
797,29,1,0.0,1,0,1,149991.32,0,5,752,France,Male,GOLD,0
676,28,1,69459.05,2,1,1,128461.29,0,4,917,Germany,Male,DIAMOND,0
710,24,7,103099.17,2,1,0,173276.62,0,1,621,Germany,Female,DIAMOND,0
529,22,5,0.0,1,1,0,151169.83,0,5,588,France,Male,PLATINUM,0
520,30,3,143396.54,2,1,1,898.51,0,1,605,France,Male,DIAMOND,0
743,25,6,0.0,2,1,0,129740.11,0,2,748,Spain,Male,GOLD,0
666,41,10,141162.08,1,1,0,50908.48,0,2,510,France,Female,SILVER,0
715,32,3,104857.19,2,1,0,114149.8,0,2,573,Germany,Female,PLATINUM,0
668,32,2,0.0,2,1,1,40652.33,0,3,237,France,Female,DIAMOND,0
672,34,1,142151.75,2,1,1,168753.34,0,2,851,France,Female,DIAMOND,0
632,48,6,126066.26,1,1,0,64345.61,1,3,517,Germany,Male,PLATINUM,1
689,28,3,0.0,2,1,1,192449.02,0,4,731,Spain,Female,SILVER,0
845,33,8,164385.53,1,1,0,150664.97,0,5,588,France,Male,GOLD,0
565,32,9,68067.24,1,1,0,143287.58,0,3,504,Germany,Female,SILVER,0
700,59,5,137648.41,1,1,0,142977.05,1,2,839,Germany,Female,PLATINUM,1
637,41,2,138014.4,2,1,0,140298.24,0,1,823,Germany,Male,GOLD,0
719,48,5,0.0,2,0,0,78563.66,0,4,922,Spain,Female,GOLD,0
662,41,4,0.0,2,1,0,126551.48,0,4,527,France,Female,SILVER,0
663,33,2,0.0,2,1,0,153295.0,0,4,332,France,Female,GOLD,0
684,59,9,122471.09,1,0,1,15807.07,0,3,605,Germany,Male,PLATINUM,0
719,40,4,128389.12,1,1,1,176091.31,0,1,979,Spain,Male,DIAMOND,0
727,18,4,133550.67,1,1,1,46941.41,0,4,864,France,Male,PLATINUM,0
512,36,4,152169.12,2,0,0,38629.3,1,5,555,France,Male,DIAMOND,1
601,43,8,0.0,3,0,1,110916.15,1,4,343,France,Female,SILVER,1
633,36,6,125130.28,1,0,0,125961.48,0,5,465,France,Female,GOLD,0
615,43,3,86920.86,1,1,1,150048.37,0,1,579,Germany,Male,DIAMOND,0
678,32,9,0.0,1,1,1,148210.64,0,4,983,France,Female,GOLD,0
697,42,10,0.0,2,1,0,61312.15,0,5,867,France,Female,GOLD,0
696,52,6,139781.06,1,1,0,27445.4,1,3,457,France,Male,DIAMOND,1
484,32,3,0.0,2,1,1,139390.99,0,4,644,France,Female,DIAMOND,0
744,36,10,0.0,2,1,1,182867.84,0,5,632,France,Male,SILVER,0
739,20,4,133800.98,1,0,1,150245.81,0,3,320,France,Female,PLATINUM,0
521,49,2,127948.57,1,1,1,182765.14,0,2,596,Germany,Female,GOLD,0
647,41,4,138937.35,1,1,1,101617.64,1,5,918,France,Male,DIAMOND,1
591,45,5,0.0,2,1,1,155492.87,0,2,235,France,Male,GOLD,0
721,41,7,0.0,2,0,1,61018.85,0,1,453,France,Male,SILVER,0
570,46,3,0.0,2,0,0,820.46,0,3,909,France,Female,SILVER,0
850,28,1,105245.34,1,0,1,74780.13,0,1,495,France,Female,PLATINUM,0
650,30,6,0.0,1,0,0,67997.13,1,4,963,Spain,Female,GOLD,1
621,27,4,137003.68,1,1,0,21254.06,0,4,609,France,Male,SILVER,0
592,27,4,0.0,2,1,1,183569.25,0,5,900,France,Female,PLATINUM,0
713,48,1,163760.82,1,0,0,157381.14,1,2,239,Spain,Female,DIAMOND,1
453,42,5,0.0,3,1,0,83008.49,1,1,791,Spain,Female,GOLD,1
699,30,9,0.0,1,1,1,108162.13,0,4,239,France,Male,DIAMOND,0
605,48,6,0.0,2,1,1,40062.99,0,2,457,Spain,Female,DIAMOND,0
763,42,6,100160.75,1,1,0,33462.94,1,3,709,Germany,Male,GOLD,1
718,31,1,152663.77,1,0,1,17128.64,0,4,818,France,Female,GOLD,0
464,46,6,161798.53,1,1,0,182944.47,0,5,343,France,Male,SILVER,0
453,29,6,0.0,1,0,0,198376.02,1,3,791,France,Male,DIAMOND,1
705,49,7,0.0,1,1,0,63405.2,1,1,248,France,Female,GOLD,1
628,32,9,149136.31,2,1,1,16402.11,0,3,859,France,Male,GOLD,0
551,48,5,95679.29,1,0,0,94978.1,0,1,815,Spain,Female,DIAMOND,0
652,71,4,0.0,1,1,1,120107.1,0,3,305,Spain,Male,DIAMOND,0
612,39,5,170288.38,1,1,1,59601.15,0,4,295,Spain,Male,GOLD,0
656,18,10,151762.74,1,0,1,127014.32,0,2,778,France,Male,GOLD,0
635,38,1,0.0,2,1,0,90605.05,0,4,399,Spain,Female,GOLD,0
737,38,6,146282.79,2,1,0,198516.2,0,5,703,Spain,Male,PLATINUM,0
714,29,4,0.0,2,1,1,37605.9,0,4,354,Spain,Male,DIAMOND,0
631,34,6,125227.82,2,0,1,128247.03,0,2,305,Germany,Female,PLATINUM,0
624,27,7,104848.68,1,1,1,167387.36,0,5,734,Germany,Female,SILVER,0
732,42,9,108748.08,2,1,1,65323.11,0,1,932,Germany,Male,DIAMOND,0
802,29,9,127414.55,1,1,1,134459.12,0,2,944,France,Male,GOLD,0
527,31,4,0.0,1,1,0,169361.89,0,4,371,France,Male,GOLD,0
647,37,3,116509.99,1,1,1,149517.71,1,1,529,Germany,Male,GOLD,1
451,23,9,0.0,2,0,1,48021.71,0,1,576,Spain,Female,DIAMOND,0
764,44,1,0.0,2,1,1,11467.38,0,1,827,France,Female,PLATINUM,0
559,42,7,0.0,2,1,1,190040.29,0,3,822,France,Female,DIAMOND,0
428,40,3,129248.11,2,1,0,72876.43,1,2,758,Germany,Female,SILVER,1
547,31,9,0.0,2,0,0,99294.22,0,2,470,Spain,Female,GOLD,0
850,34,2,72079.71,1,1,1,115767.93,0,2,555,France,Male,GOLD,0
710,62,9,148214.36,1,1,0,48571.14,1,4,485,Germany,Female,DIAMOND,1
726,37,2,132057.92,2,1,0,34743.98,0,1,953,France,Male,DIAMOND,0
447,44,5,89188.83,1,1,1,75408.24,0,1,909,France,Female,PLATINUM,0
671,45,6,99564.22,1,1,1,108872.45,1,3,901,Germany,Male,PLATINUM,1
606,36,1,155655.46,1,1,1,192387.51,1,4,1000,France,Male,DIAMOND,1
615,23,4,0.0,2,1,0,196476.19,0,5,773,France,Female,SILVER,0
751,44,10,0.0,2,1,0,170634.49,0,1,283,France,Female,SILVER,0
714,21,6,86402.52,2,0,0,27330.59,0,4,910,Germany,Male,GOLD,0
731,37,1,128932.4,1,1,1,180712.52,0,4,868,Spain,Female,SILVER,0
564,35,4,0.0,1,1,0,158937.55,0,1,258,France,Male,SILVER,0
537,53,3,0.0,1,1,1,91406.62,0,4,238,France,Female,PLATINUM,0
506,41,1,0.0,2,1,0,31766.3,0,4,594,France,Female,GOLD,0
664,46,2,0.0,1,1,1,177423.02,1,5,816,France,Male,PLATINUM,1
508,43,9,0.0,1,1,0,103726.71,0,3,981,France,Female,DIAMOND,0
577,59,7,111396.97,1,0,1,191070.01,0,5,583,Germany,Female,SILVER,0
730,25,5,167385.81,1,1,1,56307.51,0,5,452,Spain,Male,PLATINUM,0
600,26,6,108909.12,1,1,0,82547.01,0,4,804,France,Female,SILVER,0
645,44,8,113755.78,2,1,0,149756.71,1,5,484,Spain,Male,DIAMOND,1
807,47,1,171937.27,1,1,1,65636.92,0,4,809,Germany,Male,SILVER,0
633,40,5,86172.81,2,1,1,117279.49,0,3,531,Germany,Male,DIAMOND,0
489,34,5,0.0,1,0,0,43540.59,0,5,583,France,Male,PLATINUM,0
812,34,5,103818.43,1,1,1,166038.27,0,4,230,France,Male,GOLD,0
848,22,7,120811.89,1,1,1,185510.34,0,5,295,Spain,Male,GOLD,0
512,41,7,122403.24,1,0,1,37439.9,1,2,681,Germany,Male,DIAMOND,1
447,32,10,0.0,1,1,1,151815.76,0,4,600,France,Female,GOLD,0
771,18,1,0.0,2,0,0,41542.95,0,1,371,Spain,Male,GOLD,0
627,48,1,132759.8,1,1,0,78899.22,0,5,419,Spain,Male,GOLD,0
608,48,7,75801.74,1,1,0,125762.95,0,4,964,Spain,Male,PLATINUM,0
670,38,10,89416.99,1,0,0,144275.39,0,3,757,France,Male,SILVER,0
636,31,9,80844.69,2,1,1,74641.9,0,4,379,Germany,Female,SILVER,0
614,32,7,99462.8,2,1,1,51117.06,0,5,238,Germany,Male,PLATINUM,0
654,29,7,0.0,2,1,1,149184.15,0,3,795,France,Male,GOLD,0
625,40,7,141267.67,1,0,1,177397.49,0,2,358,France,Female,DIAMOND,0
350,40,0,111098.85,1,1,1,172321.21,1,2,670,France,Female,DIAMOND,1
662,36,4,166909.2,2,1,0,138871.12,1,5,970,France,Female,GOLD,1
654,47,10,0.0,2,1,0,170481.98,0,1,584,France,Male,PLATINUM,0
625,45,7,137555.44,1,0,0,124607.7,0,3,622,France,Male,SILVER,0
686,38,6,149238.97,1,1,1,97825.23,0,1,816,France,Male,SILVER,0
573,35,9,134498.54,2,1,1,119924.8,0,3,479,Germany,Male,GOLD,0
754,48,7,141819.02,1,1,0,93550.53,1,5,671,Germany,Female,DIAMOND,1
532,42,1,159024.71,1,1,0,100982.93,1,5,564,France,Male,GOLD,1
604,47,8,62094.71,3,0,0,9308.1,1,5,430,France,Female,PLATINUM,1
602,34,5,0.0,2,1,1,77414.45,0,2,743,France,Male,DIAMOND,0
512,37,1,0.0,2,0,1,156105.03,0,4,722,France,Female,PLATINUM,0
590,41,1,89086.31,1,1,0,24499.97,0,3,513,France,Male,GOLD,0
635,41,4,103544.88,2,1,0,193746.55,0,2,439,France,Male,GOLD,0
579,26,10,162482.76,1,1,1,18458.2,0,3,895,France,Female,DIAMOND,0
643,36,0,148159.71,1,0,0,55835.66,0,1,309,France,Male,SILVER,0
689,40,8,160272.27,1,1,0,49656.24,0,2,729,France,Male,SILVER,0
753,43,5,0.0,2,1,0,109881.71,0,5,834,France,Female,SILVER,0
432,42,9,152603.45,1,1,0,110265.24,1,3,437,France,Male,DIAMOND,1
797,31,9,0.0,2,1,1,24748.89,0,1,874,France,Male,PLATINUM,0
777,36,7,0.0,1,1,0,106472.34,0,2,537,France,Male,SILVER,0
653,55,2,70263.83,1,0,1,62347.71,0,1,644,Spain,Male,GOLD,0
598,38,6,0.0,2,0,0,173783.38,0,4,897,Spain,Female,PLATINUM,0
593,33,0,95927.04,1,1,0,199478.05,0,2,270,France,Female,DIAMOND,0
850,28,9,0.0,2,1,1,164864.67,0,4,891,France,Female,GOLD,0
747,37,9,135776.36,3,1,0,85470.45,1,4,965,Germany,Male,PLATINUM,1
654,36,2,0.0,2,1,1,146652.11,0,1,576,Spain,Female,PLATINUM,0
716,22,8,0.0,2,1,1,92606.98,0,2,655,France,Female,SILVER,0
435,54,3,0.0,1,1,0,156910.46,1,4,832,France,Male,SILVER,1
586,32,1,0.0,2,0,0,31635.99,0,5,934,France,Male,GOLD,0
662,39,5,139562.05,2,1,0,61636.22,0,4,871,France,Female,PLATINUM,0
750,37,2,113817.06,1,0,0,88333.74,0,5,998,Spain,Female,DIAMOND,0
658,31,7,123974.96,1,1,0,102153.75,0,3,226,France,Female,DIAMOND,0
759,31,8,0.0,2,1,1,99086.74,0,3,451,Spain,Male,PLATINUM,0
613,34,5,144094.2,1,1,0,44510.26,0,4,902,France,Male,DIAMOND,0
632,43,2,100013.51,1,1,0,24275.32,0,5,839,France,Male,SILVER,0
585,56,1,128472.8,1,1,0,186476.91,1,2,815,Spain,Female,GOLD,1
652,27,2,166527.88,2,0,1,146007.7,0,1,917,Germany,Male,SILVER,0
784,35,3,0.0,2,0,0,81483.64,0,2,469,Spain,Male,PLATINUM,0
570,50,5,129293.74,1,1,0,177805.44,1,4,988,Germany,Female,DIAMOND,1
655,27,2,131691.33,1,1,0,49480.66,0,1,411,France,Male,DIAMOND,0
654,54,5,0.0,2,0,1,47139.06,0,3,613,Spain,Female,SILVER,0
567,43,2,115643.58,2,0,0,174606.35,0,2,754,Spain,Male,DIAMOND,0
684,26,5,87098.91,1,0,0,106095.82,0,5,894,France,Female,PLATINUM,0
640,68,9,0.0,2,1,1,199493.38,0,4,763,France,Male,PLATINUM,0
544,45,6,0.0,2,0,1,151401.33,0,2,686,France,Female,DIAMOND,0
760,29,5,103607.24,2,0,1,86334.64,0,2,588,Germany,Male,GOLD,0
443,44,2,0.0,1,1,0,159165.7,0,3,351,France,Male,PLATINUM,0
619,43,1,125211.92,1,1,1,113410.49,0,5,657,France,Male,SILVER,0
744,43,10,147832.15,1,0,1,24234.11,0,3,982,France,Female,SILVER,0
687,35,8,0.0,2,1,0,10334.05,0,5,809,France,Male,PLATINUM,0
537,38,6,141786.78,1,0,1,147797.54,0,2,524,Spain,Female,GOLD,0
635,37,5,113488.68,1,1,0,95611.74,1,1,969,Germany,Male,PLATINUM,1
621,33,4,0.0,2,1,1,40299.23,0,4,914,Spain,Male,SILVER,0
593,32,3,0.0,2,1,1,151978.36,0,3,571,France,Female,GOLD,0
500,45,2,109162.82,1,1,1,126145.08,0,5,277,France,Male,PLATINUM,0
487,36,1,140137.15,1,1,0,194073.33,0,2,677,Spain,Female,DIAMOND,0
661,35,9,100107.99,1,1,0,83949.68,0,3,661,France,Male,GOLD,0
597,24,1,103219.47,1,1,0,60420.07,0,3,827,France,Female,GOLD,0
640,55,10,132436.34,1,1,0,978.66,0,3,890,France,Male,PLATINUM,0
589,50,4,0.0,2,0,1,182076.97,0,4,441,France,Female,PLATINUM,0
600,32,7,98877.95,1,1,0,132973.21,0,4,668,France,Female,DIAMOND,0
692,53,7,150926.99,2,0,0,119817.19,0,2,357,Germany,Male,SILVER,0
850,28,4,147972.19,1,1,0,60708.72,1,2,823,Germany,Male,SILVER,1
696,32,8,101160.99,1,1,1,115916.55,0,4,694,Germany,Male,DIAMOND,0
700,46,5,95872.86,1,1,0,98273.01,1,5,509,France,Male,DIAMOND,1
572,39,4,112290.22,1,1,0,49373.97,1,5,368,Germany,Male,GOLD,1
642,26,8,144238.7,1,1,1,184399.76,0,3,649,Spain,Male,PLATINUM,0
809,36,9,68881.59,2,0,1,109135.11,0,5,795,France,Male,DIAMOND,0
655,27,10,0.0,2,1,0,51620.94,0,4,925,France,Male,SILVER,0
432,38,2,135559.8,2,1,1,71856.3,0,3,622,Germany,Male,PLATINUM,0
552,39,2,132906.88,1,0,1,149384.43,0,2,718,Germany,Male,SILVER,0
850,81,5,0.0,2,1,1,44827.47,0,2,237,France,Male,SILVER,0
697,32,7,175464.85,3,1,0,116442.42,1,1,594,France,Male,PLATINUM,1
754,27,7,0.0,2,1,0,144134.64,0,1,382,France,Female,GOLD,0
667,42,9,0.0,2,0,1,58137.42,0,3,300,France,Male,GOLD,0
644,47,9,137774.11,2,1,0,151902.78,0,5,499,Germany,Male,SILVER,0
559,31,3,127070.73,1,0,1,160941.78,0,2,665,France,Female,PLATINUM,0
537,30,1,103138.17,1,1,1,96555.42,0,4,498,Spain,Male,SILVER,0
613,34,8,117300.02,1,1,0,139410.08,0,5,572,Spain,Male,SILVER,0
662,31,3,0.0,2,0,1,27731.05,0,2,241,France,Male,SILVER,0
745,40,6,131184.67,1,1,1,49815.62,0,1,966,France,Female,DIAMOND,0
754,61,5,146622.35,1,1,1,41815.22,1,4,687,France,Male,DIAMOND,1
740,40,2,122295.17,2,1,1,30812.84,0,2,318,Germany,Female,GOLD,0
545,26,7,0.0,2,0,1,156598.23,0,2,781,France,Male,GOLD,0
466,26,3,156815.71,1,1,1,137476.09,0,2,349,France,Male,GOLD,0
669,25,7,157228.61,2,1,0,124382.9,0,1,632,Spain,Male,GOLD,0
595,33,9,0.0,2,1,1,41447.86,0,5,706,France,Female,PLATINUM,0
600,43,5,134022.06,1,1,0,194764.83,0,3,568,France,Female,GOLD,0
578,37,1,135650.88,1,1,0,199428.19,0,1,995,Germany,Male,PLATINUM,0
786,29,4,0.0,2,1,0,103372.79,0,4,245,France,Female,SILVER,0
725,44,10,0.0,1,0,1,93777.61,0,5,696,France,Female,SILVER,0
652,36,1,0.0,2,1,1,19302.78,0,3,219,Spain,Female,GOLD,0
700,28,3,99705.69,2,0,0,146723.72,0,5,435,Germany,Female,SILVER,0
709,36,0,0.0,2,1,0,46811.77,0,3,716,France,Male,GOLD,0
592,33,2,156570.86,1,1,1,37140.2,0,1,376,Germany,Male,PLATINUM,0
636,34,1,84055.43,1,0,0,37490.84,0,2,934,France,Male,DIAMOND,0
805,37,5,0.0,2,1,0,21928.81,0,5,311,Spain,Male,PLATINUM,0
778,31,9,182275.23,2,1,0,190631.23,0,4,717,Germany,Male,GOLD,0
582,20,4,0.0,1,1,1,55763.66,0,5,249,France,Male,SILVER,0
549,46,7,0.0,1,1,1,109057.56,0,2,940,France,Female,DIAMOND,0
594,40,9,122417.17,2,0,1,190882.69,0,5,394,France,Male,SILVER,0
667,36,3,121542.57,2,1,1,186841.71,0,5,252,Spain,Female,PLATINUM,0
637,40,2,133463.1,1,0,1,93165.34,0,1,374,France,Male,PLATINUM,0
595,34,2,87967.42,2,0,1,156309.52,0,5,357,Germany,Male,SILVER,0
707,51,10,98438.23,1,0,0,70778.63,1,5,303,Germany,Female,GOLD,1
649,42,7,0.0,2,0,1,22974.01,0,5,295,France,Female,GOLD,0
635,43,10,122198.21,2,0,1,179144.54,0,4,704,France,Male,DIAMOND,0
528,27,7,176227.07,2,0,1,139481.53,0,1,875,France,Female,GOLD,0
706,23,2,93301.97,2,0,1,127187.04,0,5,963,Germany,Male,PLATINUM,0
758,30,3,141581.08,1,1,0,156249.06,0,2,797,France,Female,SILVER,0
533,49,1,102286.6,3,1,0,69409.37,1,1,930,Germany,Female,SILVER,1
610,31,5,0.0,2,0,0,63736.36,0,2,416,Spain,Female,PLATINUM,0
794,46,8,134593.79,1,1,1,46386.37,0,4,351,Spain,Female,DIAMOND,0
849,37,7,143452.74,2,1,1,17294.12,0,1,923,Germany,Male,PLATINUM,0
564,32,10,139875.2,2,1,0,15378.23,0,1,737,Germany,Female,SILVER,0
501,25,6,104013.79,1,1,0,114774.35,0,5,629,Germany,Male,PLATINUM,0
459,50,5,109387.9,1,1,0,155721.15,0,3,894,Germany,Male,PLATINUM,0
775,33,1,118897.1,2,1,1,26362.4,0,2,253,Germany,Female,SILVER,0
606,30,8,180307.73,2,1,1,1914.41,0,3,567,Spain,Male,SILVER,0
631,29,3,0.0,2,1,1,197963.46,0,3,463,Spain,Male,DIAMOND,0
697,43,7,115371.94,2,1,0,64139.1,0,1,538,Germany,Male,GOLD,0
644,33,2,0.0,1,1,0,96420.58,0,1,482,France,Male,DIAMOND,0
623,50,2,87116.71,1,1,1,104382.11,0,5,970,Spain,Female,SILVER,0
693,68,4,97705.99,1,1,1,61569.07,0,1,949,France,Male,GOLD,0
735,55,2,103176.62,1,0,1,163516.16,0,2,708,Spain,Male,PLATINUM,0
737,40,2,162485.8,2,1,0,149381.32,0,2,449,Germany,Female,SILVER,0
566,35,1,123042.0,1,1,0,66245.44,1,1,704,Germany,Female,DIAMOND,1
709,45,3,104118.5,1,0,1,174032.0,0,2,569,France,Female,SILVER,0
779,41,10,99786.2,1,1,0,86927.53,0,4,341,France,Female,DIAMOND,0
628,28,3,153538.13,2,1,0,110776.01,0,4,579,Germany,Female,GOLD,0
529,31,6,152310.55,1,1,0,13054.25,0,1,691,France,Female,PLATINUM,0
753,40,0,3768.69,2,1,0,177065.24,1,3,620,France,Female,PLATINUM,1
658,29,3,145512.84,1,1,0,20207.02,0,5,783,France,Male,DIAMOND,0
634,35,10,0.0,1,1,0,82634.41,0,3,557,Spain,Female,GOLD,0
742,36,2,129748.54,2,0,0,47271.61,1,3,914,Germany,Female,GOLD,1
668,72,2,0.0,2,1,1,70783.61,0,5,658,France,Male,DIAMOND,0
739,54,8,126418.14,1,1,0,134420.75,1,2,718,Germany,Male,DIAMOND,1
580,45,8,103741.14,1,1,0,47428.73,1,4,799,Germany,Male,GOLD,1
674,26,10,0.0,2,1,1,138423.1,0,1,664,France,Female,PLATINUM,0
828,25,7,144351.86,1,1,0,116613.26,0,1,603,Germany,Female,PLATINUM,0
673,39,8,138160.0,1,1,1,110468.51,0,3,778,Spain,Male,SILVER,0
683,35,5,144961.97,1,0,1,26796.73,0,2,574,Germany,Male,SILVER,0
720,26,10,51962.91,2,1,0,45507.24,0,1,476,France,Male,PLATINUM,0
554,37,4,58629.97,1,0,0,182038.6,0,2,606,Germany,Female,DIAMOND,0
480,40,7,0.0,1,1,0,170332.67,1,1,751,France,Female,GOLD,1
567,35,5,166118.45,2,1,0,127827.18,0,4,239,France,Female,GOLD,0
640,20,4,0.0,2,0,1,78310.82,0,5,670,France,Female,SILVER,0
505,36,2,79951.9,1,0,1,174123.16,1,4,253,France,Female,PLATINUM,1
702,36,2,105264.88,2,1,1,52909.87,0,3,898,Germany,Female,GOLD,0
510,32,1,0.0,2,0,1,28515.17,0,4,523,France,Female,SILVER,0
822,37,3,105563.0,1,1,0,182624.93,0,5,463,France,Male,DIAMOND,0
707,40,1,0.0,2,1,0,14090.4,1,3,222,France,Male,PLATINUM,1
703,39,6,152685.4,1,0,0,183656.12,0,2,994,Spain,Male,DIAMOND,0
597,52,8,83693.34,2,1,1,161083.53,0,3,603,Germany,Male,GOLD,0
578,23,10,88980.32,1,1,1,125222.36,0,5,813,France,Male,PLATINUM,0
668,53,10,110240.04,1,0,0,183980.56,1,4,682,France,Female,SILVER,1
842,58,1,63492.94,1,1,1,83172.19,0,4,354,France,Male,DIAMOND,0
561,22,6,186788.96,2,1,0,73286.8,0,5,964,France,Female,SILVER,0
685,23,8,0.0,2,1,1,112239.03,0,2,543,France,Male,SILVER,0
705,44,3,105934.96,1,1,0,82463.69,0,3,351,Germany,Male,PLATINUM,0
583,35,8,149995.72,2,1,0,42143.55,0,1,540,Germany,Male,PLATINUM,0
850,32,5,0.0,1,1,1,3830.59,0,2,979,Spain,Female,SILVER,0
562,35,7,0.0,1,0,0,48869.67,0,3,863,France,Male,GOLD,0
719,37,10,145382.61,1,1,0,80408.59,0,5,306,Spain,Male,PLATINUM,0
664,53,7,187602.18,1,1,0,186392.99,1,2,712,Spain,Female,SILVER,1
639,39,6,150555.83,1,1,0,30414.17,0,5,399,France,Male,SILVER,0
696,66,7,119499.42,2,1,1,174027.3,0,3,601,Germany,Female,PLATINUM,0
566,44,5,0.0,2,1,0,66462.79,0,5,294,Spain,Male,PLATINUM,0
850,38,0,106831.69,1,0,1,148977.72,0,1,658,France,Female,SILVER,0
698,37,2,166178.02,2,1,1,71972.95,0,5,275,France,Female,PLATINUM,0
760,38,3,91241.85,1,0,1,80682.35,0,5,840,Spain,Male,GOLD,0
613,37,9,108286.5,1,1,1,114153.44,0,5,656,France,Male,GOLD,0
676,37,5,89634.69,1,1,1,169583.18,1,4,982,France,Female,DIAMOND,1
721,46,7,137933.39,1,1,1,67976.57,0,4,249,Spain,Female,GOLD,0
677,36,4,0.0,2,1,0,7824.31,0,3,760,France,Male,PLATINUM,0
807,42,9,105356.09,2,1,1,130489.37,0,5,703,Germany,Female,SILVER,0
640,31,10,118613.34,1,1,0,168469.65,0,3,573,Germany,Female,DIAMOND,0
671,38,0,92674.94,2,1,0,3647.57,0,4,759,Spain,Male,SILVER,0
684,27,2,134603.88,1,1,1,71725.73,0,3,342,France,Male,GOLD,0
350,39,0,109733.2,2,0,0,123602.11,1,2,261,Germany,Male,GOLD,1
450,34,2,0.0,2,1,0,175480.93,0,1,920,Spain,Female,SILVER,0
766,41,0,0.0,2,0,1,34283.23,0,4,670,Spain,Male,GOLD,0
677,27,2,0.0,2,0,1,114685.92,0,2,273,France,Female,PLATINUM,0
537,47,10,0.0,2,0,1,25482.62,0,1,677,France,Male,PLATINUM,0
808,47,8,139196.0,1,0,1,74028.36,0,2,801,Spain,Male,SILVER,0
682,30,9,0.0,2,1,1,195104.91,0,2,874,France,Female,PLATINUM,0
445,34,7,131082.17,2,1,1,70618.0,0,4,802,Germany,Female,PLATINUM,0
785,34,9,70302.48,1,1,1,68600.36,0,4,667,France,Female,SILVER,0
733,38,9,111347.37,2,0,1,194872.97,0,2,260,Germany,Male,GOLD,0
678,48,2,101099.9,2,0,1,193476.04,0,1,788,Germany,Male,PLATINUM,0
687,34,9,125474.44,1,1,0,198929.84,0,1,565,France,Female,GOLD,0
525,36,3,77910.23,1,1,0,67238.01,0,3,976,Spain,Male,SILVER,0
629,43,0,0.0,2,1,1,41263.69,0,2,908,France,Female,SILVER,0
519,39,2,112957.26,2,1,0,97593.16,0,3,223,France,Male,SILVER,0
727,29,1,146652.01,1,1,1,173486.39,0,1,518,France,Female,DIAMOND,0
528,22,5,93547.23,2,0,1,961.57,0,4,525,Germany,Male,DIAMOND,0
561,34,4,85141.79,2,1,1,29217.37,0,1,866,Spain,Male,SILVER,0
466,41,3,33563.95,2,1,0,178994.13,1,1,629,France,Female,DIAMOND,1
745,28,1,111071.36,1,1,0,73275.96,1,1,238,Germany,Female,PLATINUM,1
616,44,5,102016.38,1,0,1,178235.37,1,4,830,France,Male,GOLD,1
655,52,9,144696.75,1,1,1,49025.79,0,2,691,Germany,Male,DIAMOND,0
850,62,1,124678.35,1,1,0,70916.0,1,4,616,France,Female,GOLD,1
568,39,5,0.0,2,1,1,129569.92,0,4,594,Spain,Male,SILVER,0
466,47,5,102085.72,1,1,1,183536.24,1,2,692,Germany,Female,GOLD,1
437,39,0,102721.49,1,0,0,22191.82,0,1,696,France,Female,GOLD,0
503,29,3,0.0,2,1,1,143954.99,0,1,927,France,Male,DIAMOND,0
561,49,5,94754.0,1,1,1,26691.31,0,5,760,Germany,Male,DIAMOND,0
731,37,8,0.0,2,1,1,170338.35,0,1,856,France,Male,DIAMOND,0
614,41,7,146997.64,2,0,0,137791.18,0,5,524,Spain,Female,PLATINUM,0
626,29,7,0.0,2,1,0,49361.84,0,5,429,Spain,Male,PLATINUM,0
764,39,1,129068.54,2,1,1,187905.12,0,1,983,France,Female,DIAMOND,0
532,36,4,0.0,2,1,1,132798.78,0,2,726,France,Male,GOLD,0
510,44,4,123070.89,1,1,0,28461.29,1,3,875,Germany,Female,DIAMOND,1
459,46,7,110356.42,1,1,0,4969.13,1,1,997,Germany,Male,PLATINUM,1
738,18,4,0.0,2,1,1,47799.15,0,5,739,France,Male,PLATINUM,0
686,29,3,185379.02,1,1,0,64679.07,0,3,713,Germany,Male,SILVER,0
506,28,8,53053.76,1,0,1,24577.34,0,3,340,Germany,Male,GOLD,0
651,33,1,96834.78,1,1,0,108764.69,0,4,804,France,Female,GOLD,0
717,42,5,190305.78,1,1,0,99347.8,1,1,758,Spain,Female,SILVER,1
644,40,4,77270.08,2,1,1,115800.1,1,3,748,Germany,Female,DIAMOND,1
733,42,9,120094.93,1,1,0,184056.45,0,5,668,France,Male,PLATINUM,0
581,43,4,170172.9,1,0,1,100236.02,0,4,968,Spain,Female,GOLD,0
547,41,3,151191.31,1,1,0,175295.89,1,2,945,Germany,Male,SILVER,1
741,43,0,0.0,2,1,1,2920.63,1,1,242,Spain,Male,SILVER,1
597,36,9,0.0,2,1,1,7156.09,0,2,323,France,Female,SILVER,0
698,38,10,95010.92,1,1,1,105227.86,0,4,227,Spain,Male,SILVER,0
725,37,6,124348.38,2,0,1,176984.34,0,5,309,France,Male,PLATINUM,0
681,37,6,121231.39,1,1,1,146366.08,0,4,271,Spain,Female,GOLD,0
492,31,7,0.0,2,1,1,49463.44,0,2,783,France,Female,SILVER,0
686,25,1,0.0,2,0,1,16459.37,0,1,578,France,Male,DIAMOND,0
709,38,5,0.0,2,1,1,81452.29,0,1,649,France,Male,DIAMOND,0
520,61,8,133802.29,2,1,1,90304.01,0,3,756,Germany,Male,GOLD,0
732,69,9,137453.43,1,0,1,110932.24,1,5,719,Spain,Female,PLATINUM,1
676,27,4,0.0,1,0,1,107955.67,0,1,490,Spain,Male,PLATINUM,0
600,28,6,0.0,2,0,1,52193.23,0,3,910,France,Female,GOLD,0
579,33,6,0.0,1,1,0,94993.04,1,4,266,Spain,Male,PLATINUM,1
543,41,4,0.0,1,0,0,194902.16,0,5,331,Spain,Female,PLATINUM,0
511,75,9,105609.17,1,0,1,105425.18,0,4,567,Germany,Female,DIAMOND,0
740,30,8,105209.54,1,1,0,1852.58,0,4,814,France,Female,SILVER,0
647,29,2,0.0,2,1,0,179032.68,0,1,373,Spain,Female,DIAMOND,0
444,43,3,0.0,2,1,1,159131.21,0,4,979,France,Male,PLATINUM,0
647,32,5,97041.16,1,1,1,23132.73,0,1,596,France,Male,GOLD,0
616,31,1,0.0,2,1,1,54706.75,0,3,852,France,Male,DIAMOND,0
707,49,10,0.0,1,1,0,82967.97,1,2,489,France,Female,PLATINUM,1
491,70,6,148745.92,2,1,1,17818.33,0,2,743,Germany,Male,PLATINUM,0
537,37,7,158411.95,4,1,1,117690.58,1,3,888,Germany,Female,DIAMOND,1
753,46,8,0.0,3,1,0,90747.94,1,2,497,France,Male,PLATINUM,1
728,43,8,128412.61,1,0,1,139024.31,0,4,576,Spain,Female,PLATINUM,0
557,36,3,0.0,1,0,1,144078.02,0,4,880,France,Male,SILVER,0
755,29,4,148654.84,2,1,1,28805.09,0,1,519,France,Female,GOLD,0
672,39,2,0.0,2,1,0,87372.49,0,3,425,France,Male,DIAMOND,0
705,41,4,72252.64,2,1,1,142514.66,0,2,710,Germany,Male,GOLD,0
539,28,5,0.0,2,1,0,48382.4,0,1,830,Spain,Male,DIAMOND,0
651,65,0,0.0,2,1,1,190454.04,0,4,700,France,Female,PLATINUM,0
614,25,10,75212.28,1,1,0,58965.04,0,5,386,Spain,Female,PLATINUM,0
748,40,3,103499.09,2,0,0,38153.19,0,1,717,Germany,Female,SILVER,0
710,24,2,110407.44,2,0,0,15832.43,1,4,993,Germany,Female,SILVER,1
660,36,0,84438.57,1,1,1,181449.51,0,4,699,Spain,Female,DIAMOND,0
687,26,2,142721.52,1,1,1,153605.75,0,5,334,Germany,Male,GOLD,0
576,41,4,112609.91,1,0,0,191035.18,1,4,660,France,Female,SILVER,1
795,36,1,151844.64,1,1,1,135388.89,0,3,605,France,Female,SILVER,0
541,37,9,212314.03,1,0,1,148814.54,0,1,369,France,Male,DIAMOND,0
698,39,4,0.0,2,0,1,47455.82,0,5,639,France,Female,SILVER,0
671,48,6,119769.77,1,0,1,66032.65,0,2,475,France,Female,DIAMOND,0
587,51,3,83739.32,1,0,1,148798.45,0,3,882,Spain,Male,GOLD,0
568,43,5,87612.64,4,1,1,107155.4,1,4,934,Germany,Male,SILVER,1
530,23,1,137060.88,2,1,1,165227.23,0,2,284,Germany,Male,GOLD,0
570,34,10,0.0,2,0,1,183387.12,0,4,568,Spain,Male,SILVER,0
673,36,5,73088.06,2,0,0,196142.26,0,3,328,Germany,Male,GOLD,0
771,50,3,105229.72,1,1,1,16281.68,1,3,743,France,Male,DIAMOND,1
575,27,3,139301.68,1,1,0,99843.98,0,2,548,France,Male,DIAMOND,0
639,27,3,150795.81,1,0,1,85208.93,0,3,291,Germany,Male,GOLD,0
604,41,10,0.0,2,1,1,166224.39,0,2,876,Spain,Female,DIAMOND,0
530,33,4,129307.32,1,1,1,172930.28,0,5,741,France,Female,PLATINUM,0
725,31,8,0.0,2,1,1,59650.42,0,5,594,France,Male,DIAMOND,0
584,46,6,87361.02,2,1,0,120376.87,1,4,400,Germany,Female,PLATINUM,1
694,39,0,107042.74,1,1,1,102284.2,0,4,297,Spain,Male,PLATINUM,0
521,37,5,105843.26,2,1,1,84908.2,0,3,751,France,Male,SILVER,0
503,32,4,0.0,2,1,1,153036.97,0,1,304,France,Male,SILVER,0
752,36,7,0.0,2,1,0,184866.86,0,1,777,France,Female,PLATINUM,0
637,43,8,0.0,1,1,0,12156.93,1,5,317,Spain,Male,DIAMOND,1
467,51,10,114514.71,2,1,0,177784.68,1,2,681,Germany,Male,SILVER,1
781,19,3,0.0,2,1,1,124297.32,0,4,581,France,Female,PLATINUM,0
516,46,2,0.0,2,1,1,169122.54,0,4,786,France,Male,GOLD,0
786,24,2,120135.55,2,1,1,125449.47,0,3,625,Germany,Male,PLATINUM,0
418,34,8,155973.88,1,1,0,154208.96,0,4,777,France,Male,GOLD,0
664,34,7,93920.47,1,0,0,179913.98,0,1,503,France,Female,PLATINUM,0
683,42,4,148283.94,1,1,1,44692.63,1,4,268,France,Female,SILVER,1
748,35,5,105492.53,1,1,1,150057.2,0,4,811,Spain,Male,GOLD,0
699,27,1,0.0,2,1,0,93003.21,0,5,476,France,Male,PLATINUM,0
842,46,9,0.0,1,0,0,17268.02,0,1,675,Spain,Male,SILVER,0
659,32,9,95377.13,1,0,1,187551.24,0,2,846,France,Male,SILVER,0
608,42,5,0.0,2,1,0,178504.29,0,4,403,France,Male,DIAMOND,0
613,38,9,67111.65,1,1,0,78566.64,1,3,599,Germany,Male,SILVER,1
548,35,10,0.0,1,1,1,31299.71,0,5,638,France,Female,SILVER,0
663,31,4,103430.11,2,0,1,36479.27,0,4,992,Spain,Male,GOLD,0
431,45,5,83624.55,2,0,0,36899.62,0,2,838,Germany,Male,DIAMOND,0
593,35,6,133489.12,2,1,1,78101.29,0,4,864,France,Female,DIAMOND,0
709,44,9,128601.98,1,1,0,117031.2,0,4,223,France,Male,GOLD,0
850,61,3,141784.02,1,1,1,92053.75,0,1,781,Germany,Male,SILVER,0
762,60,10,168920.75,1,1,0,31445.03,1,4,909,Spain,Female,SILVER,1
628,38,10,113525.84,1,1,0,46044.48,1,5,491,Germany,Male,PLATINUM,1
647,35,4,123761.68,1,1,0,83910.4,0,4,713,France,Male,PLATINUM,0
724,37,6,125489.4,1,1,0,118570.53,0,4,880,Germany,Male,SILVER,0
546,47,8,0.0,1,1,1,66408.01,1,3,432,France,Female,SILVER,1
646,24,8,0.0,2,0,0,92612.88,0,3,239,France,Male,GOLD,0
701,42,5,0.0,2,0,0,24210.56,0,1,282,Spain,Female,GOLD,0
527,32,0,0.0,1,1,0,109523.88,0,3,987,France,Male,SILVER,0
678,66,8,0.0,2,1,1,47117.03,0,1,636,France,Male,PLATINUM,0
564,27,6,0.0,1,0,0,7819.76,0,5,602,France,Female,PLATINUM,0
772,36,3,112029.83,1,1,1,186948.35,0,2,776,Spain,Male,SILVER,0
652,31,2,119148.55,1,0,0,149740.22,0,1,718,France,Male,PLATINUM,0
645,37,2,136925.09,2,0,1,153400.24,0,3,739,Germany,Female,PLATINUM,0
653,44,8,0.0,2,1,1,154639.72,0,3,382,France,Male,PLATINUM,0
808,39,3,124216.93,1,0,1,171442.36,0,5,471,Germany,Male,SILVER,0
590,32,0,127763.24,1,1,0,100717.54,0,2,417,France,Female,DIAMOND,0
625,43,8,201696.07,1,1,0,133020.9,1,4,538,France,Male,GOLD,1
642,18,5,111183.53,2,0,1,10063.75,0,5,642,Germany,Male,GOLD,0
689,73,1,108555.07,1,0,1,167969.15,0,1,623,Spain,Male,PLATINUM,0
674,31,1,0.0,1,1,0,128954.05,0,2,778,France,Female,SILVER,0
604,41,3,0.0,1,0,0,11819.84,0,4,536,Spain,Male,PLATINUM,0
604,28,7,0.0,2,0,0,58595.64,0,3,223,France,Male,SILVER,0
738,37,8,100565.94,1,1,1,128799.86,0,3,503,Spain,Female,DIAMOND,0
584,36,4,82696.09,2,0,0,83058.14,0,5,925,Spain,Male,PLATINUM,0
722,47,2,88011.4,1,1,1,90655.94,1,3,691,France,Female,SILVER,1
615,29,7,143330.56,2,1,1,126396.01,0,1,229,Spain,Female,DIAMOND,0
478,35,1,92474.05,1,1,0,178626.07,0,1,219,France,Male,SILVER,0
819,38,9,122334.26,2,1,1,181507.44,0,1,586,France,Male,SILVER,0
714,44,7,0.0,1,0,1,6923.11,0,2,902,Spain,Male,DIAMOND,0
644,34,9,112746.54,2,0,0,141230.07,0,3,615,Germany,Male,DIAMOND,0
594,23,5,156267.59,1,1,0,160968.44,0,2,871,France,Male,GOLD,0
583,31,4,158978.79,1,1,0,12538.92,0,4,862,France,Female,DIAMOND,0
698,56,1,112414.81,2,0,0,93982.02,1,4,257,Germany,Male,DIAMOND,1
511,40,9,124401.6,1,1,0,198814.24,1,1,946,Germany,Female,DIAMOND,1
579,39,5,117833.3,3,0,0,5831.0,1,3,778,Germany,Female,GOLD,1
619,45,0,0.0,2,0,0,113645.4,0,4,315,Spain,Female,SILVER,0
850,35,2,0.0,2,1,1,56991.66,0,5,288,France,Male,DIAMOND,0
457,38,7,164496.99,1,1,1,163327.27,0,3,929,France,Female,SILVER,0
780,34,5,94108.54,2,1,0,177235.21,0,5,581,Germany,Male,PLATINUM,0
673,40,5,137494.28,1,1,0,81753.92,0,1,748,France,Female,SILVER,0
594,38,7,96858.35,1,1,0,77511.45,0,1,797,Spain,Female,DIAMOND,0
777,43,1,0.0,2,1,0,21785.91,0,2,984,France,Male,GOLD,0
745,31,3,124328.84,1,1,1,140451.52,0,5,924,Spain,Female,GOLD,0
629,32,3,0.0,2,1,1,15404.64,0,1,601,Spain,Male,SILVER,0
526,61,6,133845.28,2,1,1,45180.8,0,1,592,Germany,Male,GOLD,0
464,33,8,164284.72,2,1,1,3710.34,0,4,406,Germany,Male,GOLD,0
707,40,3,109628.44,1,1,0,189366.03,0,2,361,Germany,Female,PLATINUM,0
761,27,8,0.0,2,1,0,63297.7,0,5,494,Spain,Male,SILVER,0
753,36,7,128518.98,1,1,1,44567.83,1,4,358,France,Female,PLATINUM,1
770,33,4,0.0,1,1,0,26080.54,1,4,577,France,Female,DIAMOND,1
556,39,9,89588.35,1,1,1,94898.1,0,1,827,France,Female,DIAMOND,0
756,31,10,122647.32,1,0,0,61666.87,0,1,280,France,Male,GOLD,0
835,25,7,0.0,2,1,1,83449.65,0,3,343,France,Male,SILVER,0
811,39,7,0.0,2,1,1,177519.39,0,3,363,Spain,Male,GOLD,0
542,35,2,174894.53,1,1,1,22314.55,0,4,380,Spain,Male,DIAMOND,0
644,37,2,186347.97,2,1,0,92809.73,0,4,499,France,Male,SILVER,0
688,46,8,155681.72,1,1,0,26287.21,0,3,984,Spain,Female,SILVER,0
601,40,3,92055.36,1,0,1,164652.02,1,5,543,France,Female,GOLD,1
438,59,7,127197.14,1,1,0,51565.98,1,2,550,Germany,Male,PLATINUM,1
691,35,6,0.0,2,0,1,178038.17,0,4,686,Spain,Male,GOLD,0
731,52,10,0.0,1,1,1,24998.75,1,1,333,France,Female,DIAMOND,1
553,53,5,127997.83,1,1,0,165378.66,1,2,775,Germany,Male,SILVER,1
636,45,3,0.0,2,1,1,159463.8,0,3,306,Spain,Male,GOLD,0
590,37,1,0.0,2,0,0,133535.99,0,2,930,Spain,Male,GOLD,0
669,22,10,0.0,2,1,0,176163.74,0,3,408,Spain,Male,PLATINUM,0
538,40,8,0.0,2,1,1,25554.4,0,1,879,Spain,Male,DIAMOND,0
650,41,3,128808.65,3,0,0,113677.53,1,2,676,Spain,Male,DIAMOND,1
662,38,0,105271.56,1,0,1,179833.45,0,1,539,France,Male,GOLD,0
520,38,5,0.0,2,1,0,163185.76,0,3,651,France,Male,SILVER,0
798,49,5,132571.67,1,1,1,31686.33,1,2,863,Germany,Female,DIAMOND,1
675,34,10,84944.58,1,0,0,146230.63,0,1,248,France,Female,PLATINUM,0
850,37,4,137204.77,1,1,1,28865.59,0,5,687,Spain,Male,DIAMOND,0
667,48,1,97133.92,2,0,0,113316.77,1,5,736,Germany,Female,GOLD,1
788,49,4,137455.99,1,1,0,184178.29,1,1,423,Germany,Female,SILVER,1
714,35,3,0.0,2,1,1,95623.28,0,2,253,France,Male,PLATINUM,0
604,36,10,113546.3,1,1,1,134875.37,0,1,582,Germany,Male,DIAMOND,0
694,39,3,0.0,1,1,1,95625.03,0,3,550,Spain,Male,SILVER,0
558,32,1,108262.87,1,1,1,6935.31,0,3,259,Germany,Female,PLATINUM,0
555,48,3,142055.41,2,0,1,79134.78,0,3,263,Germany,Male,SILVER,0
727,46,3,115248.11,4,1,0,130752.01,1,3,343,Germany,Male,DIAMOND,1
682,52,5,112670.48,1,1,0,21085.17,1,5,336,France,Female,PLATINUM,1
714,28,6,122724.37,1,1,1,67057.27,0,1,892,France,Male,DIAMOND,0
687,35,1,110752.15,2,1,1,47921.22,0,5,529,France,Female,GOLD,0
596,20,3,187294.46,1,1,0,103456.47,0,4,719,Spain,Male,DIAMOND,0
497,41,9,0.0,1,0,0,22074.48,0,1,1000,France,Male,PLATINUM,0
506,32,8,0.0,2,0,1,182692.8,0,4,671,Spain,Male,DIAMOND,0
794,31,0,144880.34,2,0,1,175643.44,0,3,542,Spain,Male,PLATINUM,0
812,49,8,66079.45,2,0,0,91556.57,1,5,632,Spain,Female,GOLD,1
634,36,1,0.0,1,1,1,143960.72,0,3,972,Spain,Female,GOLD,0
719,44,2,0.0,2,1,0,196582.19,0,5,660,Spain,Male,GOLD,0
652,40,8,84390.8,2,0,1,107876.2,0,4,306,France,Female,SILVER,0
678,54,1,123699.28,2,0,1,105221.76,0,1,664,Germany,Female,GOLD,0
674,18,7,0.0,2,1,1,55753.12,1,5,603,France,Male,DIAMOND,1
663,30,4,0.0,3,1,0,101371.05,0,1,604,Spain,Male,DIAMOND,0
625,22,9,0.0,2,1,0,157072.91,0,2,599,France,Male,PLATINUM,0
694,38,7,121527.4,1,1,0,113481.02,0,4,582,Spain,Male,PLATINUM,0
779,55,0,133295.98,1,1,0,22832.71,1,2,384,Spain,Female,DIAMOND,1
445,45,10,0.0,2,0,1,90977.48,0,1,797,Spain,Male,SILVER,0
712,42,1,87842.98,1,0,0,92223.59,0,4,927,France,Female,PLATINUM,0
531,44,3,0.0,2,1,1,34416.79,0,5,924,France,Male,PLATINUM,0
752,44,6,83870.33,1,1,0,178722.24,0,3,238,Spain,Male,SILVER,0
704,47,5,0.0,2,1,1,145338.61,0,4,308,France,Male,GOLD,0
670,50,8,138340.06,1,0,1,3159.15,0,1,603,France,Female,SILVER,0
701,36,8,0.0,2,1,0,169161.46,0,2,689,Spain,Male,DIAMOND,0
676,48,1,131659.59,2,0,1,14152.15,0,5,438,Spain,Male,DIAMOND,0
474,37,3,98431.37,1,0,0,75698.44,0,4,972,France,Male,DIAMOND,0
733,39,1,0.0,2,1,1,141841.31,0,5,367,France,Male,SILVER,0
750,43,6,113882.31,1,1,1,74564.41,0,5,526,France,Male,SILVER,0
850,70,5,0.0,1,1,1,705.18,0,1,283,Spain,Female,DIAMOND,0
554,26,8,149134.46,1,1,1,177966.24,0,1,631,Spain,Male,SILVER,0
635,34,3,134692.4,2,1,1,83773.02,0,4,246,France,Male,PLATINUM,0
735,34,5,0.0,2,0,0,71095.41,0,1,898,Spain,Male,PLATINUM,0
461,35,8,0.0,1,1,0,132295.95,0,3,963,Spain,Female,SILVER,0
773,52,4,0.0,1,0,1,144113.42,0,4,748,France,Male,SILVER,0
646,30,5,0.0,2,1,0,13935.32,0,3,786,France,Female,DIAMOND,0
573,26,4,129109.02,1,0,0,149814.68,1,4,743,France,Female,PLATINUM,1
758,35,5,0.0,2,1,0,95009.6,0,5,921,Spain,Male,SILVER,0
700,27,6,137963.07,1,0,0,8996.79,0,1,781,France,Female,GOLD,0
850,36,2,155180.56,2,0,0,169415.54,0,2,419,Spain,Female,DIAMOND,0
742,44,8,107926.02,1,0,1,17375.27,1,1,696,Germany,Female,DIAMOND,1
556,36,7,154872.08,2,1,1,32044.64,0,2,554,France,Male,GOLD,0
713,26,4,122857.46,2,1,0,144682.17,1,1,709,Spain,Female,PLATINUM,1
724,28,5,0.0,1,1,0,59351.68,0,4,697,France,Female,DIAMOND,0
591,27,5,107812.67,1,0,1,162501.83,1,2,792,Spain,Female,SILVER,1
684,34,6,0.0,2,1,1,130928.22,0,3,372,France,Female,SILVER,0
555,42,6,107104.5,1,1,1,41304.44,1,4,824,Germany,Male,PLATINUM,1
659,54,8,133436.52,1,1,0,56787.8,0,4,344,France,Male,DIAMOND,0
459,26,4,149879.66,1,0,0,50016.17,0,1,872,France,Male,DIAMOND,0
696,51,5,0.0,2,1,0,55022.43,0,4,509,Spain,Female,SILVER,0
633,30,2,109786.82,2,1,1,139712.81,0,2,778,Germany,Male,PLATINUM,0
760,38,6,162888.73,1,1,0,91098.76,1,2,528,France,Male,GOLD,1
812,32,5,133050.97,2,1,0,89385.92,0,2,240,France,Male,SILVER,0
595,30,9,130682.11,2,1,1,57862.88,0,2,632,Germany,Male,DIAMOND,0
663,22,6,0.0,2,0,1,131827.15,0,4,476,France,Male,PLATINUM,0
637,63,5,0.0,1,1,0,28092.77,1,1,252,France,Female,PLATINUM,1
464,37,4,155994.15,1,0,0,143665.44,0,4,772,Germany,Male,PLATINUM,0
543,42,7,0.0,1,1,1,56650.47,0,5,716,France,Male,SILVER,0
502,32,1,173340.83,1,0,1,122763.95,0,1,434,Germany,Female,PLATINUM,0
669,50,4,149713.61,3,1,1,124872.42,1,4,329,France,Male,PLATINUM,1
683,36,5,115350.63,1,1,1,122305.91,0,5,398,France,Male,DIAMOND,0
550,22,7,139096.85,1,1,0,129890.94,0,4,975,France,Female,DIAMOND,0
850,43,2,125510.82,1,1,1,79084.1,0,5,425,Spain,Female,GOLD,0
762,53,1,102520.37,1,1,1,170195.4,0,2,876,France,Male,SILVER,0
744,44,5,120654.68,1,1,0,82290.81,0,4,790,Spain,Male,DIAMOND,0
760,39,6,178585.46,1,1,0,67131.3,1,3,790,France,Male,DIAMOND,1
612,26,4,0.0,2,1,1,179780.74,0,2,516,Spain,Female,GOLD,0
687,33,9,135962.4,2,1,0,121747.96,0,1,493,Germany,Male,PLATINUM,0
548,33,1,80107.83,2,0,1,82245.67,0,3,524,France,Female,GOLD,0
545,37,9,95829.13,2,0,1,104936.88,0,5,406,Germany,Male,GOLD,0
615,51,6,81818.49,1,1,1,169149.38,0,3,454,Spain,Male,SILVER,0
534,27,9,0.0,2,1,0,161344.13,0,2,925,France,Male,PLATINUM,0
613,34,3,0.0,1,1,1,41724.72,0,2,474,Spain,Male,GOLD,0
848,40,3,110929.96,1,1,1,30876.84,0,3,844,Spain,Male,GOLD,0
698,47,5,156265.31,2,0,0,1055.66,0,1,630,France,Male,SILVER,0
658,24,2,0.0,2,1,1,84694.49,0,3,698,France,Female,PLATINUM,0
653,43,6,0.0,2,1,1,7330.59,0,5,848,France,Female,DIAMOND,0
645,49,8,0.0,2,1,0,162012.6,0,4,503,Spain,Male,DIAMOND,0
837,29,9,0.0,2,1,1,41866.26,0,4,374,France,Female,SILVER,0
689,34,1,165312.27,1,1,0,155495.63,0,3,326,France,Male,DIAMOND,0
701,41,2,0.0,1,1,0,47856.78,0,4,916,France,Female,GOLD,0
608,47,6,0.0,1,1,1,126012.57,0,5,725,France,Female,SILVER,0
789,32,7,69423.52,1,1,0,107499.39,0,2,666,France,Female,SILVER,0
757,31,1,127320.36,3,1,0,163170.32,0,5,892,Germany,Male,PLATINUM,0
554,44,7,85304.27,1,1,1,58076.52,0,4,895,France,Male,GOLD,0
557,48,10,0.0,2,1,1,185094.48,0,5,933,Spain,Male,PLATINUM,0
711,36,8,0.0,2,1,0,55207.41,0,3,410,Spain,Male,GOLD,0
685,40,7,0.0,2,1,0,103898.59,0,2,858,France,Female,PLATINUM,0
734,37,0,152760.24,1,1,1,48990.5,0,4,763,Spain,Female,DIAMOND,0
508,60,7,143262.04,1,1,1,129562.74,0,3,727,France,Female,GOLD,0
554,44,9,135814.7,2,0,0,115091.38,0,4,494,France,Female,SILVER,0
565,38,5,0.0,2,0,1,80630.32,0,5,441,France,Male,PLATINUM,0
501,34,3,107747.57,1,1,0,9249.36,0,5,396,France,Female,GOLD,0
527,35,8,0.0,1,1,0,98031.53,1,4,277,Spain,Female,GOLD,1
686,34,9,0.0,2,1,0,127569.8,0,3,358,Spain,Male,SILVER,0
592,38,0,0.0,1,1,0,65986.48,1,1,354,Spain,Male,GOLD,1
584,50,1,0.0,1,0,1,152567.75,1,2,290,Spain,Female,SILVER,1
597,35,9,0.0,3,0,1,73181.39,1,3,601,Spain,Male,DIAMOND,1
753,47,1,131160.85,1,1,0,197444.69,0,3,482,Germany,Female,DIAMOND,0
643,34,7,0.0,2,0,1,100304.13,0,5,520,France,Male,DIAMOND,0
512,51,6,144953.31,1,1,1,165035.17,0,2,339,France,Male,PLATINUM,0
671,38,6,132129.72,1,0,1,76068.95,0,1,593,France,Female,SILVER,0
747,58,7,116313.57,1,1,1,190696.35,1,3,844,Germany,Male,PLATINUM,1
444,40,5,84350.07,1,1,0,143835.76,0,2,580,France,Female,GOLD,0
614,43,6,0.0,2,1,1,109041.53,0,1,318,France,Female,PLATINUM,0
680,25,4,123816.5,1,1,1,90162.35,0,2,546,France,Female,GOLD,0
551,31,1,0.0,2,1,1,185105.44,0,4,275,France,Male,SILVER,0
682,36,5,0.0,2,1,1,147758.51,0,5,628,Spain,Male,GOLD,0
641,51,2,117306.69,4,1,1,26912.72,1,4,300,Germany,Female,DIAMOND,1
550,33,4,118400.91,1,0,1,13999.64,1,3,362,Germany,Male,PLATINUM,1
674,28,3,0.0,1,1,0,51536.99,0,5,409,France,Female,PLATINUM,0
571,32,5,131354.25,1,1,0,125256.53,0,1,607,France,Male,PLATINUM,0
776,29,7,178171.04,2,1,1,115818.51,0,5,977,France,Female,DIAMOND,0
613,43,10,120481.69,1,0,0,94875.03,1,1,333,Germany,Female,DIAMOND,1
761,31,7,0.0,3,1,1,166698.18,0,5,753,France,Male,GOLD,0
850,66,0,127120.62,1,0,1,118929.64,1,1,617,Germany,Female,PLATINUM,1
481,34,5,0.0,2,1,1,125253.46,0,4,848,France,Female,PLATINUM,0
531,29,3,114590.58,1,0,0,75585.48,0,5,429,France,Male,DIAMOND,0
650,50,7,129667.77,1,0,0,42028.16,0,5,485,Spain,Female,PLATINUM,0
466,29,6,0.0,2,1,1,2797.27,0,2,824,France,Male,GOLD,0
802,40,5,0.0,2,1,1,175043.69,0,4,332,Spain,Male,GOLD,0
655,46,7,137145.12,1,1,0,115146.4,1,4,591,Germany,Female,GOLD,1
642,36,6,0.0,2,1,1,97938.59,0,4,285,Spain,Female,PLATINUM,0
487,37,6,0.0,2,1,1,126477.41,0,2,701,France,Male,SILVER,0
594,27,0,197041.8,1,0,0,151912.49,0,2,690,France,Male,PLATINUM,0
715,41,8,56214.85,2,0,0,92982.61,1,4,790,France,Female,GOLD,1
605,19,8,166133.28,1,1,1,107994.99,0,5,870,Germany,Male,DIAMOND,0
543,42,4,89838.71,3,1,0,85983.54,1,3,660,France,Male,DIAMOND,1
742,33,0,181656.51,1,1,1,107667.91,0,1,288,Germany,Male,SILVER,0
627,27,2,0.0,2,1,0,125451.01,0,3,402,France,Female,DIAMOND,0
699,53,4,0.0,2,0,1,111307.98,0,1,513,France,Male,PLATINUM,0
616,36,6,132311.71,1,0,0,15462.84,0,2,268,Spain,Female,SILVER,0
680,31,1,0.0,2,1,1,3148.2,0,2,442,France,Male,GOLD,0
637,36,9,166939.88,1,1,1,72504.76,0,1,454,France,Female,PLATINUM,0
490,48,8,155413.06,1,1,0,187921.3,0,3,319,Spain,Female,GOLD,0
436,43,5,0.0,2,1,1,35687.43,0,5,557,Spain,Male,DIAMOND,0
844,40,7,113348.14,1,1,0,31904.31,1,4,326,France,Male,SILVER,1
509,38,2,0.0,1,0,0,168460.12,0,2,450,Spain,Male,GOLD,0
685,38,4,111798.06,2,1,1,102184.66,0,2,416,Germany,Male,SILVER,0
499,42,0,147187.84,1,1,1,14868.94,1,5,662,Spain,Female,SILVER,1
711,29,3,130181.47,2,1,0,31811.44,0,5,719,France,Female,SILVER,0
647,32,9,80958.36,1,1,1,128590.73,0,4,540,Spain,Male,GOLD,0
446,25,3,136202.78,1,1,0,176743.51,0,4,610,Germany,Male,GOLD,0
660,26,4,115021.76,1,0,1,162443.05,0,1,573,Germany,Male,GOLD,0
726,31,9,0.0,2,1,1,106117.3,0,3,624,France,Male,GOLD,0
717,22,5,112465.06,1,1,1,92977.75,0,3,250,France,Female,DIAMOND,0
786,37,7,165896.22,2,1,1,66977.68,0,1,568,France,Male,GOLD,0
614,49,1,0.0,2,1,0,192440.54,0,1,449,France,Male,DIAMOND,0
493,54,3,167831.88,2,1,0,150159.95,1,5,591,France,Male,PLATINUM,1
764,29,5,0.0,2,1,0,65868.28,0,4,275,Spain,Male,DIAMOND,0
670,37,4,170557.91,2,1,0,198252.88,0,5,729,France,Male,GOLD,0
695,36,2,0.0,2,0,1,167749.54,0,3,463,France,Female,SILVER,0
738,37,7,140950.92,2,1,0,195333.98,0,5,865,Germany,Male,SILVER,0
776,43,4,0.0,2,0,1,162137.5,0,1,228,France,Female,DIAMOND,0
571,41,8,0.0,1,1,1,63736.17,0,4,681,France,Male,SILVER,0
554,34,8,0.0,1,0,1,106981.03,0,4,539,Spain,Female,DIAMOND,0
578,50,5,151215.34,2,1,0,169804.4,0,4,623,France,Male,PLATINUM,0
588,34,6,121132.26,2,1,0,86460.28,0,3,468,Spain,Male,DIAMOND,0
649,37,9,87374.88,2,1,1,247.36,0,1,245,France,Male,PLATINUM,0
707,33,2,0.0,2,0,0,130866.95,0,4,993,France,Male,GOLD,0
672,40,4,89025.88,2,1,0,188892.19,0,1,955,Germany,Male,GOLD,0
498,42,3,152039.7,1,1,1,53445.17,1,3,790,Germany,Male,GOLD,1
725,43,2,165896.0,2,1,0,130795.52,0,2,527,France,Male,SILVER,0
701,42,6,86167.82,1,1,0,153342.38,0,5,958,France,Female,DIAMOND,0
706,23,5,0.0,1,0,0,164128.41,1,2,620,France,Female,GOLD,1
615,59,4,155766.05,1,1,1,110275.17,0,1,306,Spain,Male,DIAMOND,0
516,47,9,128298.74,1,0,0,149614.17,1,1,630,Germany,Female,SILVER,1
633,37,7,141546.35,1,1,1,124830.11,0,3,530,France,Male,GOLD,0
407,37,1,0.0,1,1,1,49161.12,1,1,900,Spain,Male,GOLD,1
732,48,4,102962.62,1,1,0,120852.85,1,3,287,Germany,Female,DIAMOND,1
825,32,1,0.0,2,1,1,42935.15,0,1,359,Spain,Female,PLATINUM,0
850,36,7,102800.72,1,1,1,87352.43,0,1,471,Germany,Male,DIAMOND,0
684,35,6,135871.5,1,1,1,87219.41,0,5,353,France,Male,DIAMOND,0
587,49,7,155393.98,2,1,0,13308.2,1,1,318,Germany,Female,DIAMOND,1
807,43,0,0.0,2,0,1,85523.24,0,5,660,Spain,Female,PLATINUM,0
524,22,9,0.0,2,1,0,74405.34,0,5,992,France,Male,SILVER,0
674,26,6,166257.96,1,1,1,149369.41,0,1,870,France,Male,PLATINUM,0
617,24,4,137295.19,2,1,1,91195.12,0,1,598,France,Female,PLATINUM,0
616,31,7,76665.71,2,1,1,163809.08,0,3,468,Spain,Male,GOLD,0
701,37,8,130091.5,1,1,1,120031.29,0,1,902,France,Male,PLATINUM,0
710,22,8,0.0,2,0,0,99645.04,0,4,289,Spain,Male,SILVER,0
678,34,6,0.0,2,1,1,124592.84,0,2,516,France,Female,GOLD,0
837,26,4,89900.24,2,1,0,175477.03,0,2,265,France,Male,DIAMOND,0
683,26,7,0.0,2,1,0,86619.77,0,4,687,France,Female,DIAMOND,0
628,39,8,107553.33,1,1,0,117523.41,0,4,256,Spain,Female,DIAMOND,0
790,31,2,151290.16,1,1,1,172437.12,0,1,790,France,Female,DIAMOND,0
614,39,3,151914.93,1,0,0,56459.45,0,4,293,Spain,Male,PLATINUM,0
698,40,8,150777.1,1,1,0,114732.62,0,3,981,Germany,Female,GOLD,0
581,54,2,152508.99,1,1,0,187597.98,1,1,783,Germany,Female,SILVER,1
535,50,1,140292.58,3,0,0,69531.22,1,2,315,Spain,Female,GOLD,1
536,44,4,121898.82,1,0,0,131007.18,0,2,763,Germany,Female,GOLD,0
538,39,2,122773.5,2,1,1,58467.08,0,5,419,Spain,Male,PLATINUM,0
478,43,1,0.0,2,1,1,197916.43,0,5,303,Spain,Male,DIAMOND,0
850,35,2,80931.75,1,0,0,12639.67,1,2,983,Germany,Female,DIAMOND,1
762,35,1,117458.51,1,0,1,178361.48,1,4,222,Germany,Male,DIAMOND,1
434,55,8,109339.17,2,1,0,96405.88,1,3,629,Germany,Male,GOLD,1
560,28,1,0.0,2,1,1,120880.72,0,3,451,Spain,Female,SILVER,0
635,58,1,0.0,1,1,1,58907.08,1,1,318,France,Female,DIAMOND,1
794,35,6,0.0,2,1,1,68730.91,0,3,934,France,Male,GOLD,0
720,45,1,102882.4,2,1,1,35633.15,1,3,219,France,Female,DIAMOND,1
726,44,2,0.0,2,1,1,26733.86,0,3,655,France,Female,SILVER,0
637,43,1,135645.29,2,0,1,101382.86,1,5,823,Germany,Male,GOLD,1
627,40,10,0.0,2,1,1,194792.42,0,5,545,Spain,Male,GOLD,0
557,32,6,184686.41,2,1,0,14956.44,0,3,299,France,Female,GOLD,0
529,31,6,0.0,1,1,0,10625.91,0,4,491,Spain,Male,DIAMOND,0
658,29,8,0.0,2,0,1,130461.09,0,5,694,France,Female,DIAMOND,0
606,33,8,0.0,2,1,1,63176.77,0,2,640,Spain,Male,DIAMOND,0
523,45,5,0.0,2,1,1,121428.2,0,2,386,France,Male,SILVER,0
799,38,2,0.0,2,1,1,59297.34,0,1,780,Spain,Male,DIAMOND,0
683,24,8,98567.1,1,1,0,187987.01,0,1,987,Spain,Female,SILVER,0
638,32,0,0.0,2,1,0,160129.99,0,2,530,France,Female,SILVER,0
623,27,4,120509.81,1,0,0,142170.44,0,2,408,France,Male,GOLD,0
651,37,9,114453.58,1,0,1,175820.91,0,4,403,Germany,Male,SILVER,0
679,37,8,77373.87,2,0,1,174873.09,0,2,720,Germany,Female,GOLD,0
707,33,8,136678.52,1,1,0,54290.62,0,4,842,France,Male,SILVER,0
729,39,4,121404.64,1,1,1,159618.17,0,3,797,France,Male,GOLD,0
747,42,4,80214.36,1,1,0,115241.96,1,5,387,France,Male,SILVER,1
587,36,1,134997.49,2,1,0,44688.08,0,1,675,France,Female,PLATINUM,0
672,21,3,165878.76,2,1,1,164537.17,0,2,412,Germany,Female,DIAMOND,0
649,52,8,49113.75,1,1,0,41858.43,0,1,673,France,Female,SILVER,0
602,42,1,138912.17,1,1,1,139494.75,0,1,759,Spain,Female,GOLD,0
845,41,2,81733.74,2,0,0,199761.29,0,1,359,Germany,Female,DIAMOND,0
678,36,6,118448.15,2,1,0,53172.02,0,3,761,Germany,Male,GOLD,0
781,20,0,125023.1,2,1,1,108301.45,0,3,295,France,Male,PLATINUM,0
621,51,4,109978.83,1,0,0,177740.58,1,3,387,Germany,Male,SILVER,1
695,34,9,0.0,2,1,1,67502.12,0,1,774,Spain,Female,GOLD,0
751,30,6,0.0,2,1,0,15766.1,0,2,633,France,Female,DIAMOND,0
679,34,7,121063.85,1,1,0,56984.58,0,1,564,Germany,Female,GOLD,0
487,53,10,89550.85,1,0,1,90076.85,0,3,575,France,Female,SILVER,0
665,29,1,182781.74,2,1,1,63732.9,0,4,943,Spain,Male,GOLD,0
691,37,9,149405.18,1,1,1,146411.6,0,5,562,France,Male,DIAMOND,0
690,32,2,76087.98,1,0,1,151822.66,0,1,308,Spain,Male,PLATINUM,0
536,23,6,92366.72,2,1,0,120661.71,0,2,733,Germany,Male,DIAMOND,0
746,32,4,0.0,2,1,1,72909.75,0,3,468,France,Female,DIAMOND,0
721,37,3,107720.64,1,1,1,158591.12,0,1,478,Germany,Male,PLATINUM,0
711,21,0,82844.33,2,0,1,1408.68,0,1,310,France,Female,SILVER,0
638,37,7,124513.66,2,1,0,158610.89,0,4,705,Germany,Female,PLATINUM,0
615,45,5,0.0,2,1,1,164886.64,0,4,537,France,Male,DIAMOND,0
644,30,5,44928.88,1,1,1,10771.46,0,4,528,France,Male,PLATINUM,0
660,30,7,146301.31,1,0,0,96847.91,0,1,950,France,Male,PLATINUM,0
573,52,8,0.0,2,0,1,178229.04,0,2,481,France,Male,SILVER,0
589,19,9,83495.11,1,1,1,143022.31,1,4,747,Germany,Female,GOLD,1
516,50,5,0.0,1,0,1,146145.93,1,5,509,Spain,Male,GOLD,1
534,35,2,81951.74,2,1,0,115668.53,0,2,636,France,Male,DIAMOND,0
682,81,6,122029.15,1,1,1,50783.88,0,4,526,Germany,Male,PLATINUM,0
648,32,8,157138.99,3,1,0,190994.48,1,5,984,Germany,Female,PLATINUM,1
809,42,6,64497.94,3,0,1,182436.81,1,5,883,Germany,Female,PLATINUM,1
707,40,5,0.0,2,1,0,41052.82,0,2,763,France,Female,DIAMOND,0
553,37,2,0.0,2,1,0,33877.29,0,1,461,France,Male,SILVER,0
740,44,9,0.0,1,0,1,96528.0,1,2,703,France,Male,DIAMOND,1
604,27,9,101352.78,1,0,0,30252.3,0,2,799,Spain,Male,DIAMOND,0
619,38,10,119658.49,1,1,1,8646.58,0,2,412,Spain,Female,SILVER,0
498,46,1,91857.66,1,1,0,101954.78,1,5,660,France,Male,GOLD,1
681,38,2,99811.44,2,1,0,23531.5,0,1,568,Spain,Male,DIAMOND,0
675,57,8,0.0,2,0,1,95463.29,0,3,632,France,Female,SILVER,0
791,36,6,111168.97,1,1,1,189969.91,0,1,741,France,Male,DIAMOND,0
746,36,2,0.0,2,1,1,16436.56,0,5,718,Spain,Male,DIAMOND,0
595,39,7,120962.13,1,0,0,23305.01,0,3,359,France,Female,DIAMOND,0
573,37,6,0.0,2,1,0,193995.37,0,4,326,France,Female,PLATINUM,0
804,55,7,0.0,2,1,1,118752.6,0,5,914,France,Male,SILVER,0
706,30,6,87609.68,2,0,0,137674.55,1,4,643,Spain,Male,SILVER,1
637,33,5,0.0,2,1,0,139947.17,0,5,241,France,Male,SILVER,0
734,37,2,130404.92,1,0,0,34548.74,0,2,434,Spain,Female,DIAMOND,0
625,39,5,0.0,1,1,0,99800.87,0,5,520,France,Male,GOLD,0
730,41,4,167545.32,1,1,0,128246.81,0,3,474,France,Female,DIAMOND,0
559,46,5,0.0,1,1,0,21006.1,1,1,486,France,Female,DIAMOND,1
653,37,3,125734.2,2,1,0,134625.09,1,1,389,Germany,Female,DIAMOND,1
601,35,8,71553.83,1,1,0,177384.45,0,4,448,Germany,Male,DIAMOND,0
685,57,7,101868.51,1,0,1,113483.96,0,4,911,Germany,Male,DIAMOND,0
519,21,1,151701.45,3,1,1,170138.68,1,1,623,Germany,Female,SILVER,1
603,43,5,127823.93,1,1,1,19483.35,0,1,711,France,Male,SILVER,0
695,46,4,0.0,2,1,1,137537.22,0,2,499,France,Male,PLATINUM,0
596,39,10,86546.29,1,0,1,131768.98,0,3,890,France,Female,DIAMOND,0
615,39,5,113193.51,2,1,1,52166.25,0,4,624,Germany,Male,PLATINUM,0
638,34,6,114543.27,1,1,1,97755.29,0,4,613,France,Male,DIAMOND,0
656,40,2,0.0,2,1,1,180553.48,0,1,409,France,Male,SILVER,0
586,51,2,138553.57,1,1,1,92406.22,0,4,832,France,Male,DIAMOND,0
850,81,1,0.0,2,1,1,59568.24,0,3,886,France,Female,GOLD,0
673,51,8,79563.36,2,1,1,172200.91,0,3,419,France,Male,PLATINUM,0
729,32,9,0.0,2,0,0,150803.44,0,4,282,France,Female,GOLD,0
621,43,8,0.0,1,0,0,102806.6,0,1,590,Spain,Female,DIAMOND,0
823,46,3,81576.75,1,1,1,28370.95,1,1,621,Spain,Female,SILVER,1
596,67,6,0.0,2,1,1,138350.74,0,3,727,Spain,Male,PLATINUM,0
576,19,6,0.0,2,0,0,72306.07,0,2,600,Spain,Male,GOLD,0
560,38,5,83714.41,1,1,1,33245.97,0,4,289,France,Female,SILVER,0
700,40,4,148571.07,1,1,0,189826.96,1,2,266,Germany,Female,SILVER,1
803,33,6,0.0,2,1,0,115676.61,0,4,416,France,Male,SILVER,0
645,45,6,155417.61,1,0,1,3449.22,0,3,810,France,Male,PLATINUM,0
604,39,7,98544.11,1,1,1,52327.57,0,2,668,Spain,Female,PLATINUM,0
662,34,2,0.0,2,0,1,21497.27,0,4,892,France,Male,GOLD,0
610,45,1,0.0,2,1,1,199657.46,0,3,571,France,Female,DIAMOND,0
679,47,10,198546.1,2,1,0,191198.92,1,5,694,France,Male,SILVER,1
574,34,5,0.0,2,0,0,28269.86,0,5,626,Spain,Male,DIAMOND,0
606,34,5,0.0,1,1,0,161971.42,0,1,891,France,Male,SILVER,0
850,38,7,80293.98,1,0,0,126555.74,0,3,609,France,Male,SILVER,0
619,31,2,56116.3,2,0,0,2181.94,0,2,972,Germany,Female,GOLD,0
411,36,10,0.0,1,0,0,120694.35,0,2,329,France,Female,PLATINUM,0
570,18,4,82767.42,1,1,0,71811.9,0,5,507,France,Female,SILVER,0
649,56,8,156974.26,1,1,0,89405.26,1,4,927,France,Female,SILVER,1
503,38,1,0.0,2,1,1,95153.24,0,2,433,France,Male,DIAMOND,0
749,33,1,74385.98,1,1,0,20164.47,0,2,675,France,Female,DIAMOND,0
523,39,1,143903.11,1,1,1,118711.75,1,1,732,Germany,Female,SILVER,1
726,35,9,0.0,2,0,1,100556.98,0,3,761,Spain,Female,PLATINUM,0
741,38,4,128015.83,1,1,0,58440.43,0,2,792,Germany,Male,GOLD,0
707,52,7,0.0,1,1,0,109688.82,1,1,533,Spain,Female,SILVER,1
715,35,2,141005.47,1,1,1,60407.93,0,1,674,France,Male,SILVER,0
540,39,4,127278.31,1,1,1,16150.34,0,3,572,Germany,Male,DIAMOND,0
717,53,6,0.0,2,0,1,97614.87,0,2,477,France,Male,DIAMOND,0
563,22,3,137583.04,1,0,1,5791.85,0,2,628,France,Male,SILVER,0
850,29,1,0.0,2,1,1,197996.65,0,3,534,Spain,Female,DIAMOND,0
558,56,7,121235.05,2,1,1,116253.1,0,4,801,France,Female,GOLD,0
757,33,1,122088.67,1,1,0,42581.09,0,2,419,Germany,Male,DIAMOND,0
704,40,6,95452.89,1,0,1,179964.55,0,1,701,France,Female,PLATINUM,0
850,55,10,98488.08,1,1,0,155879.57,1,4,814,France,Female,SILVER,1
608,41,3,89763.84,1,0,0,199304.74,1,3,639,Spain,Female,PLATINUM,1
716,44,6,155114.9,1,0,0,133871.83,0,5,682,France,Female,SILVER,0
725,33,4,0.0,1,1,1,67879.8,0,3,446,France,Female,DIAMOND,0
720,64,3,45752.78,2,1,0,79623.28,1,4,608,Spain,Male,SILVER,1
511,40,1,0.0,1,1,1,184118.73,0,3,534,Spain,Female,PLATINUM,0
774,60,5,85891.55,1,1,0,74135.48,1,5,540,France,Male,GOLD,1
660,38,4,0.0,2,0,0,88080.43,0,3,490,France,Male,GOLD,0
828,34,9,0.0,2,1,1,81853.98,0,5,766,Spain,Male,SILVER,0
739,58,1,110597.76,1,0,1,160122.66,1,2,831,Germany,Male,PLATINUM,1
677,36,10,68806.84,1,1,0,33075.24,0,3,772,Germany,Female,GOLD,0
767,23,2,139542.82,1,0,1,28038.28,0,3,347,Germany,Male,DIAMOND,0
708,21,8,133974.36,2,1,0,50294.09,0,5,959,Germany,Male,GOLD,0
367,42,6,93608.28,1,1,0,168816.73,1,3,592,Spain,Male,PLATINUM,1
670,33,7,0.0,2,1,1,88187.81,0,2,241,France,Female,DIAMOND,0
615,32,5,138521.83,1,1,1,56897.1,0,3,777,Spain,Male,SILVER,0
678,51,1,145751.03,1,0,0,109718.44,1,4,957,Germany,Female,DIAMOND,1
548,32,2,98986.28,1,1,1,55867.38,0,4,315,Germany,Male,DIAMOND,0
526,31,5,145537.21,1,1,0,132404.64,0,2,537,Germany,Male,GOLD,0
739,32,3,102128.27,1,1,0,63981.37,1,2,979,Germany,Male,DIAMOND,1
602,72,3,0.0,2,1,1,171260.66,0,3,219,France,Female,PLATINUM,0
696,60,8,88786.81,1,1,1,196858.4,0,1,628,Spain,Male,PLATINUM,0
775,48,4,178144.91,2,0,0,50168.41,1,5,795,Spain,Male,DIAMOND,1
699,31,10,125837.86,2,1,0,189392.66,0,1,409,Germany,Female,DIAMOND,0
588,35,3,104356.38,1,1,0,94498.82,0,5,885,Germany,Male,GOLD,0
752,38,3,183102.29,1,1,1,71557.12,0,3,833,Germany,Male,SILVER,0
707,57,1,92053.0,1,1,1,164064.44,1,3,828,France,Female,DIAMOND,1
656,38,10,0.0,1,1,1,136521.82,0,1,894,France,Male,SILVER,0
728,38,1,115934.74,1,1,1,139059.05,0,5,672,France,Male,GOLD,0
791,31,10,75499.24,1,1,0,22184.14,0,2,303,France,Female,GOLD,0
597,39,8,162532.14,3,1,0,36051.46,1,2,699,Germany,Female,SILVER,1
655,59,7,0.0,1,1,0,88958.49,1,4,716,France,Female,DIAMOND,1
731,36,6,0.0,1,0,0,152128.36,0,1,688,France,Female,PLATINUM,0
612,47,6,130024.87,1,1,1,45750.21,1,4,705,Germany,Female,PLATINUM,1
716,41,8,126145.54,2,1,1,138051.19,0,5,992,Germany,Male,SILVER,0
603,26,4,109166.37,1,1,1,92840.67,0,3,882,Germany,Male,PLATINUM,0
703,29,3,122084.63,1,0,1,82824.08,0,2,712,Germany,Female,PLATINUM,0
575,29,4,121823.4,2,1,1,50368.87,0,4,435,France,Male,PLATINUM,0
547,25,4,98141.57,2,1,1,52309.8,0,2,837,Germany,Male,SILVER,0
813,27,6,111348.15,1,1,0,46422.46,0,1,822,Germany,Male,SILVER,0
767,42,2,133616.39,1,1,0,28615.8,0,5,584,France,Female,PLATINUM,0
629,35,8,112330.83,1,1,1,91001.02,0,3,556,Germany,Male,GOLD,0
794,22,4,114440.24,1,1,1,107753.07,0,4,226,Spain,Female,SILVER,0
620,37,0,107548.94,1,1,0,71175.94,0,5,319,France,Male,GOLD,0
596,29,2,0.0,2,1,1,1591.19,0,2,224,Spain,Male,DIAMOND,0
574,33,3,134348.57,1,1,0,63163.99,0,4,596,France,Female,DIAMOND,0
603,45,9,0.0,1,0,0,148516.79,0,5,593,France,Male,PLATINUM,0
562,33,6,0.0,2,1,0,111590.35,0,3,933,France,Male,DIAMOND,0
564,24,6,149592.14,1,1,1,153771.8,0,2,301,Spain,Female,GOLD,0
648,31,5,0.0,2,1,1,5199.02,0,2,980,Spain,Female,DIAMOND,0
632,37,1,138207.08,1,1,0,60778.11,1,3,302,Spain,Male,DIAMOND,1
651,45,8,95922.9,1,1,0,84782.42,1,2,591,Spain,Female,GOLD,1
541,40,7,95710.11,2,1,0,49063.42,0,1,834,Germany,Male,PLATINUM,0
676,36,1,82729.49,1,1,0,113810.12,0,5,868,Spain,Male,GOLD,0
723,68,3,110357.0,1,0,0,141977.54,1,1,761,Germany,Female,PLATINUM,1
610,29,9,0.0,3,0,1,83912.24,0,5,691,Spain,Male,SILVER,0
538,68,9,0.0,2,1,0,110440.5,1,3,252,Spain,Male,SILVER,1
684,30,2,0.0,2,1,0,83473.82,0,4,699,France,Male,DIAMOND,0
766,26,3,104258.8,1,1,1,428.23,0,5,392,France,Female,SILVER,0
628,37,9,0.0,2,1,1,34689.77,0,1,757,France,Female,PLATINUM,0
574,52,7,115532.52,1,1,0,196257.67,0,3,625,Spain,Male,GOLD,0
645,39,8,0.0,2,0,0,96864.36,0,5,287,France,Male,SILVER,0
783,38,1,0.0,3,1,1,80178.54,1,3,534,Spain,Male,SILVER,1
485,32,6,102238.01,2,1,1,194010.12,0,4,784,Spain,Male,PLATINUM,0
531,32,0,109570.21,2,1,1,172049.84,0,3,584,Germany,Female,GOLD,0
731,41,3,0.0,2,1,0,101371.72,0,4,292,Spain,Male,PLATINUM,0
649,46,5,0.0,2,1,1,76946.6,0,5,765,France,Male,PLATINUM,0
538,33,6,93791.38,1,1,1,199249.29,0,5,718,France,Male,PLATINUM,0
644,40,9,137285.26,4,1,0,77063.63,1,3,444,France,Female,GOLD,1
804,38,3,124197.22,1,1,0,74692.06,0,2,271,Spain,Female,PLATINUM,0
648,33,7,134944.0,1,1,1,117036.38,0,2,219,France,Male,PLATINUM,0
756,32,4,0.0,2,1,0,147040.25,0,5,809,France,Female,PLATINUM,0
654,37,5,0.0,1,0,1,71492.28,0,5,236,France,Female,PLATINUM,0
771,41,5,0.0,2,0,1,92914.67,0,2,958,Spain,Female,DIAMOND,0
674,36,2,0.0,2,1,1,182787.17,0,1,353,Spain,Male,GOLD,0
782,72,5,148666.99,1,1,0,2605.65,1,4,705,Germany,Female,GOLD,1
438,38,2,0.0,2,1,0,136859.55,0,5,416,France,Male,SILVER,0
550,34,3,0.0,2,0,0,131281.28,0,5,806,Spain,Male,SILVER,0
718,29,2,0.0,1,1,0,126336.72,0,1,422,France,Male,GOLD,0
724,41,5,109798.25,1,0,1,149593.61,0,1,829,France,Female,PLATINUM,0
497,34,2,0.0,2,1,1,83087.13,0,5,502,France,Male,DIAMOND,0
835,32,8,124993.29,2,1,1,27548.06,0,5,827,France,Male,PLATINUM,0
558,33,0,108477.49,1,1,1,109096.71,1,2,729,France,Male,SILVER,1
670,33,9,84521.48,2,0,1,198017.05,0,4,430,Germany,Female,SILVER,0
590,60,6,147751.75,1,1,0,88206.04,1,3,289,France,Female,SILVER,1
415,32,5,145807.59,1,1,1,3064.65,0,2,833,France,Male,PLATINUM,0
837,38,2,126732.85,1,1,1,79577.38,0,2,644,Germany,Male,DIAMOND,0
713,41,3,0.0,2,1,0,55772.04,0,3,443,France,Male,PLATINUM,0
627,30,6,0.0,1,1,1,113408.47,0,4,320,Spain,Female,DIAMOND,0
700,28,8,159900.38,1,0,0,22698.56,0,1,227,Spain,Male,GOLD,0
683,39,4,0.0,2,1,0,171716.81,0,2,913,France,Male,GOLD,0
641,37,7,62974.64,2,0,1,39016.43,0,1,513,Germany,Female,GOLD,0
687,34,7,111388.18,2,1,0,148564.76,0,4,570,Germany,Female,GOLD,0
607,26,1,0.0,1,1,0,29818.2,0,2,543,France,Male,GOLD,0
577,35,10,0.0,2,1,1,25161.61,0,3,723,France,Female,PLATINUM,0
549,37,2,112541.54,2,0,0,47432.43,0,4,233,France,Male,SILVER,0
643,41,7,154902.66,1,1,1,49667.28,0,3,654,Germany,Male,PLATINUM,0
727,30,8,119027.28,2,1,1,137903.54,0,5,515,Germany,Female,GOLD,0
560,33,9,0.0,1,0,1,183358.21,0,1,531,Spain,Female,DIAMOND,0
687,35,1,125141.24,2,1,1,148537.07,0,3,299,Germany,Male,SILVER,0
684,44,2,133776.86,2,0,1,49865.04,0,5,387,Germany,Female,SILVER,0
735,41,7,74135.85,1,1,1,11783.1,1,2,750,France,Male,GOLD,1
688,35,6,0.0,1,1,0,25488.43,1,1,901,Spain,Female,SILVER,1
584,47,7,130538.77,1,1,0,92915.84,0,3,236,Germany,Male,GOLD,0
606,47,0,137138.2,2,0,1,53784.22,0,4,765,Germany,Female,SILVER,0
704,36,8,127397.34,1,1,0,151335.24,0,1,555,Spain,Male,DIAMOND,0
714,40,0,0.0,2,1,0,62762.12,0,1,970,France,Female,SILVER,0
759,74,6,128917.84,1,1,1,48244.64,0,1,793,Spain,Female,DIAMOND,0
766,37,2,99660.13,2,0,1,147700.78,0,2,498,Germany,Male,GOLD,0
531,63,1,114715.71,1,0,1,24506.95,1,2,908,France,Female,PLATINUM,1
613,20,0,117356.19,1,0,0,113557.7,1,4,637,Germany,Female,DIAMOND,1
617,35,5,0.0,2,0,1,13066.3,0,4,882,France,Female,PLATINUM,0
687,50,5,0.0,2,1,0,110230.4,0,1,878,Spain,Female,PLATINUM,0
707,44,6,0.0,2,1,1,192542.17,0,4,463,France,Female,GOLD,0
850,32,9,0.0,2,1,1,18924.92,0,4,765,Spain,Female,DIAMOND,0
850,37,6,0.0,2,1,0,109291.22,0,1,740,France,Male,DIAMOND,0
768,54,8,69712.74,1,1,1,69381.05,0,3,569,France,Male,SILVER,0
682,58,1,0.0,1,1,1,706.5,0,4,709,France,Female,PLATINUM,0
735,38,1,0.0,3,0,0,92220.12,1,5,678,France,Female,SILVER,1
667,43,8,190227.46,1,1,0,97508.04,1,3,680,France,Male,DIAMOND,1
697,51,1,147910.3,1,1,1,53581.14,0,4,639,Germany,Male,DIAMOND,0
