CreditScore,Age,Tenure,Balance,NumOfProducts,HasCrCard,IsActiveMember,EstimatedSalary,Complain,Satisfaction Score,Point Earned,Geography,Gender,Card Type,Exited
619,32,4,175406.13,2,1,1,241924.40199999997,1,1,707,Spain,Female,DIAMOND,1
643,34,7,160426.07,1,0,1,263961.354,0,3,806,Germany,Female,GOLD,0
561,33,6,0.0,2,0,0,243167.546,0,3,220,France,Male,DIAMOND,0
618,41,8,37702.79,1,1,1,274100.672,0,5,615,Germany,Male,GOLD,0
714,37,9,148466.93,2,0,1,211808.34399999998,0,3,936,Germany,Male,SILVER,0
760,41,6,0.0,2,0,0,142102.72199999998,0,4,873,Spain,Female,SILVER,0
770,37,5,141547.26,2,0,1,252472.56199999998,0,2,890,Germany,Male,DIAMOND,0
537,41,3,138306.34,1,1,0,149481.058,0,5,767,Germany,Female,DIAMOND,0
597,26,7,0.0,2,1,0,154369.47999999998,0,4,235,Spain,Female,SILVER,0
710,36,4,116085.06,1,1,0,82057.254,0,1,306,France,Female,DIAMOND,0
704,44,9,153656.85,1,1,0,222254.93399999998,0,5,890,Spain,Female,PLATINUM,0
822,38,6,128289.7,3,1,0,12824.943999999998,1,3,799,France,Male,DIAMOND,1
543,31,2,147674.26,1,1,1,23337.263999999996,0,3,985,Germany,Female,DIAMOND,0
829,37,3,103457.76,1,0,0,1574.7679999999998,0,3,287,Germany,Female,PLATINUM,0
611,40,8,100812.33,2,1,0,206316.57799999998,0,2,927,France,Female,DIAMOND,0
743,40,6,0.0,1,1,0,39608.119999999995,1,2,744,France,Female,PLATINUM,1
769,38,2,0.0,2,0,0,105825.13799999999,0,5,829,France,Female,SILVER,0
704,38,6,106687.76,1,1,0,243302.09999999998,0,4,546,Spain,Male,GOLD,0
715,34,4,124314.45,1,0,0,136911.088,0,2,874,Germany,Male,SILVER,0
642,41,4,157777.58,1,1,0,94493.44,0,5,720,Germany,Male,DIAMOND,0
758,47,9,95523.16,1,1,0,102627.27199999998,0,1,810,Germany,Female,DIAMOND,0
562,38,5,0.0,1,1,0,161995.28,0,4,814,Germany,Male,PLATINUM,0
640,29,4,0.0,2,1,0,62880.964,0,3,758,Germany,Female,GOLD,0
513,49,5,171601.27,1,1,0,176728.376,0,3,844,Germany,Female,PLATINUM,0
487,33,8,145729.71,1,1,0,57927.189999999995,0,2,675,Spain,Male,DIAMOND,0
699,34,2,117468.67,1,1,0,259333.388,0,5,825,France,Male,GOLD,0
558,58,2,142537.18,1,1,1,124323.56199999999,0,3,487,Germany,Male,DIAMOND,0
778,24,4,0.0,2,1,1,227947.88,0,3,945,France,Male,DIAMOND,0
516,35,10,57369.61,1,1,1,142394.67799999999,0,5,771,France,Male,PLATINUM,0
774,35,3,121418.62,1,1,1,34175.518,0,4,981,Germany,Female,DIAMOND,0
536,35,8,0.0,2,1,0,90781.59199999999,0,2,345,Germany,Male,GOLD,0
602,42,6,158414.85,1,1,1,184656.04399999997,0,5,807,Germany,Female,GOLD,0
741,29,8,0.0,2,1,1,162407.328,0,5,854,France,Male,PLATINUM,0
850,23,9,143054.85,1,0,1,88188.344,0,3,930,Spain,Female,PLATINUM,0
737,43,8,96353.8,1,0,0,14308.719999999998,0,1,373,Germany,Male,DIAMOND,0
570,39,10,129674.89,2,1,0,112788.30399999999,0,3,723,Germany,Male,DIAMOND,0
582,32,4,0.0,2,1,0,83551.33399999999,0,4,727,France,Female,SILVER,0
536,28,4,0.0,1,1,1,190691.71,0,1,937,Spain,Female,PLATINUM,0
697,63,7,148368.02,1,0,0,166421.91199999998,1,5,505,France,Male,DIAMOND,1
538,62,3,75051.49,1,0,0,24769.827999999998,1,4,424,France,Female,GOLD,1
731,35,2,127862.93,2,1,0,194732.18,0,1,561,Germany,Male,PLATINUM,0
642,33,4,84607.34,2,0,1,84098.258,0,5,880,Germany,Female,GOLD,0
667,77,2,0.0,1,1,1,48599.087999999996,0,4,965,Spain,Male,DIAMOND,0
767,36,3,139180.2,1,0,0,173447.266,0,2,277,France,Male,DIAMOND,0
625,43,4,122351.29,1,1,0,99718.24,0,4,936,France,Male,GOLD,0
593,38,5,142658.04,2,0,1,189486.95399999997,0,1,698,Germany,Female,GOLD,0
655,72,5,138089.97,2,1,1,139903.574,0,3,766,Germany,Female,GOLD,0
706,29,5,112564.62,1,1,0,59283.13199999999,0,5,819,France,Female,PLATINUM,0
705,32,3,0.0,2,0,0,181422.786,0,2,789,Germany,Male,DIAMOND,0
650,33,0,98064.97,1,1,0,73391.786,0,1,262,Germany,Male,GOLD,0
850,55,6,0.0,1,1,0,1337.174,1,1,583,Germany,Male,DIAMOND,1
694,38,5,195926.39,1,1,1,119746.97599999998,0,1,270,Germany,Female,DIAMOND,0
679,38,7,110555.37,2,1,0,65146.75199999999,0,4,320,Germany,Male,GOLD,0
849,69,7,71996.09,1,1,1,194707.316,0,2,317,France,Male,GOLD,0
591,46,4,129269.27,1,1,0,228921.06199999998,0,1,290,Germany,Male,GOLD,0
724,45,5,83888.54,1,0,1,47785.53399999999,0,3,559,Spain,Male,SILVER,0
806,34,5,113958.55,1,0,1,44991.371999999996,0,3,873,France,Male,DIAMOND,0
588,64,3,0.0,1,1,1,265600.11,0,4,286,France,Female,SILVER,0
524,32,6,0.0,1,1,1,186021.65999999997,1,4,373,Spain,Female,PLATINUM,1
591,39,8,0.0,2,0,0,59364.13599999999,0,1,302,Spain,Male,GOLD,0
773,34,10,126979.75,1,0,0,51567.592,0,1,977,Germany,Male,PLATINUM,0
800,60,6,88541.57,2,1,1,184420.368,0,1,577,Germany,Male,SILVER,0
532,24,8,142755.25,1,0,0,47939.072,0,1,699,Germany,Male,DIAMOND,0
705,39,6,133261.13,1,1,1,109307.25999999998,0,4,344,Spain,Male,GOLD,0
808,67,10,124577.15,1,0,1,237867.15999999997,0,5,259,Spain,Female,GOLD,0
540,44,3,164113.04,2,1,1,16984.106,0,5,778,Germany,Male,SILVER,0
641,40,2,110086.69,1,1,0,223697.396,0,4,413,Germany,Female,DIAMOND,0
666,36,4,120165.4,2,1,0,47197.1,0,4,617,Germany,Male,GOLD,0
667,40,9,0.0,1,1,1,135353.28,0,3,879,Germany,Male,GOLD,0
635,27,3,127009.83,1,1,0,226688.93,0,1,686,Germany,Male,GOLD,0
729,39,1,131513.26,1,1,1,271216.0,0,1,751,Germany,Female,PLATINUM,0
600,40,1,141136.79,1,1,1,94940.362,0,5,851,Germany,Male,SILVER,0
637,60,3,0.0,2,1,1,98258.64199999999,0,3,230,Germany,Male,PLATINUM,0
608,33,1,102772.67,2,1,0,99002.81199999999,0,4,301,Germany,Male,DIAMOND,0
446,45,10,125191.69,1,1,1,179580.204,1,5,584,Spain,Female,SILVER,1
654,32,9,121455.65,1,1,0,266110.942,1,2,295,Germany,Male,GOLD,1
693,34,10,107556.06,2,0,0,216498.88999999998,0,5,711,Spain,Female,DIAMOND,0
850,58,8,156652.13,1,0,0,36273.89399999999,1,3,451,France,Male,PLATINUM,1
529,29,4,135759.4,1,0,0,157954.30599999998,1,1,674,Germany,Male,GOLD,1
639,37,5,151242.48,1,0,1,69507.70999999999,0,3,776,Germany,Female,GOLD,0
647,43,3,122717.53,2,1,1,121815.54599999999,0,2,323,Germany,Female,PLATINUM,0
532,37,5,0.0,2,0,1,9481.576,0,5,527,Spain,Female,DIAMOND,0
850,40,6,0.0,1,1,0,191794.11199999996,1,1,268,Germany,Male,DIAMOND,1
752,35,2,0.0,1,1,0,62084.755999999994,1,4,309,Spain,Female,PLATINUM,1
645,36,4,59893.85,2,1,0,61614.49599999999,0,5,420,Spain,Male,DIAMOND,0
695,28,0,96020.86,1,1,1,81204.48599999999,0,2,865,Spain,Male,SILVER,0
659,39,8,106259.63,2,1,1,277359.648,0,3,296,Germany,Male,PLATINUM,0
618,29,10,100315.1,2,1,1,45552.295999999995,0,1,812,Germany,Female,SILVER,0
548,38,0,178056.54,2,1,0,53823.622,0,5,427,Spain,Male,SILVER,0
525,26,7,153644.39,1,1,1,88492.03199999999,0,1,988,France,Male,SILVER,0
708,32,3,151691.44,2,1,1,241949.714,0,5,463,Germany,Male,SILVER,0
634,48,2,107247.69,1,1,1,145211.87,1,5,674,Germany,Male,GOLD,1
619,52,8,124099.13,1,0,0,33481.328,0,1,621,Germany,Female,SILVER,0
523,73,7,0.0,2,0,0,183252.46,1,5,566,France,Female,DIAMOND,1
571,40,5,0.0,2,0,0,102004.00599999998,0,2,557,Germany,Male,SILVER,0
666,37,2,158468.76,1,0,1,130587.41399999999,0,3,630,Germany,Female,DIAMOND,0
573,56,3,154669.77,1,0,1,161662.17799999999,1,5,454,Spain,Male,SILVER,1
618,42,2,0.0,4,0,0,155551.346,1,5,398,France,Female,PLATINUM,1
641,35,5,0.0,2,1,0,130423.50199999998,0,4,747,France,Male,GOLD,0
745,25,5,157993.15,2,1,0,204473.03,0,1,395,Germany,Male,SILVER,0
631,37,8,138292.64,2,0,0,213407.074,1,3,647,Germany,Male,DIAMOND,1
723,40,7,142856.95,2,0,0,53242.63599999999,0,5,522,Germany,Female,PLATINUM,0
520,46,10,85216.61,1,1,0,164332.328,1,1,669,France,Female,GOLD,1
614,38,2,116248.88,1,1,0,147212.288,0,3,762,Germany,Male,DIAMOND,0
647,44,4,93960.35,1,1,0,51226.342,1,2,417,Germany,Male,SILVER,1
734,43,3,55853.33,2,0,1,132751.59,1,1,263,Spain,Female,PLATINUM,1
598,59,8,118210.42,2,0,0,84283.996,1,4,622,Germany,Male,DIAMOND,1
650,23,4,93911.3,2,1,0,96692.62999999999,0,5,774,Germany,Male,PLATINUM,0
562,33,8,92659.2,2,1,0,1910.9499999999998,0,2,374,Germany,Male,GOLD,0
548,33,6,0.0,1,1,1,44434.689999999995,0,4,855,Spain,Male,GOLD,0
656,39,6,0.0,2,1,0,197512.832,0,4,638,Germany,Female,DIAMOND,0
754,55,3,161608.81,1,1,0,11328.19,1,4,810,Germany,Female,GOLD,1
713,42,0,109121.71,1,0,1,235037.88599999997,0,5,872,Spain,Male,GOLD,0
850,36,6,143644.16,1,1,0,30958.149999999998,1,3,728,Germany,Female,PLATINUM,1
713,38,6,116980.78,2,0,1,106468.732,0,3,503,Spain,Male,GOLD,0
710,22,8,0.0,3,1,0,150225.074,0,4,565,Spain,Male,DIAMOND,0
794,62,9,123681.32,3,1,0,243036.28199999998,1,5,247,Germany,Female,SILVER,1
700,54,1,79415.67,1,0,1,195644.756,0,5,546,Spain,Male,PLATINUM,0
676,33,6,171490.78,1,0,0,110754.496,0,3,248,France,Male,GOLD,0
661,32,1,145980.23,1,0,1,79305.79199999999,0,3,883,Germany,Female,DIAMOND,0
608,40,8,121729.42,1,0,0,85645.23,0,4,802,Germany,Female,DIAMOND,0
766,28,3,62717.84,2,1,1,18470.402,0,1,808,Germany,Female,GOLD,0
688,29,9,144553.5,2,1,0,200851.93,0,4,270,Germany,Male,SILVER,0
764,33,9,168964.77,1,0,1,166590.514,0,2,915,Spain,Female,GOLD,0
800,40,3,75893.11,2,1,0,185602.122,0,5,513,France,Female,PLATINUM,0
465,33,8,0.0,2,1,0,248750.96999999997,0,4,507,France,Male,DIAMOND,0
635,34,5,98683.47,2,1,0,22041.466,0,3,558,Spain,Female,SILVER,0
759,33,2,0.0,2,1,0,79232.43199999999,0,1,428,France,Female,SILVER,0
850,43,8,92244.83,2,1,0,76944.622,0,2,304,Germany,Female,PLATINUM,0
728,43,5,0.0,1,1,1,168138.438,0,5,924,Spain,Female,GOLD,0
667,24,4,0.0,2,0,1,48084.770000000004,0,5,560,Germany,Female,DIAMOND,0
664,32,5,133705.74,1,0,0,188253.17599999998,0,1,977,Spain,Male,SILVER,0
651,35,7,74623.5,3,1,0,181246.80599999998,1,2,515,France,Male,SILVER,1
453,28,3,139986.65,1,1,0,191600.44999999998,0,2,816,Germany,Female,GOLD,0
735,46,2,106344.95,1,1,0,160134.862,1,4,287,Germany,Male,DIAMOND,1
713,44,1,63438.91,1,1,0,90140.56,0,5,658,Germany,Male,GOLD,0
646,30,5,98014.74,1,1,1,17874.996,0,4,329,Germany,Male,PLATINUM,0
627,23,5,184244.86,1,1,0,144353.908,0,2,971,Germany,Male,SILVER,0
654,29,2,91955.61,1,1,0,51906.924,0,2,375,France,Male,DIAMOND,0
816,40,9,109003.26,1,1,1,111427.78399999999,0,1,592,Germany,Female,DIAMOND,0
692,43,10,118588.83,1,1,1,225753.30999999997,1,5,443,Germany,Female,DIAMOND,1
756,34,1,103133.26,1,1,1,126097.65599999999,0,4,527,Germany,Male,SILVER,0
501,42,9,114631.23,1,0,1,128016.636,0,4,450,France,Male,SILVER,0
775,45,8,0.0,1,1,0,182542.35199999998,0,4,805,France,Male,DIAMOND,0
648,40,5,139973.65,1,1,1,949.7239999999999,1,2,579,Germany,Female,GOLD,1
660,28,1,118402.25,2,1,0,20019.502,0,1,965,Germany,Male,PLATINUM,0
492,38,8,57068.43,2,1,0,264579.734,0,3,914,Germany,Female,PLATINUM,0
683,49,7,108797.63,2,0,0,197083.452,0,3,820,Germany,Female,SILVER,0
773,41,4,0.0,2,1,1,34909.88799999999,0,2,667,France,Male,PLATINUM,0
624,27,9,94667.29,2,0,1,6273.728,0,1,958,Germany,Male,PLATINUM,0
590,51,3,154962.99,3,0,1,268720.17799999996,1,1,759,Spain,Female,SILVER,1
667,56,8,137464.04,1,1,0,183200.506,1,3,235,Germany,Female,PLATINUM,1
747,32,5,67495.04,2,0,1,108333.51799999998,0,4,885,Germany,Female,PLATINUM,0
671,42,3,0.0,2,1,1,179844.062,0,2,931,Spain,Female,DIAMOND,0
727,31,10,96997.09,2,0,0,107274.65599999999,0,2,550,Spain,Female,DIAMOND,0
803,40,6,165526.71,1,1,0,17274.311999999998,0,3,880,France,Female,SILVER,0
850,35,6,81684.97,1,1,0,1168.6,0,5,576,France,Female,SILVER,0
714,26,9,89928.99,1,1,0,64699.63399999999,0,5,675,Germany,Female,DIAMOND,0
766,44,3,116822.7,1,0,0,276715.53599999996,0,1,544,Germany,Male,PLATINUM,0
805,24,6,143221.35,2,1,0,260465.00799999997,0,5,545,Germany,Male,DIAMOND,0
665,63,7,104469.58,1,1,1,35246.504,1,2,941,Germany,Male,PLATINUM,1
601,48,8,120782.7,1,1,0,89531.95199999999,1,2,587,Germany,Female,DIAMOND,1
692,49,6,110540.43,2,0,1,150477.186,0,1,891,Germany,Male,PLATINUM,0
694,31,10,0.0,2,1,0,225401.37799999997,0,3,673,Germany,Female,SILVER,0
550,30,4,0.0,2,1,0,124917.80599999998,0,3,484,Germany,Female,GOLD,0
715,31,7,0.0,1,1,1,209973.82599999997,0,1,707,Spain,Male,PLATINUM,0
496,32,4,127845.83,1,1,0,93071.87999999999,0,4,512,Germany,Male,SILVER,0
669,30,7,139872.81,1,1,0,264329.19,0,3,302,Germany,Female,SILVER,0
708,64,5,0.0,3,0,1,157543.098,1,2,465,Spain,Female,PLATINUM,1
607,25,3,0.0,2,0,0,261883.20799999998,0,3,624,Germany,Male,DIAMOND,0
660,31,6,172325.67,1,0,1,63628.73199999999,0,4,223,France,Female,PLATINUM,0
697,76,7,0.0,2,0,1,264296.43,0,3,733,Germany,Female,DIAMOND,0
431,37,0,120764.08,1,1,1,163847.312,0,2,389,Germany,Male,SILVER,0
850,39,6,206014.94,2,0,1,59899.77599999999,1,5,748,Spain,Male,PLATINUM,1
533,35,8,0.0,2,1,1,263075.168,0,3,558,Germany,Female,PLATINUM,0
505,37,6,159863.9,2,0,1,175446.01799999998,0,1,421,Germany,Female,GOLD,0
641,37,7,0.0,2,1,0,105362.62,0,2,516,Germany,Male,PLATINUM,0
648,42,4,0.0,2,1,0,27011.395999999997,0,2,759,France,Male,GOLD,0
779,29,3,46388.16,3,1,0,179129.96399999998,1,3,922,France,Female,DIAMOND,1
583,27,4,0.0,3,1,0,228373.774,0,1,484,France,Female,DIAMOND,0
640,43,9,94752.49,1,1,0,257623.90399999995,1,4,523,Germany,Female,DIAMOND,1
707,73,6,66573.17,1,1,1,87891.31999999999,0,3,884,France,Male,GOLD,0
652,45,2,151421.44,1,0,1,161481.80199999997,0,2,388,Germany,Male,GOLD,0
724,40,6,110054.45,1,1,1,121746.00799999999,0,2,680,Germany,Female,SILVER,0
758,35,7,0.0,2,1,0,109147.57599999999,0,3,560,France,Male,DIAMOND,0
580,44,9,143391.07,1,0,0,205662.498,1,4,567,Germany,Male,GOLD,1
586,60,3,47020.65,2,0,1,88552.69399999999,1,3,850,Germany,Female,PLATINUM,1
639,32,9,0.0,2,1,0,155891.504,0,4,846,Germany,Male,GOLD,0
749,38,9,129378.32,1,1,1,18984.075999999997,0,4,633,Spain,Male,DIAMOND,0
714,39,3,149887.49,2,1,0,89399.904,0,4,235,Germany,Male,SILVER,0
644,31,5,86006.3,1,1,1,103507.12999999999,0,2,274,Spain,Female,SILVER,0
611,53,7,0.0,2,0,1,219108.546,1,1,843,Germany,Female,GOLD,1
743,45,10,144677.19,3,1,0,31532.415999999997,1,3,471,Germany,Male,GOLD,1
606,36,10,0.0,2,0,1,217913.04399999997,0,2,813,France,Female,SILVER,0
661,33,9,0.0,2,1,1,117859.73399999998,0,2,873,Germany,Male,DIAMOND,0
508,31,7,0.0,2,1,1,8587.41,0,4,573,Germany,Female,GOLD,0
782,42,7,126428.38,1,1,0,55777.13999999999,0,1,367,Germany,Male,GOLD,0
477,31,9,0.0,2,0,1,257700.638,0,1,295,Spain,Male,SILVER,0
583,27,1,125406.58,1,1,1,155113.188,0,1,992,France,Female,PLATINUM,0
612,32,9,106520.73,2,1,0,247944.02399999998,0,3,821,Germany,Male,GOLD,0
510,30,0,0.0,2,1,1,182789.85799999998,0,2,430,Germany,Female,DIAMOND,0
540,39,1,0.0,1,0,1,151802.174,0,2,727,Spain,Male,DIAMOND,0
624,55,7,118793.6,1,1,1,133045.828,1,4,503,France,Male,DIAMOND,1
445,30,3,0.0,2,1,1,179129.86599999998,0,2,842,Germany,Female,PLATINUM,0
688,26,1,0.0,2,1,1,146225.316,0,2,381,Germany,Male,PLATINUM,0
726,38,5,126875.62,1,1,0,179288.20599999998,0,2,514,Germany,Female,PLATINUM,0
556,30,7,0.0,2,1,1,261322.466,0,3,356,France,Female,GOLD,0
814,31,6,87772.52,1,1,0,263938.03,0,3,870,Germany,Female,SILVER,0
564,33,4,135946.26,1,1,0,88453.0,0,3,696,Germany,Female,DIAMOND,0
802,41,5,0.0,2,1,1,188491.81999999998,0,2,349,Spain,Male,PLATINUM,0
665,41,8,96147.55,1,1,0,191868.158,0,3,280,Germany,Female,PLATINUM,0
781,29,6,98759.89,1,0,0,157098.696,0,2,494,Spain,Female,GOLD,0
808,45,7,118626.55,2,1,0,206000.444,0,1,559,France,Male,SILVER,0
733,39,5,91538.51,1,1,1,131311.19999999998,0,3,336,Germany,Male,PLATINUM,0
802,37,9,115569.21,1,0,1,167711.046,0,1,927,Germany,Male,GOLD,0
560,44,5,143244.97,1,1,0,138140.778,0,5,768,France,Female,DIAMOND,0
649,39,3,113096.41,1,1,1,84484.336,0,5,946,France,Male,PLATINUM,0
582,26,4,65848.36,2,1,0,42223.89399999999,0,1,518,Spain,Male,SILVER,0
680,32,7,175454.0,1,0,1,108304.88799999999,0,2,772,Germany,Male,PLATINUM,0
519,57,2,119035.35,2,1,1,41835.506,0,3,689,Spain,Female,SILVER,0
740,37,5,0.0,2,1,1,38554.76,0,5,798,Germany,Female,PLATINUM,0
811,44,3,0.0,2,0,1,109830.62199999999,0,5,859,Spain,Male,PLATINUM,0
544,22,3,66483.32,1,0,1,154459.346,0,2,370,Spain,Male,SILVER,0
651,36,8,0.0,2,1,0,128328.40199999999,0,3,823,Spain,Female,SILVER,0
805,26,2,0.0,2,1,1,35073.939999999995,0,1,387,Spain,Male,SILVER,0
545,55,5,0.0,1,0,0,14063.678,1,5,524,France,Female,DIAMOND,1
606,65,10,126306.64,3,0,0,11021.351999999999,1,5,591,Germany,Male,DIAMOND,1
700,37,1,135179.49,1,1,0,224953.51799999998,0,3,700,France,Male,SILVER,0
792,59,9,101609.77,1,0,0,226085.86599999998,1,5,779,Germany,Female,DIAMOND,1
706,44,2,185932.18,2,1,0,91593.774,0,5,536,Germany,Female,GOLD,0
686,39,4,0.0,2,1,0,217048.50199999998,0,4,977,France,Male,DIAMOND,0
764,24,0,0.0,2,1,0,124229.286,0,3,470,Germany,Female,GOLD,0
677,37,3,0.0,2,1,1,53568.149999999994,0,3,654,Germany,Female,PLATINUM,0
734,54,3,0.0,1,1,0,183142.756,1,4,505,Germany,Female,SILVER,1
518,46,3,0.0,2,1,0,107137.10599999999,0,2,583,France,Male,PLATINUM,0
507,36,9,118214.32,3,1,0,166769.042,1,3,447,Germany,Male,GOLD,1
706,32,5,88348.43,2,1,1,145869.492,0,2,641,Germany,Male,SILVER,0
652,35,7,104015.54,2,1,1,77306.03199999999,0,1,926,Germany,Male,PLATINUM,0
773,52,2,0.0,2,1,0,80287.906,0,5,607,Spain,Male,PLATINUM,0
765,36,8,92310.54,2,1,1,102109.38399999999,0,3,547,Germany,Male,DIAMOND,0
427,33,8,0.0,1,1,1,19417.53,0,4,959,Germany,Male,SILVER,0
545,45,6,93796.42,2,1,1,227264.764,0,3,577,Germany,Male,GOLD,0
711,41,3,145754.91,1,1,1,142052.098,0,3,244,Germany,Female,PLATINUM,0
694,60,9,0.0,1,1,1,79939.55799999999,0,4,647,Germany,Male,GOLD,0
535,48,9,0.0,1,1,0,209864.906,1,4,697,France,Female,GOLD,1
644,26,4,153455.72,2,1,1,115790.57599999999,0,5,944,Spain,Female,PLATINUM,0
796,45,2,109730.22,1,1,1,173450.822,0,2,267,Germany,Female,DIAMOND,0
608,27,4,153325.1,1,1,1,279949.66199999995,0,3,778,Spain,Male,SILVER,0
567,39,5,0.0,2,0,0,235945.408,0,3,709,France,Male,GOLD,0
796,41,8,107525.07,1,1,0,25929.573999999997,0,2,606,Spain,Male,SILVER,0
696,43,4,0.0,2,1,1,92983.91799999999,0,4,678,Spain,Female,DIAMOND,0
615,41,9,109013.23,1,1,0,275114.94399999996,0,1,561,Spain,Female,PLATINUM,0
648,23,9,168372.52,1,1,0,188562.408,0,4,883,France,Male,DIAMOND,0
564,48,5,132876.23,1,1,0,110978.678,0,1,741,Spain,Male,DIAMOND,0
715,21,6,76467.16,1,1,1,242931.408,0,4,995,France,Male,GOLD,0
689,46,7,52016.08,2,1,1,102206.10999999999,0,3,384,Germany,Female,DIAMOND,0
660,33,0,72783.42,1,0,0,253487.78599999996,0,1,553,France,Male,PLATINUM,0
559,38,8,95139.41,1,1,1,121220.644,0,4,286,France,Female,PLATINUM,0
678,22,4,174852.89,1,1,1,39423.684,0,3,333,France,Female,PLATINUM,0
621,59,2,0.0,2,1,1,239924.85199999998,0,4,740,Spain,Female,PLATINUM,0
650,35,3,165982.43,2,1,1,34290.024,0,2,306,Germany,Female,PLATINUM,0
534,35,4,0.0,2,0,0,13372.609999999999,0,2,784,Spain,Male,PLATINUM,0
529,39,2,82766.43,1,1,1,172110.61599999998,0,3,574,Spain,Female,GOLD,0
653,47,6,0.0,1,1,0,70989.302,1,2,622,Germany,Male,SILVER,1
680,27,3,0.0,1,1,0,45450.96399999999,0,3,875,Germany,Male,DIAMOND,0
542,59,2,68892.77,2,1,0,11082.084,1,5,442,Germany,Female,DIAMOND,1
707,48,8,88441.64,1,1,1,167879.47999999998,1,2,244,Spain,Male,DIAMOND,1
628,40,5,181768.32,2,1,1,180766.158,0,2,307,Germany,Male,SILVER,0
829,28,3,132405.52,3,1,0,146859.87999999998,1,1,536,Germany,Male,PLATINUM,1
745,28,6,0.0,2,1,0,216159.85199999998,0,4,649,Germany,Female,SILVER,0
555,50,7,128061.0,2,1,1,87340.14,0,4,977,Spain,Male,GOLD,0
516,45,4,0.0,1,1,0,133398.22199999998,1,5,255,Germany,Female,SILVER,1
486,40,9,71340.09,1,1,0,106684.094,0,4,530,Germany,Female,PLATINUM,0
699,54,3,111009.32,1,1,1,218283.106,1,5,241,Germany,Female,DIAMOND,1
527,28,6,128396.33,2,1,0,111902.958,0,5,882,Spain,Male,SILVER,0
789,53,1,158271.74,1,1,1,7065.946,1,1,296,Germany,Female,SILVER,1
492,39,10,124576.65,2,1,0,208033.45399999997,0,5,560,Germany,Male,GOLD,0
722,34,8,0.0,2,1,1,186841.48599999998,0,1,523,Germany,Male,DIAMOND,0
665,40,6,0.0,1,1,1,226602.242,0,2,651,France,Female,SILVER,0
546,25,3,132837.7,1,1,0,184321.234,0,3,440,Germany,Female,PLATINUM,0
572,38,7,0.0,2,1,1,186386.66799999998,0,1,739,Germany,Female,PLATINUM,0
719,28,3,106070.29,2,1,1,257465.634,0,3,802,Germany,Male,GOLD,0
594,56,7,0.0,1,1,0,36717.189999999995,1,5,709,France,Female,SILVER,1
702,40,1,103549.24,1,0,0,13612.528,1,3,804,France,Female,DIAMOND,1
758,40,3,0.0,2,0,0,134551.71,0,1,864,Spain,Male,DIAMOND,0
760,34,6,58003.41,1,1,0,126499.54,0,5,785,Germany,Female,SILVER,0
678,31,1,0.0,2,0,1,182640.30999999997,0,2,246,Germany,Female,GOLD,0
545,30,3,0.0,2,1,0,238445.40199999997,0,4,396,France,Male,PLATINUM,0
611,29,4,78885.88,2,1,1,37713.765999999996,0,3,914,Germany,Female,SILVER,0
563,34,6,0.0,2,0,0,51166.702,0,1,256,Germany,Female,GOLD,0
462,27,4,176913.52,1,1,0,112837.178,0,2,513,France,Male,SILVER,0
757,23,2,80673.96,2,1,0,131603.31,0,5,277,Germany,Male,DIAMOND,0
806,32,3,63763.49,1,1,0,219245.32599999997,0,1,411,France,Female,GOLD,0
640,37,5,158024.38,1,1,0,113832.32599999999,0,1,749,Spain,Male,GOLD,0
720,38,10,0.0,2,1,1,78736.608,1,2,966,Germany,Female,GOLD,1
850,39,7,79259.99,1,0,1,261690.03599999996,0,1,976,Germany,Female,DIAMOND,0
673,40,1,121629.22,1,1,1,4577.04,0,3,313,Spain,Male,DIAMOND,0
589,31,10,110635.32,1,1,0,207521.40399999998,0,5,728,Germany,Female,SILVER,0
438,60,7,78391.17,1,0,1,69209.43999999999,0,4,262,France,Male,GOLD,0
705,46,4,115518.07,1,0,0,107177.85999999999,1,3,576,Germany,Female,PLATINUM,1
813,29,5,106059.4,1,0,0,263182.632,1,5,331,Germany,Female,GOLD,1
681,37,8,73179.34,2,1,1,35424.541999999994,0,4,242,Germany,Male,GOLD,0
642,49,4,120688.61,1,1,0,34693.308,1,1,641,Germany,Male,GOLD,1
612,31,8,117989.76,1,1,1,75796.80399999999,0,4,409,France,Female,SILVER,0
586,33,9,0.0,1,1,0,9780.028,0,5,871,Germany,Male,DIAMOND,0
477,57,9,114023.64,2,1,1,99649.03799999999,1,3,523,Germany,Female,GOLD,1
701,33,9,147510.34,1,1,0,266871.688,0,5,228,Germany,Male,DIAMOND,0
671,30,2,0.0,1,0,1,142896.004,0,3,743,France,Male,PLATINUM,0
643,41,2,127841.52,1,1,0,241323.77399999998,0,5,474,Germany,Male,GOLD,0
751,37,9,183613.66,2,0,0,69643.916,0,3,563,Germany,Female,SILVER,0
640,31,9,138857.59,1,1,0,68112.078,0,1,686,Germany,Female,SILVER,0
850,27,7,43658.33,2,1,1,4250.686,0,4,585,France,Female,PLATINUM,0
475,39,6,0.0,1,1,1,79814.86,1,1,388,France,Male,GOLD,1
597,35,8,131101.04,1,1,1,270008.738,0,3,758,Germany,Female,SILVER,0
567,40,7,122265.24,1,1,0,193988.83599999998,0,1,433,Germany,Male,SILVER,0
747,34,10,0.0,2,1,1,71078.72,0,3,740,Germany,Female,GOLD,0
671,47,7,114603.76,2,1,0,214487.048,1,4,499,Germany,Female,SILVER,1
602,43,2,113641.49,4,1,0,161177.88999999998,1,2,679,Germany,Female,GOLD,1
464,33,10,147493.7,2,1,0,140641.542,0,4,801,France,Female,DIAMOND,0
724,35,0,171982.95,2,0,1,234253.29799999998,0,2,745,Germany,Female,GOLD,0
607,31,1,102523.88,1,1,1,233524.79399999997,0,2,492,Germany,Female,GOLD,0
694,58,1,143212.22,1,0,0,143694.984,1,4,323,Germany,Female,DIAMOND,1
463,35,2,101257.16,1,1,1,165374.096,0,4,900,France,Male,PLATINUM,0
599,34,2,101506.66,1,0,0,277257.33599999995,0,3,447,Spain,Male,PLATINUM,0
405,31,5,133299.67,2,1,1,102145.196,0,3,634,Germany,Male,SILVER,0
746,36,9,127157.04,1,1,1,217995.21,0,3,948,Germany,Male,SILVER,0
693,31,1,0.0,2,0,1,255194.232,0,1,304,France,Male,SILVER,0
619,40,10,0.0,1,1,1,205946.376,1,3,298,France,Female,DIAMOND,1
538,28,6,164365.44,1,0,1,7993.558,0,4,659,Germany,Female,DIAMOND,0
541,46,6,0.0,2,1,1,116854.33799999999,0,1,596,France,Male,GOLD,0
644,54,6,0.0,1,0,1,118486.31799999998,0,5,313,Spain,Male,GOLD,0
562,36,5,0.0,1,0,1,255995.53599999996,0,5,615,Spain,Male,DIAMOND,0
762,36,5,119547.46,1,1,1,59786.11,0,5,972,Germany,Male,GOLD,0
749,46,10,78136.36,2,1,1,102874.37199999999,0,5,887,Germany,Male,SILVER,0
509,26,10,0.0,2,1,1,8663.962,0,5,425,France,Male,PLATINUM,0
554,26,4,121365.39,1,1,1,12254.304,0,5,926,Germany,Male,DIAMOND,0
689,40,5,154251.67,1,0,1,165662.3,0,3,561,Spain,Female,PLATINUM,0
592,60,9,0.0,4,1,1,19074.613999999998,1,5,803,Germany,Male,GOLD,1
554,46,4,0.0,2,0,1,80264.28799999999,0,2,262,Spain,Male,GOLD,0
568,29,2,129177.01,2,0,1,146480.186,0,3,893,Germany,Female,DIAMOND,0
697,62,7,0.0,1,1,0,180878.452,1,4,547,Spain,Male,DIAMOND,1
575,40,1,139532.34,1,1,0,253827.146,0,2,319,Germany,Female,SILVER,0
582,38,9,135979.01,4,1,1,107231.12999999999,1,2,876,France,Female,SILVER,1
790,46,9,0.0,1,0,0,20566.733999999997,1,3,258,Spain,Female,SILVER,1
610,45,3,0.0,1,1,0,53602.575999999994,1,2,589,Spain,Female,DIAMOND,1
633,59,5,0.0,1,1,1,192198.558,0,2,532,Germany,Male,SILVER,0
633,42,3,126041.02,1,0,1,16530.645999999997,0,5,922,Germany,Male,GOLD,0
712,30,1,89571.59,1,1,1,248673.466,0,3,567,France,Female,PLATINUM,0
646,31,2,0.0,1,1,1,239165.00199999998,1,4,350,Spain,Male,DIAMOND,1
618,40,0,140306.38,1,1,0,224881.05399999997,1,4,878,Germany,Female,PLATINUM,1
672,23,10,110741.56,1,1,0,113104.9,0,4,455,Germany,Female,SILVER,0
696,30,4,114027.7,1,1,1,271218.184,0,2,597,Germany,Male,GOLD,0
554,31,6,135470.9,1,1,0,149919.734,0,3,382,Germany,Female,DIAMOND,0
620,34,8,102251.57,1,1,0,168955.92599999998,0,4,663,Germany,Female,SILVER,0
529,43,0,123815.86,1,1,1,109864.586,1,5,703,France,Female,DIAMOND,1
479,30,7,143964.36,2,1,0,58646.98599999999,0,4,503,Germany,Female,SILVER,0
648,27,7,0.0,2,1,1,228299.60199999998,0,3,983,Spain,Female,DIAMOND,0
710,31,3,0.0,2,1,1,157219.68399999998,0,2,681,Germany,Female,SILVER,0
688,37,7,138162.41,2,1,1,159511.83399999997,0,2,612,Spain,Male,GOLD,0
756,36,2,136815.64,1,1,1,238073.73,0,5,236,Germany,Male,DIAMOND,0
679,58,9,109327.65,1,1,1,5375.782,0,3,902,Spain,Male,DIAMOND,0
585,36,10,0.0,2,1,1,252461.03999999998,0,3,722,Spain,Male,SILVER,0
677,46,2,57037.74,1,1,1,221958.414,0,1,870,France,Male,GOLD,0
755,62,1,127706.33,2,0,1,199343.766,0,2,673,Germany,Male,DIAMOND,0
656,46,5,113402.14,2,1,1,194403.68399999998,0,4,605,France,Female,SILVER,0
428,31,2,0.0,2,1,0,76297.402,0,3,221,Germany,Female,PLATINUM,0
850,41,3,136416.82,1,0,1,80996.96399999999,0,2,264,France,Male,GOLD,0
632,42,6,59972.26,2,0,1,207457.11599999998,0,1,491,Germany,Male,SILVER,0
687,31,3,0.0,2,0,0,67534.34,0,2,575,Spain,Male,PLATINUM,0
627,44,5,0.0,2,1,0,116172.454,1,5,396,Germany,Female,SILVER,1
791,37,2,163789.49,2,1,0,106180.54199999999,0,3,340,Germany,Male,GOLD,0
610,50,5,130554.51,3,1,0,258676.438,1,2,821,Spain,Female,SILVER,1
524,50,4,0.0,2,1,1,44591.826,1,2,292,Germany,Male,SILVER,1
649,41,0,0.0,2,0,1,182808.828,0,4,547,France,Male,GOLD,0
516,35,10,104088.59,2,0,0,167547.4,0,1,565,France,Male,GOLD,0
563,35,2,183572.84,1,1,1,92424.45,1,2,488,France,Female,SILVER,1
565,40,1,89994.71,2,0,1,169532.978,0,4,576,Germany,Female,PLATINUM,0
529,38,7,99842.5,2,1,0,126373.48399999998,1,4,220,Spain,Male,DIAMOND,1
478,36,3,92363.3,2,1,0,62892.77999999999,0,4,480,Spain,Female,DIAMOND,0
557,27,2,0.0,2,0,1,6311.57,0,3,803,France,Female,SILVER,0
633,29,8,104944.1,1,1,1,136773.244,0,4,769,Germany,Female,DIAMOND,0
637,21,10,125712.2,1,0,0,245116.45799999998,0,4,402,France,Female,PLATINUM,0
682,69,6,0.0,2,0,1,209460.85199999998,0,2,547,France,Male,PLATINUM,0
741,36,0,127675.39,2,1,0,103979.224,0,3,283,Germany,Female,SILVER,0
475,57,1,0.0,2,1,0,124963.586,0,2,372,Germany,Female,GOLD,0
659,34,9,134464.58,2,1,0,250381.67599999998,0,3,413,Germany,Male,SILVER,0
792,70,3,0.0,2,1,1,241151.37799999997,0,4,524,France,Female,PLATINUM,0
696,22,9,149777.0,1,1,1,277261.10199999996,0,3,873,France,Male,PLATINUM,0
780,43,0,0.0,1,0,1,22002.378,0,1,245,Germany,Female,DIAMOND,0
594,35,2,0.0,2,1,0,144887.966,0,4,378,Germany,Male,DIAMOND,0
714,72,3,0.0,1,1,1,121442.05399999999,0,4,354,France,Female,SILVER,0
647,29,0,98263.46,2,1,0,230620.13,0,2,621,Germany,Female,GOLD,0
734,45,2,0.0,2,1,0,139445.59199999998,0,5,321,France,Male,GOLD,0
614,37,8,75150.34,4,0,1,184488.33800000002,1,1,516,Germany,Female,GOLD,1
601,26,7,105514.69,2,1,0,70113.82599999999,0,5,525,Germany,Female,GOLD,0
525,25,6,0.0,2,1,0,125408.29599999999,0,5,476,Germany,Female,DIAMOND,0
595,36,6,85768.42,1,1,1,34738.878,0,5,301,Spain,Male,DIAMOND,0
624,33,6,0.0,2,0,0,107187.37999999999,0,5,566,Spain,Male,GOLD,0
732,34,8,122338.43,2,1,0,263195.19,0,1,254,France,Female,PLATINUM,0
601,37,5,0.0,1,0,0,29007.039999999997,0,2,987,Germany,Female,GOLD,0
605,62,4,111065.93,2,0,1,175940.386,0,1,868,Germany,Female,PLATINUM,0
550,40,7,114354.95,1,1,0,75641.502,0,1,951,France,Female,GOLD,0
602,33,5,0.0,2,0,1,89668.67599999999,0,1,713,Spain,Male,GOLD,0
770,30,8,0.0,2,0,1,71190.79,0,3,597,Spain,Male,GOLD,0
568,36,10,153610.61,1,1,1,75732.31999999999,1,2,244,Spain,Female,SILVER,1
760,51,2,100946.71,1,0,0,251475.71999999997,1,4,550,France,Female,DIAMOND,1
496,34,1,102723.35,2,1,0,253197.73399999997,0,2,310,Germany,Female,SILVER,0
817,45,9,101207.75,1,0,0,123510.56799999998,1,2,847,Germany,Male,SILVER,1
602,35,5,0.0,2,1,0,43485.028,0,5,414,Germany,Female,DIAMOND,0
662,47,6,0.0,2,1,1,181164.84999999998,0,4,629,France,Female,GOLD,0
790,42,1,85839.62,1,1,0,277470.822,0,5,226,Germany,Male,GOLD,0
476,34,8,111905.43,1,0,1,276125.534,1,3,832,Germany,Female,PLATINUM,1
692,27,1,125547.53,1,0,0,11075.644,0,4,890,France,Male,SILVER,0
710,41,2,156067.05,1,1,1,13992.431999999999,0,4,678,France,Female,DIAMOND,0
569,66,2,0.0,1,1,0,183112.87999999998,1,1,345,Germany,Male,DIAMOND,1
805,31,4,0.0,2,1,0,6732.3679999999995,0,2,863,Germany,Female,PLATINUM,0
679,60,8,0.0,2,1,1,71948.26,0,4,797,Germany,Male,SILVER,0
617,37,4,116471.43,2,1,0,245469.63599999997,1,3,984,Germany,Female,SILVER,1
740,60,5,108028.08,2,0,0,36387.587999999996,1,5,922,Germany,Female,GOLD,1
660,32,0,114668.89,1,1,0,118461.99999999999,0,4,458,France,Female,PLATINUM,0
616,31,3,136789.14,1,1,0,83099.95999999999,1,1,861,Germany,Female,PLATINUM,1
511,27,8,0.0,2,1,1,68740.10399999999,0,2,865,France,Male,SILVER,0
646,24,0,92398.08,1,1,1,26471.206,0,5,887,Germany,Male,GOLD,0
626,26,8,148610.41,3,0,1,146317.828,1,5,410,Spain,Female,PLATINUM,1
581,24,3,95508.2,1,1,1,64071.99999999999,0,5,463,France,Female,PLATINUM,0
576,32,7,0.0,2,1,0,6540.273999999999,0,5,722,France,Male,PLATINUM,0
543,48,1,100900.5,1,0,0,46650.008,1,2,751,Germany,Male,DIAMOND,1
652,45,9,110827.49,1,1,1,214751.956,1,3,510,Germany,Female,PLATINUM,1
657,40,7,99165.84,1,0,1,167082.53,1,5,267,Germany,Male,SILVER,1
638,34,7,0.0,2,0,0,5539.806,0,2,504,Spain,Female,PLATINUM,0
563,32,0,148326.09,1,1,0,268260.97799999994,1,3,356,Germany,Female,GOLD,1
617,30,8,0.0,1,1,1,129685.65999999999,0,3,829,France,Female,GOLD,0
658,39,4,0.0,1,1,1,206557.08399999997,0,3,745,France,Female,GOLD,0
850,32,2,128647.98,2,0,0,76197.652,0,2,607,Germany,Male,SILVER,0
632,40,9,139625.34,1,1,0,131199.144,1,5,709,France,Female,DIAMOND,1
758,50,2,95813.76,3,1,1,95136.726,1,2,525,Germany,Female,PLATINUM,1
547,32,8,155726.85,1,1,0,94920.986,0,2,309,Germany,Male,SILVER,0
789,37,3,0.0,1,1,0,170652.41799999998,1,4,259,Germany,Male,SILVER,1
624,36,0,0.0,2,1,0,156263.25999999998,0,3,353,Spain,Female,GOLD,0
674,39,6,120193.42,1,0,0,140198.33,0,1,510,Spain,Male,PLATINUM,0
537,46,5,100727.5,1,0,1,197215.864,1,3,649,Germany,Female,DIAMOND,1
697,43,10,128226.37,1,0,0,263896.716,0,3,761,Spain,Male,DIAMOND,0
437,35,6,126803.34,2,1,1,225601.75999999998,0,3,628,Germany,Male,DIAMOND,0
524,37,9,127480.58,2,1,0,251503.566,0,2,512,Germany,Female,SILVER,0
531,45,1,126495.57,2,1,1,230653.09999999998,0,2,242,Spain,Female,GOLD,0
724,34,6,118235.7,2,0,0,220007.122,0,5,618,Germany,Male,DIAMOND,0
561,28,6,123692.0,1,1,1,98783.54400000001,0,4,615,Spain,Male,GOLD,0
720,29,7,106230.92,1,1,1,97880.50199999998,1,1,747,Germany,Female,SILVER,1
850,29,1,0.0,2,0,0,214210.646,0,3,601,France,Male,GOLD,0
698,46,0,0.0,2,1,1,176361.828,0,2,613,Germany,Female,DIAMOND,0
635,48,4,81556.89,2,1,0,268695.11799999996,0,2,488,Germany,Female,DIAMOND,0
696,42,4,0.0,1,0,0,176909.38199999998,1,3,255,Germany,Male,GOLD,1
731,19,6,0.0,2,1,1,212229.506,0,4,457,Germany,Male,PLATINUM,0
484,36,8,0.0,2,1,0,260606.072,0,1,512,Spain,Male,PLATINUM,0
648,49,10,0.0,2,1,1,223785.09199999998,1,2,314,Spain,Female,GOLD,1
494,27,2,0.0,2,1,0,31381.495999999996,0,2,488,Spain,Male,DIAMOND,0
576,40,9,0.0,2,1,0,157466.266,1,5,359,France,Male,SILVER,1
749,44,0,71497.79,2,0,0,211532.31999999998,0,1,378,Germany,Female,SILVER,0
561,43,4,0.0,4,0,0,25947.073999999997,1,1,320,France,Male,GOLD,1
721,69,2,108424.19,1,1,1,249800.69,0,1,260,Germany,Male,PLATINUM,0
608,59,1,0.0,1,1,0,98924.496,1,4,585,France,Male,DIAMOND,1
632,30,1,58668.02,1,1,1,110153.728,0,1,398,Germany,Male,GOLD,0
638,46,9,139859.54,1,1,0,54569.206,0,4,946,Germany,Male,GOLD,0
706,36,9,58571.18,2,1,0,57098.614,0,4,329,Germany,Male,PLATINUM,0
663,34,10,0.0,1,1,1,159732.22199999998,0,3,664,France,Male,PLATINUM,0
552,41,9,124349.34,1,1,0,189904.34999999998,0,3,539,France,Female,DIAMOND,0
557,24,4,0.0,1,0,0,28737.007999999998,0,5,532,Germany,Female,GOLD,0
365,30,0,127760.07,1,1,0,114167.99,1,4,342,Germany,Male,DIAMOND,1
638,36,6,0.0,1,1,0,229961.514,0,4,932,Germany,Female,DIAMOND,0
664,33,7,97286.16,2,1,0,200821.66199999998,0,5,334,Germany,Male,GOLD,0
646,38,7,0.0,2,1,0,2154.76,0,3,462,Germany,Male,SILVER,0
628,50,4,122227.71,1,0,1,19919.878,1,4,720,Germany,Male,SILVER,1
715,33,3,85227.84,1,1,1,95337.00999999998,0,4,648,France,Female,GOLD,0
521,34,7,70731.07,1,1,1,28356.558,1,2,773,Spain,Female,GOLD,1
711,37,2,0.0,2,1,0,117585.404,1,4,407,Spain,Male,GOLD,1
701,34,6,107980.37,1,1,1,167139.636,0,3,563,Spain,Female,PLATINUM,0
753,38,1,117314.92,1,1,0,170844.862,1,5,645,Germany,Female,DIAMOND,1
638,25,4,148045.45,2,1,1,160626.38799999998,0,2,537,Germany,Male,SILVER,0
613,21,7,105627.95,1,1,1,51199.714,0,5,495,France,Female,GOLD,0
604,23,9,124577.33,1,1,1,10189.15,0,4,470,Spain,Male,DIAMOND,0
520,29,8,95947.76,1,1,0,6590.015999999999,0,5,617,France,Female,GOLD,0
744,32,4,96106.83,1,1,1,111752.878,0,5,520,Germany,Male,DIAMOND,0
585,36,5,146050.97,2,0,0,121009.398,0,3,665,Germany,Male,SILVER,0
633,50,7,88302.65,1,1,1,274327.024,0,4,382,Germany,Male,DIAMOND,0
611,37,1,117524.72,2,0,1,225505.006,0,5,299,Germany,Male,DIAMOND,0
647,41,1,85906.65,3,1,0,264838.958,0,3,936,Germany,Female,SILVER,0
753,35,3,0.0,2,1,1,258796.27799999996,0,1,330,France,Male,GOLD,0
768,42,3,0.0,1,0,0,225755.186,1,1,651,Spain,Female,SILVER,1
513,41,9,107135.04,2,1,1,224780.21199999997,0,1,576,Spain,Female,DIAMOND,0
651,37,10,117791.06,2,1,1,106187.612,0,2,276,Germany,Female,GOLD,0
657,40,10,0.0,2,1,1,74201.98,0,3,724,Spain,Male,GOLD,0
498,33,1,198113.86,1,1,0,97545.09,0,2,694,Germany,Male,PLATINUM,0
515,41,8,0.0,2,1,1,259090.796,0,5,547,France,Male,DIAMOND,0
705,61,4,0.0,2,1,1,267854.18,0,2,606,Germany,Male,DIAMOND,0
592,29,7,0.0,2,1,1,127690.33799999999,0,5,624,Germany,Male,GOLD,0
678,25,10,76968.12,2,0,1,184117.408,0,1,365,Germany,Female,GOLD,0
574,37,7,0.0,2,1,0,45182.191999999995,0,2,737,Spain,Female,DIAMOND,0
711,25,5,190066.54,1,0,0,71898.54599999999,1,5,303,France,Female,GOLD,1
526,33,8,114634.63,2,1,0,154175.13199999998,1,2,624,Spain,Female,SILVER,1
581,43,5,93259.57,3,1,0,197464.90999999997,1,5,276,Germany,Female,DIAMOND,1
756,19,4,130274.22,1,1,1,186964.406,0,4,546,Spain,Male,SILVER,0
674,39,6,0.0,2,1,1,13419.761999999999,0,3,629,Spain,Female,SILVER,0
608,42,10,163548.07,1,1,0,54428.59,0,3,602,France,Male,DIAMOND,0
588,22,9,67178.19,1,1,1,228963.65,1,2,728,Spain,Female,SILVER,1
648,26,9,162923.85,1,1,0,137730.536,0,5,922,Germany,Male,GOLD,0
616,30,5,0.0,2,0,1,274566.914,0,4,701,Spain,Male,PLATINUM,0
578,28,4,0.0,2,0,0,9740.926,0,3,849,Spain,Male,GOLD,0
545,44,2,127536.44,1,1,0,151773.082,0,5,320,Germany,Female,PLATINUM,0
751,50,2,96888.39,1,1,0,108103.75,1,2,756,Germany,Male,DIAMOND,1
850,40,6,97339.99,1,0,1,124356.34999999999,0,1,756,France,Male,GOLD,0
695,36,4,161533.0,1,1,0,141332.274,0,2,749,France,Male,GOLD,0
535,38,8,0.0,2,1,0,191283.896,0,1,272,France,Female,DIAMOND,0
722,30,5,0.0,2,1,0,232942.156,0,5,282,France,Male,PLATINUM,0
713,43,5,86394.14,1,1,1,182016.582,0,3,663,Germany,Male,SILVER,0
449,21,7,0.0,2,0,0,246056.488,0,3,786,Germany,Female,GOLD,0
632,49,5,167962.7,1,0,0,196296.694,0,3,614,Germany,Female,DIAMOND,0
457,44,7,0.0,2,0,0,260404.30399999997,0,4,717,Spain,Male,PLATINUM,0
703,37,1,149762.08,1,1,0,28896.16,1,3,371,France,Male,DIAMOND,1
507,46,8,102785.16,1,1,1,98468.15199999999,0,1,633,Germany,Female,GOLD,0
535,20,9,134874.4,1,1,1,166370.78399999999,0,2,640,Germany,Male,GOLD,0
556,46,3,131764.96,1,1,1,151915.924,1,5,606,Spain,Male,SILVER,1
671,44,0,84745.03,2,0,1,48558.572,0,4,863,Germany,Female,SILVER,0
710,51,4,93656.95,1,0,1,197975.714,1,5,933,Spain,Female,DIAMOND,1
624,23,5,0.0,2,0,0,185401.02599999998,0,5,965,France,Female,GOLD,0
547,39,6,74596.15,3,1,1,120060.128,1,4,790,Germany,Female,SILVER,1
565,49,7,0.0,2,1,1,125467.96399999998,0,4,579,Germany,Male,PLATINUM,0
675,32,2,155663.31,1,1,0,136737.124,0,2,655,Germany,Female,SILVER,0
641,42,6,0.0,2,0,0,169609.278,0,2,697,Germany,Female,PLATINUM,0
627,35,2,137852.96,1,1,1,241191.89399999997,1,3,803,Germany,Female,SILVER,1
728,46,2,109705.52,1,1,0,28402.618,1,5,469,France,Female,PLATINUM,1
585,33,4,152805.05,1,1,0,88550.51,0,1,385,France,Female,GOLD,0
638,30,9,136808.53,2,1,1,149315.158,0,5,946,Spain,Male,GOLD,0
533,38,4,70362.52,2,1,1,145880.244,0,2,975,Germany,Male,SILVER,0
757,36,1,65349.71,1,0,0,90370.496,0,2,788,Germany,Male,SILVER,0
702,29,6,149218.39,1,1,1,13501.214,0,3,739,Germany,Female,DIAMOND,0
624,38,3,0.0,2,1,1,229148.59,0,3,357,Germany,Female,PLATINUM,0
659,27,4,0.0,2,1,0,139093.618,0,4,613,Spain,Male,PLATINUM,0
585,37,6,152496.82,1,1,1,139885.20599999998,0,3,405,Germany,Male,SILVER,0
553,41,6,144974.55,1,1,1,27097.887999999995,0,1,699,Spain,Male,PLATINUM,0
508,35,1,86893.28,1,0,0,83139.74799999999,0,2,408,France,Male,SILVER,0
634,34,1,0.0,2,1,0,86808.798,0,5,522,Spain,Male,SILVER,0
626,23,6,85897.95,1,1,0,153654.91999999998,0,2,906,Germany,Female,SILVER,0
569,35,4,93934.63,1,1,0,258662.522,0,5,786,Germany,Female,GOLD,0
639,29,4,133434.57,2,1,0,137191.816,0,3,293,Spain,Male,PLATINUM,0
616,29,8,149318.55,1,1,0,197059.582,0,1,564,Germany,Male,PLATINUM,0
617,30,3,132005.77,1,1,0,200131.546,0,5,285,France,Male,GOLD,0
617,79,7,0.0,1,1,1,224839.85199999998,0,3,424,Germany,Female,SILVER,0
607,61,2,164523.5,2,1,1,50116.464,0,1,702,Germany,Male,DIAMOND,0
536,61,8,65190.29,1,1,1,90046.886,1,2,390,Germany,Female,DIAMOND,1
758,33,7,0.0,2,0,0,116210.05799999999,0,4,953,France,Female,PLATINUM,0
811,47,3,123365.34,2,0,0,240808.47599999997,0,4,601,Germany,Female,GOLD,0
662,64,0,98848.19,1,0,1,59837.168,0,1,676,Germany,Male,SILVER,0
665,45,5,155447.65,2,1,0,72635.73,1,4,511,Germany,Female,PLATINUM,1
750,52,6,107467.56,1,1,0,176741.452,1,5,644,Germany,Female,DIAMOND,1
605,39,3,0.0,2,1,0,279161.63,0,3,405,Germany,Male,SILVER,0
601,20,9,122446.61,2,1,0,121523.65999999999,0,3,605,Spain,Female,PLATINUM,0
598,32,4,111156.52,1,1,1,234341.764,0,1,219,Germany,Female,SILVER,0
455,40,1,0.0,3,0,1,181980.476,0,2,407,Germany,Male,PLATINUM,0
667,70,3,77356.92,2,1,1,29249.743999999995,0,2,681,Germany,Male,GOLD,0
724,31,9,138166.3,1,1,0,18103.602,0,5,376,Germany,Male,PLATINUM,0
634,37,7,51582.5,2,1,1,258053.03199999998,0,5,902,Germany,Female,GOLD,0
782,33,7,191523.09,1,1,1,233897.24999999997,0,4,763,Germany,Male,DIAMOND,0
651,63,8,129968.67,1,1,1,16577.742,0,3,746,Spain,Female,PLATINUM,0
649,78,4,68345.86,2,1,1,199608.44999999998,0,2,446,Germany,Male,PLATINUM,0
705,39,5,149379.66,2,1,0,134520.77,0,2,444,Germany,Female,PLATINUM,0
677,43,3,133214.88,2,1,1,134326.576,0,5,865,Spain,Female,DIAMOND,0
466,56,2,111920.13,3,1,0,276702.75399999996,1,3,586,Germany,Female,SILVER,1
679,58,8,125850.53,2,1,1,121826.438,0,2,572,Germany,Male,DIAMOND,0
737,43,1,125537.38,1,1,0,193929.014,1,2,316,Germany,Female,GOLD,1
599,39,2,188976.89,2,0,1,246613.92599999998,0,3,729,Germany,Male,SILVER,0
523,22,8,123374.46,1,1,1,174884.226,0,4,862,France,Male,PLATINUM,0
781,35,4,80790.74,1,1,0,163016.31399999998,0,2,456,Spain,Male,SILVER,0
544,33,6,0.0,2,1,1,173773.256,0,4,617,France,Female,SILVER,0
639,27,8,133806.54,2,1,0,8766.82,0,2,533,Spain,Female,PLATINUM,0
602,33,8,0.0,2,1,1,158115.236,0,4,813,Germany,Female,SILVER,0
617,41,7,0.0,2,0,1,20310.338,0,1,321,Germany,Male,PLATINUM,0
667,71,4,137260.78,1,0,1,132221.312,1,2,915,Spain,Male,DIAMOND,1
656,33,7,138705.02,2,1,0,52005.61,0,1,396,France,Male,GOLD,0
850,42,0,0.0,2,1,0,61847.17599999999,0,2,377,France,Male,SILVER,0
800,38,1,0.0,2,1,0,72189.802,0,5,959,Spain,Male,DIAMOND,0
468,42,5,0.0,2,1,0,175442.476,0,3,780,France,Female,GOLD,0
565,33,8,130368.31,2,1,0,147914.40199999997,0,3,860,Germany,Male,GOLD,0
577,37,4,0.0,1,1,1,111848.946,0,1,642,Germany,Female,PLATINUM,0
622,31,5,106260.67,1,1,1,3624.8019999999997,0,4,660,Germany,Male,SILVER,0
617,51,10,167273.71,1,0,0,130830.65,1,3,539,Germany,Female,PLATINUM,1
687,38,8,69434.4,2,1,1,93227.182,1,4,778,Spain,Male,GOLD,1
730,23,8,0.0,2,1,0,256613.34199999998,0,3,537,Germany,Male,SILVER,0
789,31,4,175477.15,1,1,1,241981.05999999997,0,1,702,Germany,Male,DIAMOND,0
724,34,2,0.0,2,1,1,166423.732,0,4,467,France,Female,GOLD,0
526,32,7,125540.05,1,0,0,121515.974,0,3,672,Germany,Male,PLATINUM,0
664,36,2,127160.78,2,1,0,109412.04999999999,0,5,705,Germany,Female,GOLD,0
850,35,5,0.0,1,1,1,113404.92,0,5,838,Germany,Female,PLATINUM,0
736,27,5,51522.75,1,0,1,268999.47799999994,0,4,562,Germany,Male,SILVER,0
652,74,5,0.0,2,1,1,1327.01,0,5,286,France,Female,GOLD,0
809,48,2,0.0,1,1,0,225382.59,1,1,994,Spain,Female,GOLD,1
651,39,6,0.0,1,1,0,33862.015999999996,0,1,283,Germany,Female,SILVER,0
669,50,9,201009.64,1,1,0,221260.5,1,2,346,France,Male,PLATINUM,1
630,25,7,79656.81,1,1,0,130948.908,0,4,784,Germany,Female,PLATINUM,0
530,37,4,0.0,2,1,1,230797.118,0,2,885,Spain,Male,PLATINUM,0
750,39,6,0.0,2,0,0,26985.062,0,5,940,Spain,Female,PLATINUM,0
671,31,4,0.0,2,0,1,110993.028,0,2,598,Spain,Female,GOLD,0
792,42,2,0.0,2,1,0,129744.72599999998,0,3,522,Germany,Female,PLATINUM,0
690,36,10,91760.11,1,1,1,190113.916,0,2,443,Spain,Female,PLATINUM,0
445,38,6,119413.62,2,1,0,246073.90399999995,0,2,263,Germany,Female,GOLD,0
749,24,1,0.0,3,1,1,67090.442,0,3,758,France,Male,GOLD,0
809,33,8,148055.74,1,0,0,278899.49399999995,0,1,981,Germany,Male,PLATINUM,0
597,28,2,0.0,3,1,1,110206.158,0,3,793,Germany,Male,SILVER,0
603,24,1,165149.13,2,1,0,30616.591999999997,0,1,872,Spain,Male,PLATINUM,0
573,28,8,0.0,2,0,0,108739.04199999999,0,4,668,Spain,Male,PLATINUM,0
645,36,8,0.0,2,1,1,16950.254,1,2,608,France,Female,PLATINUM,1
576,52,2,100549.43,2,1,1,23316.823999999997,0,4,221,Spain,Male,DIAMOND,0
677,40,5,0.0,2,1,0,124541.58399999999,0,4,314,Spain,Male,GOLD,0
769,38,6,0.0,2,0,0,146166.292,0,5,390,Spain,Male,PLATINUM,0
741,42,9,121056.63,2,1,0,54786.612,0,4,872,Spain,Female,PLATINUM,0
631,35,8,129205.49,1,1,1,110819.904,0,2,460,France,Male,SILVER,0
559,36,1,104356.94,2,0,1,75872.684,0,5,969,Germany,Female,GOLD,0
469,35,5,0.0,2,1,0,261101.51799999998,0,4,698,Spain,Male,SILVER,0
497,35,7,110053.62,2,1,1,130056.88399999999,0,4,748,Germany,Male,PLATINUM,0
679,39,6,0.0,2,1,0,17187.483999999997,0,2,702,Spain,Male,GOLD,0
718,25,4,108691.95,1,1,0,88258.358,0,2,723,France,Female,DIAMOND,0
782,36,1,148795.17,2,1,1,273969.002,0,1,615,France,Male,DIAMOND,0
490,35,7,107749.03,1,1,1,5527.317999999999,0,5,960,France,Female,PLATINUM,0
649,20,5,0.0,2,1,1,81648.356,0,5,496,Spain,Male,PLATINUM,0
645,30,1,125739.26,1,1,1,270832.722,0,2,788,France,Male,SILVER,0
795,33,9,104552.72,1,1,1,169210.362,1,1,381,Germany,Female,SILVER,1
604,53,8,144453.75,1,1,0,267413.544,1,3,985,France,Male,DIAMOND,1
844,41,10,76319.64,1,1,1,197660.25199999998,1,3,256,Germany,Female,PLATINUM,1
762,39,2,81273.13,1,1,1,26222.537999999997,0,5,929,Spain,Male,GOLD,0
575,37,0,0.0,2,0,0,42175.047999999995,0,2,930,Spain,Female,GOLD,0
687,34,5,128270.56,1,1,0,267544.668,0,3,908,France,Male,GOLD,0
683,35,9,61172.04,1,0,0,116146.56799999998,0,3,306,Spain,Male,GOLD,0
688,35,5,111578.18,1,0,0,232647.30199999997,1,1,384,Germany,Male,PLATINUM,1
625,45,3,0.0,1,1,1,258278.80999999997,1,5,375,France,Female,GOLD,1
669,30,7,95128.86,1,0,0,27733.963999999996,0,4,463,France,Male,PLATINUM,0
742,60,4,0.0,1,1,1,18441.323999999997,1,1,358,Germany,Female,DIAMOND,1
730,34,1,0.0,2,1,1,177243.81399999998,0,3,865,Germany,Male,DIAMOND,0
484,55,8,149349.58,3,0,0,192542.888,1,5,760,Germany,Female,PLATINUM,1
650,61,1,152968.73,1,0,1,116173.966,0,5,683,Spain,Male,DIAMOND,0
672,33,2,0.0,2,1,1,255848.19999999998,0,4,609,Spain,Male,SILVER,0
539,24,3,0.0,2,1,1,277440.49799999996,0,4,449,France,Female,PLATINUM,0
556,40,9,129860.37,1,0,0,25205.115999999998,0,4,332,Germany,Female,DIAMOND,0
573,35,9,206868.78,2,0,1,144195.61,0,3,940,Germany,Female,SILVER,0
518,27,1,133801.49,1,1,1,200656.798,0,1,938,Germany,Female,DIAMOND,0
615,30,8,0.0,2,0,0,4471.41,0,2,436,Germany,Male,GOLD,0
526,42,1,0.0,1,0,1,235895.42799999996,0,1,593,Germany,Male,GOLD,0
718,35,2,167924.95,1,1,0,60249.49599999999,0,2,317,Germany,Female,SILVER,0
809,80,8,0.0,2,0,1,47844.67,0,3,311,Spain,Male,DIAMOND,0
597,67,2,0.0,2,0,1,152119.19,0,2,352,Germany,Male,PLATINUM,0
657,75,7,126273.95,1,0,1,128358.04,0,1,554,Spain,Male,GOLD,0
726,48,4,0.0,1,1,0,159643.08399999997,1,2,283,Germany,Female,DIAMOND,1
533,39,2,0.0,1,0,1,103152.916,1,2,285,Germany,Female,GOLD,1
739,41,5,0.0,2,0,0,201450.15,0,5,574,Germany,Male,PLATINUM,0
555,62,4,119817.33,1,0,1,60924.939999999995,1,2,697,Germany,Male,GOLD,1
795,35,8,0.0,2,1,0,234032.50399999996,0,2,708,Spain,Male,DIAMOND,0
727,43,2,97403.18,1,1,1,150396.028,1,1,612,Spain,Male,GOLD,1
641,31,9,112494.99,1,1,1,45139.24,0,4,565,France,Male,GOLD,0
665,51,8,0.0,1,1,1,54514.872,1,2,317,Spain,Female,DIAMOND,1
577,35,4,108155.49,1,1,0,147585.906,0,1,565,Germany,Female,PLATINUM,0
477,48,8,129250.0,2,1,1,221127.29,0,1,885,Germany,Male,PLATINUM,0
581,34,1,0.0,2,0,1,113660.34999999999,0,3,602,Spain,Male,SILVER,0
598,35,8,0.0,3,0,1,124137.22199999998,0,4,235,Spain,Female,DIAMOND,0
819,49,1,120656.86,4,0,0,232645.01999999996,1,3,991,Germany,Female,PLATINUM,1
828,28,8,134766.85,1,1,0,111113.218,0,3,738,Spain,Male,GOLD,0
696,24,9,0.0,1,0,0,15251.928,0,3,916,Spain,Male,SILVER,0
724,29,6,0.0,2,0,1,90636.314,0,5,957,France,Female,SILVER,0
665,25,5,153611.83,2,1,0,49465.31,0,1,862,Germany,Male,SILVER,0
709,43,8,0.0,2,0,0,235264.868,1,4,863,France,Female,GOLD,1
673,29,4,99097.36,1,1,1,13730.366,0,4,712,Germany,Female,PLATINUM,0
691,40,1,0.0,2,1,1,203873.438,0,2,878,Spain,Male,DIAMOND,0
704,24,2,148197.15,2,1,0,255900.11199999996,0,1,871,Germany,Male,PLATINUM,0
637,27,9,128940.24,1,1,0,65516.687999999995,0,5,304,Germany,Male,GOLD,0
595,30,5,100683.54,1,1,1,249720.456,0,3,376,Spain,Female,SILVER,0
545,39,6,0.0,1,0,0,53790.03599999999,1,4,542,Spain,Female,SILVER,1
741,37,8,170840.08,2,0,0,153795.424,0,1,947,Germany,Female,SILVER,0
549,43,3,134985.66,1,1,0,8556.974,0,3,903,Germany,Female,PLATINUM,0
627,27,0,185267.45,2,1,1,107853.27599999998,0,4,606,Germany,Male,SILVER,0
795,56,9,94348.94,1,1,0,40950.006,1,1,414,Germany,Female,PLATINUM,1
693,43,1,121927.92,1,1,0,123207.93,1,4,572,Germany,Female,GOLD,1
724,40,6,0.0,2,0,0,148624.272,0,3,437,France,Male,PLATINUM,0
660,35,8,58641.43,1,0,1,278158.71199999994,0,5,815,Germany,Male,PLATINUM,0
614,30,3,131344.52,2,1,0,76702.29599999999,0,2,636,Germany,Female,PLATINUM,0
640,33,1,167298.42,1,0,1,203549.30999999997,0,1,892,France,Female,SILVER,0
766,62,7,142724.48,1,0,1,8265.521999999999,1,2,460,Germany,Female,GOLD,1
645,59,8,121669.93,2,0,0,143.45,1,5,291,Germany,Female,SILVER,1
760,43,6,175735.5,1,1,1,220287.206,0,2,927,Spain,Male,GOLD,0
708,44,2,161887.81,2,1,0,118833.32199999999,0,3,602,France,Female,DIAMOND,0
662,32,4,133950.37,1,1,1,68230.95199999999,1,1,368,France,Female,DIAMOND,1
724,33,5,103564.83,2,1,0,169535.008,0,1,352,Germany,Male,GOLD,0
707,32,4,132835.56,1,0,0,191643.13599999997,0,2,745,Spain,Female,SILVER,0
782,70,7,97072.42,1,0,1,183663.10799999998,0,3,714,France,Female,GOLD,0
744,35,7,0.0,2,1,1,60266.23999999999,0,5,784,Spain,Male,SILVER,0
845,38,2,112803.92,1,1,0,251499.59,0,1,881,Spain,Female,DIAMOND,0
838,35,0,0.0,2,0,1,276243.274,0,1,502,Spain,Male,SILVER,0
547,42,1,142703.4,1,1,0,120705.486,1,5,731,Germany,Female,PLATINUM,1
629,30,2,34013.63,1,1,0,27413.882,0,2,952,Spain,Female,DIAMOND,0
554,45,6,0.0,2,1,1,253701.3,0,3,802,France,Female,DIAMOND,0
687,61,7,80538.56,1,1,0,183842.51799999998,1,4,274,Germany,Female,DIAMOND,1
568,43,9,0.0,1,1,0,176234.10599999997,1,1,805,Spain,Female,PLATINUM,1
699,47,1,0.0,2,0,1,42179.416,0,3,788,Spain,Male,SILVER,0
560,41,4,152532.3,1,0,0,15106.565999999999,0,3,459,Germany,Male,DIAMOND,0
695,45,3,0.0,2,1,1,43126.054,0,1,364,France,Male,PLATINUM,0
664,40,9,0.0,2,1,0,272689.22,0,5,354,Germany,Male,SILVER,0
733,51,10,141556.96,1,1,0,182280.34199999998,0,3,800,France,Male,SILVER,0
717,41,3,135756.96,1,1,1,145203.974,0,2,801,France,Female,SILVER,0
688,36,0,89772.3,1,1,0,248352.15199999997,1,5,663,Spain,Male,DIAMOND,1
566,44,5,141428.99,2,0,0,95787.236,0,4,459,Germany,Female,SILVER,0
779,26,0,0.0,2,0,1,156683.4,0,2,804,Germany,Female,DIAMOND,0
628,42,7,0.0,2,0,1,242170.01799999998,0,2,283,Spain,Male,SILVER,0
648,54,9,120633.42,1,0,0,8309.132,1,4,425,France,Female,SILVER,1
677,58,9,0.0,1,0,1,236125.55999999997,0,5,817,Germany,Male,GOLD,0
720,33,2,0.0,2,0,1,197458.51199999996,0,2,633,France,Male,GOLD,0
535,49,7,115309.75,1,1,0,156005.478,0,5,885,Spain,Female,GOLD,0
588,41,6,106116.56,2,1,0,278288.25399999996,0,3,666,Germany,Male,DIAMOND,0
543,36,4,0.0,2,1,1,197709.69999999998,0,1,354,Germany,Male,GOLD,0
643,45,9,150840.03,2,1,0,217737.88999999998,0,2,812,Spain,Female,GOLD,0
650,24,8,108881.73,1,1,0,146304.962,0,3,853,Spain,Male,SILVER,0
764,24,7,98148.61,1,1,0,37596.263999999996,0,1,275,France,Male,GOLD,0
662,74,6,0.0,2,1,0,173032.38999999998,0,1,512,Germany,Male,SILVER,0
732,26,7,0.0,2,1,0,216125.524,0,3,994,France,Male,DIAMOND,0
610,42,6,0.0,2,1,0,221638.626,1,5,237,Spain,Male,DIAMOND,1
701,40,5,169742.64,1,1,1,214967.56999999998,1,4,840,France,Male,GOLD,1
625,39,2,0.0,2,1,0,140579.27,0,3,452,France,Male,PLATINUM,0
523,40,2,102967.41,1,1,0,180197.94,1,1,606,France,Female,PLATINUM,1
577,34,2,0.0,2,1,1,117661.69,0,5,309,France,Female,PLATINUM,0
802,38,1,142557.11,1,1,1,241511.822,0,4,670,France,Male,DIAMOND,0
722,35,1,120171.58,1,1,0,175352.12,0,2,324,Spain,Female,SILVER,0
712,34,1,0.0,2,1,1,273087.968,0,1,966,Germany,Male,PLATINUM,0
612,24,1,182705.05,1,1,1,240586.884,0,3,615,France,Male,SILVER,0
850,40,6,94607.08,1,1,0,51381.685999999994,0,5,460,Germany,Male,DIAMOND,0
719,32,7,0.0,1,0,0,106784.978,0,3,677,Spain,Female,PLATINUM,0
675,39,1,0.0,2,1,0,214395.908,0,1,791,Germany,Male,DIAMOND,0
724,33,4,88046.88,1,0,1,261734.48599999998,1,3,756,Germany,Male,SILVER,1
586,37,8,167735.69,2,0,1,146547.10599999997,0,4,738,Germany,Male,DIAMOND,0
431,63,6,160982.89,1,1,1,235226.438,0,2,923,France,Male,DIAMOND,0
463,41,8,123151.51,2,1,0,98194.10199999998,0,5,523,Germany,Female,SILVER,0
706,35,8,178032.53,1,0,1,59069.352,0,1,285,Germany,Female,GOLD,0
439,29,6,156569.43,1,1,0,252853.12399999998,0,2,939,France,Female,GOLD,0
491,72,6,91285.22,1,1,1,9861.13,0,3,277,France,Female,GOLD,0
572,43,2,140431.98,1,1,0,37045.797999999995,1,4,474,Germany,Male,DIAMOND,1
799,39,7,167395.6,2,0,1,195367.40199999997,0,2,908,Germany,Female,PLATINUM,0
636,36,6,96643.32,1,0,0,254897.99199999997,0,2,498,Germany,Male,DIAMOND,0
633,29,10,130206.28,1,1,0,258531.81799999997,0,5,957,France,Male,GOLD,0
524,28,1,93577.3,1,1,1,72354.148,0,5,744,France,Male,PLATINUM,0
555,62,10,114822.64,1,0,1,11837.3,0,3,291,Germany,Female,GOLD,0
637,43,3,172196.23,1,1,1,146692.944,0,4,550,Spain,Male,GOLD,0
730,39,1,116537.6,1,0,0,203966.44,0,1,453,France,Male,GOLD,0
779,37,2,128389.63,1,1,1,9239.823999999999,1,2,560,Germany,Female,DIAMOND,1
494,41,2,69974.66,2,1,0,263811.582,1,4,997,Spain,Female,SILVER,1
675,50,1,133204.91,1,0,1,11593.083999999999,0,1,467,Spain,Female,PLATINUM,0
602,37,3,107592.89,2,0,1,214386.82200000001,0,3,493,Spain,Male,GOLD,0
829,22,7,150126.44,1,1,0,212966.10199999998,1,5,502,Germany,Female,SILVER,1
606,27,2,130274.26,2,1,0,206561.32599999997,0,5,915,Germany,Male,GOLD,0
850,34,2,0.0,2,0,0,72701.656,0,4,506,France,Female,DIAMOND,0
533,52,7,0.0,1,0,1,271774.58599999995,1,5,590,Spain,Female,DIAMOND,1
529,35,5,0.0,2,1,0,79140.2,0,4,284,Spain,Female,DIAMOND,0
736,43,4,176134.54,1,1,1,74014.632,0,2,266,France,Male,GOLD,0
610,40,0,0.0,2,1,0,87140.64,0,5,690,Germany,Male,GOLD,0
769,31,6,117852.26,2,1,0,206751.09600000002,0,5,533,Germany,Female,DIAMOND,0
685,30,3,90536.81,1,0,1,88331.03199999999,0,4,347,Germany,Male,SILVER,0
738,62,10,83008.31,1,1,1,59887.441999999995,0,3,995,Germany,Male,GOLD,0
754,34,7,0.0,2,1,1,91322.79,0,3,467,Germany,Male,GOLD,0
592,26,4,105082.07,2,1,0,185937.198,0,1,949,Germany,Female,GOLD,0
796,32,5,102773.15,2,0,1,164981.032,0,2,630,Spain,Male,GOLD,0
604,33,3,148659.48,1,0,0,59427.85,0,5,376,France,Male,DIAMOND,0
619,33,3,100488.92,2,0,1,51040.435999999994,0,4,522,Germany,Female,PLATINUM,0
698,57,6,136325.48,2,1,1,101583.978,1,2,687,Germany,Male,DIAMOND,1
752,37,5,113291.05,2,1,1,185469.556,0,1,264,Germany,Female,SILVER,0
810,51,5,0.0,2,0,1,258349.63599999997,0,1,527,France,Female,DIAMOND,0
630,36,2,110414.48,1,1,1,68593.93,0,3,882,France,Female,SILVER,0
534,23,5,104822.45,1,0,1,224262.058,0,5,915,Germany,Female,SILVER,0
706,46,2,127660.46,2,1,0,210234.548,1,2,334,Spain,Female,PLATINUM,1
518,29,9,125961.74,2,1,0,224439.31199999998,1,3,586,Germany,Male,DIAMOND,1
850,39,6,133214.13,1,0,1,29092.832,0,5,681,Spain,Male,PLATINUM,0
695,46,7,49512.55,1,1,0,186225.27599999998,0,3,310,France,Male,DIAMOND,0
584,40,4,82441.75,1,0,0,113207.954,0,3,482,France,Female,GOLD,0
567,38,1,125877.65,2,1,1,150993.478,0,5,511,Germany,Female,DIAMOND,0
630,26,5,0.0,2,1,0,255672.332,0,5,437,Germany,Female,DIAMOND,0
757,49,2,0.0,2,0,0,230291.088,0,1,265,Germany,Female,PLATINUM,0
720,59,6,0.0,2,1,1,225204.202,1,3,521,Spain,Female,DIAMOND,1
563,30,7,90727.79,1,1,0,171191.25,0,2,599,Germany,Male,SILVER,0
712,37,7,93978.96,2,1,0,84927.47799999999,0,1,313,Germany,Male,PLATINUM,0
759,38,1,0.0,2,1,0,29104.745999999996,0,5,795,Spain,Male,DIAMOND,0
703,51,3,0.0,3,1,1,108227.38399999999,1,2,924,Germany,Female,DIAMOND,1
797,31,8,0.0,2,1,0,165098.282,0,5,346,Spain,Female,DIAMOND,0
580,55,6,104305.74,1,0,1,246065.29399999997,0,5,432,France,Male,GOLD,0
785,33,5,136624.6,2,1,1,236779.83599999998,0,3,368,Germany,Female,PLATINUM,0
782,27,3,0.0,2,1,0,201074.614,0,3,858,Spain,Female,DIAMOND,0
603,35,1,123407.69,1,1,0,213573.646,1,2,833,Germany,Male,PLATINUM,1
734,30,3,0.0,2,1,0,150711.34999999998,0,4,245,Germany,Male,DIAMOND,0
745,54,8,0.0,1,1,0,243492.206,1,1,447,Spain,Female,GOLD,1
586,35,7,0.0,2,1,0,99079.966,0,4,481,Germany,Female,PLATINUM,0
588,46,8,0.0,1,1,0,86718.69399999999,0,5,950,Spain,Male,GOLD,0
699,43,3,80764.03,1,1,0,279145.012,1,3,490,France,Female,PLATINUM,1
518,28,9,85146.36,1,0,0,3940.4459999999995,0,4,275,France,Female,SILVER,0
729,36,8,109106.8,1,0,0,169850.56799999997,0,3,456,France,Female,DIAMOND,0
751,36,5,73194.99,1,1,1,124926.724,0,3,301,Germany,Male,PLATINUM,0
650,46,9,149003.76,2,1,0,247678.96199999997,0,3,880,Germany,Female,GOLD,0
542,29,9,0.0,1,1,0,11694.289999999999,0,3,760,France,Male,GOLD,0
485,41,2,100254.76,2,1,1,17804.338,0,5,849,Germany,Male,PLATINUM,0
669,35,7,0.0,1,1,1,68766.522,1,1,335,Germany,Female,SILVER,1
774,26,5,0.0,2,1,1,90617.512,0,2,862,France,Female,GOLD,0
578,38,4,113150.44,2,1,0,247412.626,1,4,502,Germany,Female,GOLD,1
591,40,1,86376.29,1,0,1,191489.024,1,4,356,Spain,Female,SILVER,1
639,35,5,136526.26,2,1,0,83529.242,0,4,616,Spain,Female,GOLD,0
728,43,7,0.0,2,1,0,56048.17999999999,0,4,937,France,Male,DIAMOND,0
794,57,3,117056.46,1,1,0,130686.70199999998,1,3,669,Germany,Male,GOLD,1
651,34,2,90355.12,2,0,0,271052.116,0,3,576,Germany,Male,GOLD,0
643,45,5,0.0,1,1,0,199533.9,1,3,730,France,Male,GOLD,1
552,50,4,121175.56,1,1,0,164522.098,1,1,662,Germany,Male,DIAMOND,1
515,25,7,79543.59,1,0,1,54296.948,0,2,509,Germany,Female,DIAMOND,0
600,32,1,78535.25,1,1,0,90104.43999999999,0,4,729,France,Female,PLATINUM,0
775,42,6,133970.22,2,0,1,262990.86,0,1,278,France,Male,GOLD,0
683,35,6,187530.66,2,1,1,53181.903999999995,0,3,511,Germany,Female,SILVER,0
658,31,5,100082.14,1,0,1,69748.832,0,3,967,France,Male,GOLD,0
545,60,7,128981.07,1,0,1,247708.89399999997,1,5,907,Germany,Female,GOLD,1
515,66,6,0.0,2,1,1,224943.35399999996,0,2,282,France,Female,PLATINUM,0
597,40,8,101993.12,1,0,1,132698.76799999998,0,5,681,Spain,Female,SILVER,0
684,37,4,138476.41,2,1,1,73329.20599999999,0,3,369,Germany,Male,SILVER,0
635,65,5,117325.54,1,1,0,218134.80399999997,1,3,958,Germany,Female,PLATINUM,1
705,40,5,203715.15,1,1,0,251985.15199999997,1,2,801,Spain,Female,DIAMOND,1
589,37,6,138497.84,1,0,1,26599.012000000002,0,1,828,Germany,Female,SILVER,0
758,33,0,129142.54,2,1,1,37263.791999999994,0,5,464,Germany,Male,DIAMOND,0
632,36,7,0.0,2,1,1,73552.31,0,5,257,Germany,Female,DIAMOND,0
708,67,1,0.0,2,0,1,5386.911999999999,0,1,652,France,Female,DIAMOND,0
727,62,5,0.0,2,0,1,54129.14399999999,0,5,599,Germany,Male,GOLD,0
603,30,6,129548.5,2,1,1,27010.989999999998,0,2,553,Spain,Male,SILVER,0
634,53,3,113781.5,2,1,1,148898.07,1,5,559,Germany,Female,GOLD,1
644,18,8,0.0,2,1,0,82856.38799999999,0,4,975,Spain,Male,DIAMOND,0
501,57,10,0.0,2,1,1,67001.066,0,5,374,Germany,Male,PLATINUM,0
711,38,4,123345.85,1,1,0,198573.96199999997,0,2,572,Germany,Male,GOLD,0
742,25,4,132116.13,2,1,0,181921.9,0,1,233,Germany,Female,DIAMOND,0
633,61,3,157201.48,1,0,1,70531.082,0,1,343,France,Male,PLATINUM,0
543,36,6,0.0,2,1,0,247434.59199999998,0,4,894,France,Male,GOLD,0
508,49,7,122451.46,2,1,1,106146.34,0,3,881,Germany,Male,GOLD,0
733,38,5,0.0,2,1,1,1795.1139999999998,0,2,770,Spain,Female,PLATINUM,0
588,37,7,70258.88,2,1,0,195465.65399999998,0,2,258,Germany,Female,DIAMOND,0
850,43,4,161256.53,1,1,1,196115.198,0,5,791,France,Male,SILVER,0
544,48,10,78314.63,3,1,1,145214.50199999998,1,5,403,France,Male,PLATINUM,1
703,33,8,190566.65,1,1,1,112010.996,0,3,708,Germany,Female,PLATINUM,0
682,26,8,0.0,2,1,0,249737.80199999997,0,3,806,France,Male,SILVER,0
827,60,2,0.0,2,0,1,84877.162,0,3,750,Germany,Female,DIAMOND,0
452,60,6,121730.49,1,1,1,200163.606,0,3,449,France,Female,SILVER,0
561,28,3,0.0,2,1,0,267957.864,0,1,276,Spain,Female,DIAMOND,0
608,23,8,197715.93,2,1,1,162588.992,0,5,845,Germany,Male,DIAMOND,0
698,27,1,94920.71,1,1,1,56490.86,0,1,701,France,Female,DIAMOND,0
740,31,8,0.0,2,0,0,121335.47199999998,0,1,814,Spain,Female,GOLD,0
694,37,1,95668.82,2,1,0,140484.77,0,4,468,Germany,Male,GOLD,0
700,32,3,0.0,1,0,0,134051.51799999998,0,2,790,France,Female,SILVER,0
677,72,8,0.0,2,1,1,215061.216,0,2,341,Germany,Female,PLATINUM,0
850,62,5,0.0,2,1,1,252355.98399999997,0,5,324,Spain,Male,GOLD,0
581,34,1,101633.04,1,1,0,154619.11399999997,1,3,469,Germany,Female,PLATINUM,0
666,38,6,127043.09,1,1,1,11560.8,0,3,965,France,Female,DIAMOND,0
754,39,6,170184.99,2,1,0,125445.56399999998,0,2,380,Spain,Male,DIAMOND,0
617,61,7,91070.43,1,1,1,142590.67799999999,0,2,647,Spain,Male,DIAMOND,0
688,33,2,0.0,1,0,0,38595.051999999996,1,1,878,Spain,Female,DIAMOND,1
591,33,4,113743.37,1,1,0,174490.112,0,2,947,Germany,Female,SILVER,0
613,35,4,123557.65,2,0,1,239279.75999999998,0,3,438,Spain,Male,SILVER,0
850,44,5,128605.32,1,0,1,239549.68,0,2,952,Germany,Female,PLATINUM,0
774,47,6,94722.88,1,0,1,86046.344,0,5,615,Germany,Female,DIAMOND,0
711,58,9,91285.13,2,1,1,37489.99,0,3,949,Germany,Male,DIAMOND,0
697,42,1,0.0,1,1,0,1782.9619999999998,1,3,603,France,Female,DIAMOND,1
729,28,0,0.0,2,1,1,43646.084,1,3,433,Spain,Female,PLATINUM,1
535,53,5,141616.55,2,1,1,106259.10999999999,0,1,577,Germany,Female,PLATINUM,0
681,32,3,0.0,2,1,1,83566.86,0,1,526,Spain,Female,SILVER,0
790,40,9,0.0,2,1,1,98864.94,0,4,581,Germany,Female,SILVER,0
714,42,2,177640.09,1,0,1,66048.17,0,5,809,Germany,Male,GOLD,0
735,31,3,119558.35,1,0,0,102113.75199999998,0,1,386,France,Male,GOLD,0
424,34,7,0.0,1,1,1,22765.854,0,4,640,Spain,Male,PLATINUM,0
715,41,4,94267.9,1,0,1,213964.56799999997,1,5,831,France,Male,GOLD,1
671,29,3,0.0,2,1,0,221275.35399999996,0,1,556,Germany,Female,DIAMOND,0
491,68,1,95039.12,1,0,1,163074.596,1,5,897,Germany,Female,SILVER,1
670,37,0,178742.71,1,1,1,272305.998,0,3,345,Spain,Male,DIAMOND,0
696,43,4,114091.38,1,0,1,223858.34,0,3,492,Germany,Male,DIAMOND,0
583,57,3,238387.56,1,0,1,207165.98599999998,1,5,552,Germany,Female,GOLD,1
606,39,3,0.0,2,1,0,70799.62999999999,1,2,612,Germany,Female,GOLD,1
600,35,4,143744.77,2,1,0,145722.11399999997,0,4,797,France,Male,GOLD,0
513,35,8,0.0,1,1,0,107311.40599999999,1,4,276,France,Male,GOLD,1
494,67,5,0.0,2,1,1,120261.224,0,2,408,Spain,Male,GOLD,0
677,56,5,123959.97,1,1,1,84842.008,1,1,809,Spain,Male,DIAMOND,1
594,34,7,141525.55,1,0,0,13235.409999999998,0,4,302,Germany,Female,DIAMOND,0
765,42,4,123311.39,2,1,1,116030.67599999999,0,5,798,France,Male,GOLD,0
678,46,1,0.0,2,0,0,114963.666,0,4,908,Germany,Female,PLATINUM,0
695,53,8,95231.91,1,0,0,98212.12,1,4,402,Germany,Female,SILVER,1
569,38,7,0.0,1,1,1,151871.87999999998,0,5,550,France,Male,SILVER,0
535,48,5,134542.73,1,1,1,81500.13799999999,1,4,351,Germany,Male,SILVER,1
705,35,5,0.0,1,1,0,187602.55399999997,1,3,564,France,Female,PLATINUM,1
682,64,9,0.0,2,1,1,144660.816,0,2,614,Spain,Female,SILVER,0
461,51,9,119889.84,1,0,0,79489.738,1,1,933,France,Male,GOLD,1
650,28,5,122034.4,3,0,1,205343.80199999997,1,4,240,Germany,Female,DIAMOND,1
668,36,3,133686.52,1,1,0,267356.872,1,3,668,Spain,Female,DIAMOND,1
587,46,6,88820.29,1,0,0,98329.07599999999,0,4,507,France,Female,GOLD,0
678,37,8,149000.91,2,1,1,30076.387999999995,0,5,257,Germany,Female,DIAMOND,0
778,44,8,123863.64,1,1,0,202307.916,0,1,830,France,Male,DIAMOND,0
645,29,1,130131.08,2,0,1,275079.08999999997,0,4,846,Germany,Male,SILVER,0
536,53,2,143923.96,1,1,0,2842.692,1,1,572,Spain,Male,DIAMOND,1
480,47,8,75408.33,1,1,0,36258.045999999995,1,4,556,Spain,Male,SILVER,1
587,48,1,0.0,2,1,1,12486.199999999999,0,5,660,Spain,Male,DIAMOND,0
546,29,5,0.0,1,1,1,132768.53,0,4,986,Germany,Male,GOLD,0
850,42,8,119839.69,1,0,1,71437.42799999999,1,2,303,Germany,Male,GOLD,1
662,26,0,0.0,2,0,1,102116.944,0,1,537,Germany,Male,SILVER,0
581,38,3,135157.05,1,1,1,46102.187999999995,0,3,622,Germany,Female,SILVER,0
712,39,5,163097.55,2,1,1,33198.388,0,2,893,Spain,Female,GOLD,0
616,45,6,128352.59,3,1,1,201615.82599999997,1,5,584,Germany,Female,DIAMOND,1
695,31,8,0.0,2,0,1,184317.174,0,5,941,Spain,Female,DIAMOND,0
646,39,0,154439.86,1,1,0,240141.68399999998,0,4,422,Germany,Male,GOLD,0
593,40,2,0.0,1,1,1,7287.929999999999,0,2,678,Spain,Female,SILVER,0
548,29,5,83442.98,1,0,1,247839.346,0,3,967,France,Male,GOLD,0
792,29,4,107601.79,1,1,0,26506.052,1,1,510,Germany,Female,DIAMOND,1
726,42,2,109471.79,1,0,1,245240.46999999997,0,5,899,France,Female,GOLD,0
709,35,1,111827.27,2,1,0,17759.552,0,3,716,Spain,Female,DIAMOND,0
538,42,9,0.0,1,0,0,214013.34399999998,0,4,641,Spain,Female,SILVER,0
553,46,3,82291.1,1,1,0,157584.986,1,1,880,Germany,Male,DIAMOND,1
634,36,2,85996.19,1,1,0,22257.752,0,4,552,Spain,Male,SILVER,0
763,35,9,0.0,1,1,1,43937.074,0,3,445,France,Male,SILVER,0
788,34,6,156478.62,1,0,1,253690.464,0,3,760,Spain,Male,DIAMOND,0
548,49,9,108437.89,1,0,0,177847.01799999998,1,1,416,Germany,Male,GOLD,1
621,55,7,131033.76,1,0,1,105974.82599999999,1,4,412,Germany,Female,SILVER,1
795,37,2,139265.63,2,1,1,278259.316,0,1,504,Germany,Male,PLATINUM,0
621,50,3,163085.79,1,0,1,183482.704,0,5,710,Spain,Male,PLATINUM,0
559,67,9,125919.35,1,1,0,246290.33,1,1,770,Spain,Male,SILVER,1
610,26,8,0.0,2,1,0,232458.51199999996,0,2,989,France,Male,SILVER,0
618,48,7,0.0,1,1,0,19505.548,1,3,777,Germany,Male,PLATINUM,1
669,23,1,0.0,2,0,0,92539.362,0,1,250,France,Male,GOLD,0
663,26,5,141462.13,1,1,0,631.28,0,5,940,Germany,Male,SILVER,0
648,32,0,0.0,1,0,1,164267.634,0,4,674,Germany,Male,SILVER,0
726,31,9,114722.05,2,1,1,137464.998,0,5,811,France,Female,SILVER,0
628,28,4,0.0,2,1,1,247466.134,0,3,997,Spain,Male,DIAMOND,0
523,39,3,0.0,2,1,0,9432.142,0,1,907,France,Male,PLATINUM,0
718,25,7,0.0,2,1,0,42547.168,0,2,237,France,Female,PLATINUM,0
645,49,4,160133.88,1,0,1,123763.75799999999,0,4,720,Germany,Male,GOLD,0
600,31,8,0.0,2,1,1,170192.71399999998,0,2,930,Germany,Male,GOLD,0
539,38,8,105435.74,1,0,0,112820.616,1,2,627,Germany,Female,PLATINUM,1
512,30,6,0.0,2,1,0,124373.23399999998,0,2,471,France,Female,GOLD,0
738,40,6,114940.67,2,1,1,272868.798,1,1,471,Germany,Female,SILVER,1
724,30,10,0.0,2,1,1,75986.77,0,1,315,Germany,Male,DIAMOND,0
584,41,3,88594.93,1,1,0,250612.046,0,3,822,Germany,Female,SILVER,0
581,27,5,102258.11,2,1,0,272569.24,0,2,564,France,Female,PLATINUM,0
598,48,6,120682.53,1,1,0,42904.727999999996,1,2,675,France,Male,GOLD,1
465,53,1,117438.17,1,0,0,104873.31999999999,1,2,954,Germany,Male,SILVER,1
723,45,4,0.0,2,1,0,52115.14599999999,0,5,799,Spain,Female,PLATINUM,0
850,31,3,0.0,2,1,0,170628.618,0,1,777,Germany,Male,SILVER,0
736,42,7,117280.23,3,0,0,58704.48399999999,1,5,788,Germany,Female,GOLD,1
581,55,6,0.0,1,1,1,31433.982,0,1,913,Germany,Female,SILVER,0
538,43,5,0.0,2,1,0,177722.22199999998,0,4,587,Spain,Male,DIAMOND,0
748,40,4,0.0,2,1,0,185330.85799999998,0,3,770,Spain,Female,DIAMOND,0
663,24,7,0.0,2,1,1,232850.148,0,4,943,France,Male,PLATINUM,0
628,34,4,158741.43,2,1,1,176684.55599999998,0,3,983,Germany,Male,PLATINUM,0
516,27,9,0.0,1,1,0,199767.896,1,2,445,France,Male,GOLD,1
850,38,2,102741.15,2,0,1,33579.78999999999,0,4,264,Germany,Female,SILVER,0
667,36,8,139753.35,1,1,0,111834.624,0,1,747,France,Male,GOLD,0
760,33,1,118114.28,2,0,1,219339.29399999997,0,2,348,Spain,Female,SILVER,0
685,43,1,132667.17,1,1,1,58642.772,0,3,943,France,Female,PLATINUM,0
485,34,3,133658.24,1,1,0,98308.762,0,2,456,Germany,Male,SILVER,0
711,35,2,133607.75,1,1,1,168835.848,0,2,352,Germany,Female,DIAMOND,0
784,40,8,0.0,2,1,0,152462.82,0,2,672,Spain,Female,PLATINUM,0
562,41,5,165445.04,2,1,0,120117.23399999998,0,4,766,Spain,Male,GOLD,0
800,40,5,97764.41,1,1,0,138111.21,1,3,889,Germany,Female,PLATINUM,1
643,36,7,161064.64,2,0,1,118027.748,0,1,233,France,Male,SILVER,0
599,33,2,51949.95,2,1,0,119079.28799999999,0,3,541,Germany,Male,DIAMOND,0
653,31,7,102575.04,1,1,1,15475.956,0,5,283,Germany,Female,GOLD,0
749,47,9,110022.74,1,0,1,189932.406,1,3,634,Germany,Male,GOLD,1
630,28,1,0.0,2,1,1,186589.892,0,3,742,France,Female,GOLD,0
682,40,4,0.0,2,1,1,197059.274,0,5,819,France,Male,SILVER,0
714,31,4,125169.26,1,1,1,149306.64599999998,0,3,669,France,Female,PLATINUM,0
617,37,9,101707.8,1,1,0,173427.792,0,5,425,Spain,Female,GOLD,0
725,19,0,75888.2,1,0,0,63874.24999999999,0,2,406,Germany,Male,PLATINUM,0
664,44,7,77526.66,3,0,0,80288.984,1,5,339,Spain,Male,DIAMOND,1
651,35,2,86911.8,1,1,0,243746.93599999996,0,5,849,France,Male,PLATINUM,0
663,35,9,0.0,2,1,1,273827.392,0,2,569,Germany,Male,DIAMOND,0
571,44,9,0.0,2,0,0,53821.689999999995,0,4,448,France,Male,PLATINUM,0
527,31,1,112203.25,1,1,0,255187.414,0,3,903,Germany,Female,GOLD,0
505,33,3,106506.77,3,1,0,63639.092,1,5,683,Germany,Female,GOLD,1
667,43,1,103018.45,1,1,0,45462.346,1,4,784,Germany,Male,DIAMOND,1
513,34,7,60515.13,1,0,0,174414.52599999998,0,1,452,Germany,Male,GOLD,0
628,30,8,89182.09,1,1,1,18392.66,0,3,228,Germany,Male,GOLD,0
676,49,1,0.0,1,1,0,111094.234,1,3,850,Germany,Female,PLATINUM,1
672,28,4,167268.98,1,1,1,237272.01999999996,0,3,698,Germany,Male,DIAMOND,0
516,35,5,128653.59,1,1,0,178596.56399999998,0,5,595,Germany,Male,DIAMOND,0
672,34,8,0.0,2,1,1,22758.35,0,5,923,Germany,Female,SILVER,0
709,31,6,0.0,2,1,1,99428.77599999998,0,4,316,Germany,Male,PLATINUM,0
590,39,9,0.0,2,1,1,146637.728,0,5,474,France,Male,PLATINUM,0
773,25,2,135903.33,1,1,0,103133.932,0,4,790,France,Male,PLATINUM,0
470,34,9,0.0,2,0,1,124634.13799999999,0,4,568,Spain,Male,DIAMOND,0
697,38,6,132591.36,1,1,1,10357.92,1,3,322,Germany,Female,DIAMOND,1
630,40,8,0.0,2,1,1,59509.13399999999,0,3,960,Germany,Male,DIAMOND,0
382,36,0,0.0,1,1,1,251372.022,1,4,659,Spain,Male,GOLD,1
604,43,2,145081.72,1,1,1,33449.268,0,2,852,Spain,Male,DIAMOND,0
659,37,1,151105.68,1,1,1,197323.398,0,5,781,Germany,Female,SILVER,0
438,36,4,0.0,2,1,0,90203.7,0,3,660,Germany,Female,SILVER,0
769,26,7,0.0,2,1,0,247595.94199999998,0,1,667,France,Female,GOLD,0
706,24,2,141078.57,1,1,1,34179.018,0,3,563,Spain,Male,GOLD,0
557,39,7,49572.73,1,1,0,161418.186,1,2,647,Germany,Female,SILVER,1
720,33,9,0.0,2,1,1,200154.07200000001,0,4,296,Germany,Male,PLATINUM,0
561,37,4,101470.29,1,0,1,124388.396,0,1,433,Spain,Male,SILVER,0
655,60,3,0.0,2,1,1,121789.02999999998,0,1,947,Germany,Female,PLATINUM,0
682,55,9,0.0,1,1,0,214714.51999999996,1,5,294,Germany,Male,DIAMOND,1
591,58,5,128468.69,1,0,1,192171.36999999997,0,2,515,Spain,Male,GOLD,0
683,33,8,0.0,1,0,0,103005.216,0,4,576,Germany,Male,PLATINUM,0
678,83,6,123356.63,1,0,1,130123.174,0,4,753,Germany,Male,DIAMOND,0
727,35,5,136364.46,1,0,0,199871.59399999998,0,1,549,France,Male,PLATINUM,0
807,60,1,72948.58,2,1,1,24312.504,0,1,375,Germany,Female,PLATINUM,0
834,23,4,131254.81,1,1,0,28294.019999999997,0,4,675,France,Male,SILVER,0
609,39,8,141675.23,1,0,1,245944.94999999998,0,4,440,France,Female,SILVER,0
676,26,1,108348.66,1,0,0,84339.43599999999,1,4,244,Germany,Female,SILVER,1
516,33,3,0.0,2,1,1,82174.82599999999,0,2,692,Spain,Female,PLATINUM,0
831,30,2,0.0,2,0,1,4817.532,0,1,841,France,Male,DIAMOND,0
748,32,5,154737.88,2,1,1,241708.38199999998,0,2,486,France,Male,PLATINUM,0
580,24,1,133811.78,1,1,0,24075.329999999998,1,2,500,Germany,Male,DIAMOND,1
735,28,5,160454.15,2,0,1,160955.10799999998,0,2,574,Germany,Male,PLATINUM,0
531,31,7,117052.82,1,1,0,165926.32599999997,1,1,482,Germany,Female,SILVER,1
568,26,10,109819.16,2,1,0,216302.946,0,2,865,Germany,Female,SILVER,0
677,44,4,148770.61,2,1,1,267495.864,0,2,277,Germany,Female,PLATINUM,0
581,43,9,78022.61,1,0,1,42943.074,0,4,914,Spain,Male,PLATINUM,0
730,29,2,0.0,2,1,0,19858.726,0,4,523,Spain,Male,GOLD,0
572,30,6,0.0,1,0,1,245050.37799999997,0,3,468,Germany,Female,SILVER,0
665,52,3,0.0,1,1,0,162606.81399999998,1,1,307,France,Male,GOLD,1
651,24,7,40224.7,1,1,1,249692.86199999996,0,4,842,Germany,Female,PLATINUM,0
429,27,6,117307.44,2,1,1,33643.686,0,4,985,France,Female,DIAMOND,0
679,39,0,86843.61,1,0,1,223777.81199999998,0,5,1000,Germany,Male,PLATINUM,0
511,31,5,137411.29,1,0,1,226611.972,0,3,644,France,Female,PLATINUM,0
648,28,9,102282.61,1,1,1,221062.55399999997,0,1,472,Spain,Female,DIAMOND,0
749,22,4,94762.16,2,1,1,59153.155999999995,0,3,392,Germany,Male,SILVER,0
684,56,8,78707.16,1,1,1,139172.704,0,4,903,Spain,Male,SILVER,0
427,29,1,141325.56,1,1,1,131390.02,0,5,589,Germany,Male,GOLD,0
630,31,1,0.0,2,1,1,237738.822,0,4,402,Spain,Female,PLATINUM,0
567,37,7,0.0,2,1,1,40182.26,0,4,601,France,Female,PLATINUM,0
472,28,4,0.0,2,1,0,2537.4779999999996,0,3,633,Spain,Female,DIAMOND,0
625,35,5,86147.46,2,1,0,228832.11999999997,1,2,240,Germany,Female,GOLD,1
619,27,1,154483.98,1,1,0,218967.63599999997,0,2,431,France,Male,SILVER,0
430,38,9,0.0,2,1,1,16886.078,0,5,573,France,Male,SILVER,0
433,27,2,0.0,2,1,1,215193.11,0,2,415,Spain,Male,DIAMOND,0
705,25,3,113736.27,1,0,1,275625.45399999997,0,2,645,France,Male,PLATINUM,0
493,46,4,0.0,2,1,0,2685.724,0,1,498,France,Female,SILVER,0
637,44,2,0.0,2,1,0,209546.90999999997,0,2,348,France,Female,GOLD,0
616,41,1,103560.57,1,1,0,346.03,1,3,289,Germany,Female,PLATINUM,1
702,45,9,74989.58,1,1,1,239435.566,0,3,811,France,Male,SILVER,0
703,26,1,97331.19,1,1,0,89219.48599999999,0,5,425,Germany,Female,DIAMOND,0
793,32,2,0.0,2,1,0,271359.682,1,2,442,Germany,Male,DIAMOND,1
583,24,9,135125.28,1,0,0,125737.65999999999,0,5,304,France,Male,SILVER,0
612,33,5,69478.57,1,1,0,12578.137999999999,1,1,836,Spain,Male,PLATINUM,1
643,46,6,0.0,2,0,0,149509.226,0,4,597,Germany,Female,DIAMOND,0
751,29,10,147737.63,1,0,1,132946.778,0,4,298,Germany,Male,PLATINUM,0
728,29,1,0.0,1,1,1,116293.708,0,2,300,Spain,Female,PLATINUM,0
592,37,4,212692.97,1,0,0,246968.02799999996,0,1,232,Germany,Male,GOLD,0
592,38,4,0.0,2,1,0,49489.543999999994,0,4,305,France,Female,SILVER,0
728,34,6,90425.15,2,1,1,16251.766,0,1,439,Germany,Female,SILVER,0
645,37,7,0.0,2,1,0,19040.902,0,4,318,Spain,Female,DIAMOND,0
604,34,3,0.0,2,1,0,54037.77999999999,0,1,407,Spain,Female,DIAMOND,0
539,36,6,0.0,3,1,1,166558.49599999998,0,3,841,Spain,Male,PLATINUM,0
750,34,9,112822.26,1,0,0,210577.142,1,2,563,Spain,Female,PLATINUM,1
712,40,3,109308.79,2,1,0,168237.20799999998,1,1,778,Germany,Female,GOLD,1
523,36,8,158351.02,2,1,0,217441.34199999998,0,1,486,Germany,Male,SILVER,0
747,27,10,0.0,2,0,0,18226.046,0,2,970,Germany,Male,PLATINUM,0
653,41,1,104584.11,1,1,0,21191.847999999998,1,4,576,Germany,Male,PLATINUM,1
599,28,7,119706.22,1,0,0,43681.587999999996,0,1,268,Germany,Male,PLATINUM,0
705,23,5,0.0,2,1,1,102399.42199999999,0,4,308,Spain,Female,SILVER,0
537,38,1,0.0,2,0,1,57742.558,0,5,818,Spain,Female,PLATINUM,0
680,49,10,0.0,2,1,0,261826.83,0,2,933,Germany,Male,PLATINUM,0
677,34,3,126729.41,1,1,1,36563.945999999996,1,3,439,Germany,Male,SILVER,1
681,59,4,122781.51,1,0,1,196248.73,0,2,401,France,Male,DIAMOND,0
651,45,10,135923.16,1,1,0,26240.976,0,3,500,Spain,Female,GOLD,0
710,31,5,0.0,2,1,0,13401.421999999999,0,3,877,Spain,Female,PLATINUM,0
730,27,5,0.0,2,1,1,162529.702,0,3,480,Germany,Male,GOLD,0
559,40,5,139129.44,1,0,1,45704.756,0,4,601,Spain,Female,DIAMOND,0
722,50,4,132088.59,1,1,1,179581.99599999998,0,5,761,Spain,Female,DIAMOND,0
557,38,2,129893.56,1,0,0,142921.44199999998,0,2,823,Germany,Female,PLATINUM,0
586,58,7,151933.63,1,1,0,228159.06999999998,1,4,894,France,Male,SILVER,1
644,33,8,0.0,2,1,1,217426.83800000002,0,5,813,France,Male,SILVER,0
790,24,7,107418.27,1,0,1,224645.29399999997,0,1,726,Germany,Male,PLATINUM,0
850,51,4,124425.99,1,0,0,165978.686,1,1,950,Germany,Male,GOLD,1
800,38,2,168190.33,2,1,0,95287.912,0,3,874,Germany,Female,SILVER,0
619,33,2,167733.51,2,1,1,91326.472,0,1,319,Germany,Female,SILVER,0
714,31,6,152926.6,1,1,1,71274.874,0,3,983,Spain,Female,DIAMOND,0
507,31,2,134237.07,1,1,1,233008.12399999998,1,3,481,Germany,Male,PLATINUM,1
670,68,4,0.0,2,1,1,16012.38,0,5,775,France,Male,GOLD,0
622,23,8,0.0,2,1,1,183960.146,0,3,390,Spain,Female,SILVER,0
718,32,9,169947.41,2,1,1,39185.824,0,1,371,Germany,Male,GOLD,0
640,28,7,0.0,2,1,1,183552.05999999997,0,5,611,Germany,Male,DIAMOND,0
700,26,4,119009.57,1,1,0,198712.00199999998,0,4,319,Germany,Male,PLATINUM,0
570,42,0,107856.57,2,1,0,178555.376,0,3,628,Germany,Male,PLATINUM,0
569,32,8,145330.43,1,1,1,184869.11,0,2,379,Germany,Female,PLATINUM,0
659,36,2,76190.48,2,1,1,208707.59600000002,0,1,374,Germany,Male,PLATINUM,0
732,36,7,0.0,2,1,1,85177.336,0,1,875,France,Male,GOLD,0
706,47,10,144090.42,1,1,0,197329.53,1,5,240,Germany,Female,DIAMOND,1
749,66,6,182532.23,2,1,1,273616.888,0,2,283,Germany,Male,GOLD,0
779,48,2,115290.27,1,0,0,138492.766,1,3,700,France,Female,SILVER,1
802,31,1,125013.72,1,1,1,262736.326,0,2,579,Germany,Male,DIAMOND,0
509,41,7,126683.8,1,0,1,160700.742,0,3,824,Spain,Male,PLATINUM,0
543,67,0,128843.67,1,1,1,188472.472,0,3,809,France,Female,SILVER,0
724,28,9,0.0,2,1,1,140351.28,0,2,664,Germany,Male,GOLD,0
778,38,3,145018.49,2,1,1,177398.37399999998,0,2,598,France,Male,SILVER,0
644,18,7,0.0,1,0,1,83518.336,1,1,620,Spain,Male,GOLD,1
822,32,8,116358.0,1,1,0,152332.704,0,4,898,France,Male,DIAMOND,0
775,27,4,152309.37,1,1,0,145771.8,0,2,591,Germany,Female,GOLD,0
600,41,1,0.0,2,1,1,127686.10999999999,0,4,467,France,Female,PLATINUM,0
820,39,1,104614.29,1,1,0,86168.802,1,4,943,Germany,Female,GOLD,1
658,36,8,174060.46,1,1,1,132910.868,0,1,603,Germany,Male,GOLD,0
669,43,1,160474.59,1,1,1,134363.39599999998,0,3,946,France,Female,DIAMOND,0
673,38,2,170061.92,2,0,0,188876.876,1,5,954,Germany,Female,PLATINUM,1
603,40,4,102833.46,2,1,1,54375.754,0,3,448,Germany,Male,GOLD,0
674,45,7,142072.02,1,1,0,51833.606,0,2,710,France,Male,GOLD,0
828,30,4,73070.18,2,0,0,226354.61,0,4,534,France,Male,SILVER,0
593,36,2,70181.48,2,1,0,112866.36799999999,0,3,273,France,Male,PLATINUM,0
684,38,5,105069.98,2,1,1,277712.392,0,2,862,France,Male,PLATINUM,0
528,29,9,170214.23,2,1,0,69012.59999999999,0,3,940,Germany,Female,GOLD,0
540,42,9,87271.41,2,1,0,241616.696,0,1,978,Germany,Female,PLATINUM,0
705,25,0,97544.29,1,0,1,83857.01,0,4,723,France,Male,DIAMOND,0
622,47,6,142319.03,1,0,0,140271.27,0,4,578,Spain,Female,DIAMOND,0
727,52,4,0.0,2,1,1,165815.628,0,1,647,Germany,Male,SILVER,0
615,32,1,0.0,2,0,0,3009.95,0,4,883,Germany,Male,PLATINUM,0
730,26,3,0.0,1,1,0,48374.374,0,3,805,Spain,Male,GOLD,0
543,35,5,137482.19,1,0,0,87360.09,0,4,742,Germany,Male,SILVER,0
654,37,5,112146.12,1,1,0,106313.29000000001,0,3,705,Germany,Male,GOLD,0
775,60,7,0.0,2,1,1,156197.18,0,1,830,Germany,Male,SILVER,0
526,34,3,122726.56,1,1,1,65496.304,0,1,429,Germany,Male,PLATINUM,0
749,40,1,139290.41,1,1,0,256012.588,1,1,381,France,Male,SILVER,1
765,51,3,123372.3,1,1,1,161616.048,0,4,259,Germany,Male,SILVER,0
421,28,8,122384.22,3,1,1,124639.332,1,4,237,Germany,Male,SILVER,1
772,34,9,0.0,2,1,0,239388.20399999997,0,1,870,Germany,Male,SILVER,0
659,48,4,123593.22,2,1,0,115471.684,1,1,291,Germany,Male,PLATINUM,1
664,32,10,107209.73,1,1,1,157291.28,0,2,739,Germany,Male,DIAMOND,0
790,46,2,131365.37,2,1,1,252421.95199999996,0,5,242,Spain,Male,GOLD,0
595,20,4,95830.43,1,1,0,248849.572,0,5,250,Germany,Male,GOLD,0
741,60,5,0.0,1,1,1,54495.314,0,1,563,France,Female,PLATINUM,0
655,34,4,109783.69,2,1,0,187663.048,0,1,985,Spain,Female,PLATINUM,0
640,38,9,0.0,2,1,0,124373.73799999998,0,2,812,Germany,Male,GOLD,0
738,49,3,0.0,3,1,1,91108.072,1,2,460,Spain,Male,PLATINUM,1
850,36,0,164850.54,1,1,1,87826.416,0,1,377,Germany,Female,PLATINUM,0
614,51,3,0.0,2,1,1,7788.317999999999,0,4,705,Germany,Male,GOLD,0
769,48,2,96542.16,2,0,1,277055.008,0,3,827,Germany,Male,DIAMOND,0
632,31,3,136556.44,1,1,0,115028.962,1,4,964,Spain,Male,SILVER,1
653,36,3,0.0,2,0,0,154750.84,0,2,504,Spain,Female,PLATINUM,0
655,28,10,0.0,2,0,1,177206.294,0,2,315,France,Male,SILVER,0
584,37,10,134171.8,4,1,1,99312.954,1,2,395,Germany,Female,DIAMOND,1
796,23,3,146584.19,2,0,0,175639.12,0,4,802,Spain,Female,SILVER,0
593,26,9,76226.9,1,1,0,234605.748,0,5,608,Spain,Male,GOLD,0
539,42,1,177728.55,1,1,0,147034.082,0,5,912,Germany,Male,PLATINUM,0
458,35,9,146780.52,2,1,1,4881.932,0,3,784,Germany,Male,PLATINUM,0
695,31,5,106089.2,1,0,0,139367.75199999998,0,4,324,Germany,Female,GOLD,0
530,55,4,120905.03,1,0,1,172881.232,1,5,746,Germany,Female,DIAMOND,1
655,28,3,113811.85,2,0,1,107596.92199999999,0,5,890,Spain,Female,PLATINUM,0
738,33,4,92676.3,1,1,0,148159.682,0,1,992,Germany,Male,GOLD,0
525,33,1,112833.35,1,0,1,245264.98399999997,0,3,590,France,Male,PLATINUM,0
640,47,6,89799.46,2,0,1,19312.278,1,4,857,France,Female,PLATINUM,1
772,30,4,78653.05,1,1,0,2521.672,0,2,949,Spain,Male,DIAMOND,0
539,38,8,71460.67,2,1,1,14118.669999999998,0,3,750,Spain,Male,DIAMOND,0
597,40,9,106756.01,2,1,0,211650.11599999998,0,3,701,Germany,Female,PLATINUM,0
551,38,10,0.0,2,1,1,317.778,0,2,912,France,Female,SILVER,0
584,26,4,0.0,2,1,0,206655.756,0,2,408,France,Male,SILVER,0
686,60,9,0.0,3,1,1,105359.694,1,4,295,France,Male,GOLD,1
723,30,1,0.0,3,1,0,230521.808,1,3,421,Spain,Male,SILVER,1
564,33,2,115761.51,1,0,1,157305.294,1,2,792,Germany,Female,PLATINUM,1
553,48,3,0.0,1,0,1,43038.33,1,3,421,Spain,Female,PLATINUM,1
543,41,5,0.0,2,0,1,201587.406,0,5,370,Spain,Male,SILVER,0
670,38,7,0.0,2,1,1,109025.174,0,1,794,Germany,Male,GOLD,0
618,21,2,125682.79,1,0,0,80881.79999999999,0,1,783,Germany,Female,PLATINUM,0
624,42,3,145155.37,1,1,0,101052.93,1,2,833,France,Male,PLATINUM,1
470,31,2,101675.22,2,1,0,63062.24999999999,0,1,788,Spain,Female,SILVER,0
414,60,3,0.0,2,1,1,131397.748,0,5,315,Spain,Male,DIAMOND,0
439,36,2,165536.28,2,1,1,173554.562,0,3,877,Germany,Male,DIAMOND,0
754,40,2,160625.17,1,0,1,4991.482,0,1,816,Spain,Male,DIAMOND,0
730,45,6,152880.97,1,0,0,227484.35399999996,0,4,856,Germany,Male,PLATINUM,0
716,39,10,115301.31,1,1,0,60953.36,1,5,465,Germany,Female,DIAMOND,1
703,28,9,0.0,2,0,1,3026.638,0,1,462,France,Male,SILVER,0
517,53,0,109172.88,1,1,0,76561.54,1,4,547,Germany,Male,GOLD,1
521,38,6,0.0,2,1,0,72050.684,0,4,572,Germany,Male,SILVER,0
561,45,2,168085.38,2,0,1,162021.712,0,4,998,Germany,Female,GOLD,0
592,70,5,71816.74,2,1,0,147150.548,1,1,255,Germany,Female,DIAMOND,1
526,36,1,0.0,1,1,0,224990.408,0,1,425,France,Male,PLATINUM,0
671,34,5,130929.02,4,1,1,39548.549999999996,1,1,586,Spain,Female,PLATINUM,1
598,64,9,0.0,1,0,1,18468.918,1,5,753,France,Female,GOLD,1
446,51,4,105056.13,1,0,0,98873.928,0,2,731,France,Female,DIAMOND,0
722,29,9,0.0,2,1,1,198861.298,0,5,276,Spain,Female,PLATINUM,0
574,43,3,141349.43,1,1,1,140277.40199999997,0,5,499,Germany,Female,DIAMOND,0
682,58,4,0.0,1,1,0,246465.414,0,2,495,Spain,Female,SILVER,0
624,34,6,0.0,1,1,0,830.626,1,5,468,Spain,Female,PLATINUM,1
554,40,4,0.0,1,0,1,236307.05599999998,0,5,544,France,Male,SILVER,0
802,40,4,0.0,2,1,1,114686.32599999999,0,3,841,Spain,Male,DIAMOND,0
553,31,6,0.0,2,0,0,174450.282,0,2,741,France,Male,SILVER,0
542,43,8,145618.37,1,0,1,14506.035999999998,0,3,292,France,Female,PLATINUM,0
841,31,3,162701.65,2,1,1,177527.384,0,3,232,Germany,Female,PLATINUM,0
634,41,8,68213.99,1,1,1,8950.444,0,3,911,Germany,Female,SILVER,0
700,40,2,0.0,2,1,0,279670.55799999996,0,5,654,Spain,Female,SILVER,0
643,32,2,0.0,1,0,0,183837.436,0,2,691,Spain,Female,SILVER,0
714,35,6,126077.43,2,1,1,75550.93599999999,0,2,352,Germany,Female,DIAMOND,0
585,30,6,0.0,2,1,1,192875.766,0,5,874,France,Female,PLATINUM,0
589,46,9,0.0,2,1,0,238962.338,0,1,449,Germany,Male,GOLD,0
689,67,9,157094.78,1,1,1,139301.014,0,2,670,Germany,Male,GOLD,0
664,24,7,0.0,1,0,1,49870.88999999999,0,2,607,Germany,Male,GOLD,0
625,36,8,129944.39,2,0,0,278495.72,0,1,991,France,Female,DIAMOND,0
446,32,8,0.0,2,0,0,186625.11599999998,0,2,444,France,Male,SILVER,0
684,46,3,102955.14,2,1,0,215807.26199999996,0,2,986,Germany,Female,PLATINUM,0
850,33,10,0.0,1,1,0,6821.408,1,1,359,Germany,Male,SILVER,1
747,43,1,130788.71,1,0,1,142108.0,1,4,292,Germany,Male,PLATINUM,1
604,56,0,62732.65,1,0,1,174951.384,0,3,948,Germany,Female,GOLD,0
632,39,5,97854.37,2,1,0,130965.932,0,4,271,Spain,Female,DIAMOND,0
655,37,9,121342.24,1,1,1,252353.01599999997,0,1,299,Germany,Male,SILVER,0
735,38,7,86131.71,2,0,0,130885.544,0,5,692,Spain,Male,PLATINUM,0
633,60,8,69365.25,1,1,1,14418.535999999998,0,4,437,Germany,Female,DIAMOND,0
615,19,5,0.0,2,1,0,223904.288,0,3,594,Spain,Male,DIAMOND,0
634,46,5,123642.36,1,1,1,69630.224,1,1,751,Germany,Female,PLATINUM,1
568,44,7,0.0,2,0,0,87333.938,1,2,869,France,Female,SILVER,1
562,51,1,124662.54,1,1,1,91561.644,1,5,446,Germany,Female,PLATINUM,1
833,30,1,0.0,2,1,0,198619.868,0,5,380,Germany,Male,DIAMOND,0
691,41,2,0.0,1,1,1,79606.28799999999,1,2,896,France,Male,SILVER,1
850,32,7,0.0,2,0,0,217332.8,0,1,990,Germany,Female,GOLD,0
586,38,2,0.0,2,1,0,122050.844,0,2,650,Germany,Female,SILVER,0
687,29,7,93617.07,1,0,1,158286.288,0,2,856,Spain,Female,PLATINUM,0
719,38,0,0.0,1,1,0,177642.058,0,1,954,Spain,Male,SILVER,0
434,58,9,125801.03,2,1,0,85263.52,1,2,690,Germany,Female,PLATINUM,1
697,34,2,126558.92,1,1,0,102683.20199999999,0,5,809,France,Female,PLATINUM,0
707,30,8,0.0,2,1,0,46438.118,0,5,402,France,Male,GOLD,0
628,27,5,95826.49,2,1,0,218410.74399999998,1,2,818,Germany,Male,SILVER,0
597,60,0,78539.84,1,0,1,67919.03199999999,0,1,786,Germany,Female,DIAMOND,0
567,48,3,0.0,1,1,0,77522.43,0,5,546,France,Female,DIAMOND,0
801,32,4,75170.54,1,1,1,53072.899999999994,0,1,451,France,Female,SILVER,0
692,29,4,0.0,2,0,0,194447.33599999998,0,2,983,Spain,Female,DIAMOND,0
643,33,0,137811.75,1,1,1,258814.646,0,3,262,Germany,Female,GOLD,0
576,29,7,130575.26,1,0,1,243096.69199999998,0,3,233,Germany,Male,PLATINUM,0
773,42,8,152324.66,2,1,0,240441.50799999997,0,4,628,Germany,Female,GOLD,0
554,35,6,117707.18,2,0,0,133403.00999999998,1,2,643,France,Female,DIAMOND,1
773,41,5,0.0,1,1,0,39588.659999999996,1,4,497,Spain,Female,DIAMOND,1
582,50,2,148942.0,1,1,1,163737.02,0,1,612,France,Male,PLATINUM,0
749,28,3,0.0,1,1,0,4787.179999999999,0,1,811,Spain,Female,GOLD,0
599,58,4,0.0,1,0,0,246985.00999999998,1,2,818,France,Male,GOLD,1
752,33,4,0.0,2,1,1,55414.092,0,2,409,France,Male,SILVER,0
625,39,10,129845.26,1,1,1,135037.832,0,5,615,Germany,Female,GOLD,0
737,30,8,174356.13,1,0,0,44714.899999999994,0,5,403,France,Male,PLATINUM,0
653,30,2,88243.29,2,1,1,135336.56399999998,0,1,875,Spain,Female,PLATINUM,0
721,55,3,44020.89,1,1,0,92225.15999999999,1,3,712,France,Female,GOLD,1
687,40,1,0.0,2,1,0,11505.304,0,3,289,Spain,Female,DIAMOND,0
691,24,6,0.0,2,1,1,129950.68,0,3,591,Germany,Male,GOLD,0
605,30,9,135422.31,1,0,1,261001.38999999998,0,5,241,France,Female,DIAMOND,0
601,40,10,127847.86,1,0,0,242558.95199999996,0,1,376,Germany,Male,GOLD,0
681,41,0,120549.29,2,1,0,246026.23399999997,0,5,257,France,Female,SILVER,0
662,54,1,187997.15,1,0,0,156034.794,1,4,857,Spain,Female,SILVER,1
580,34,6,0.0,2,1,1,224148.43399999998,0,5,721,France,Male,DIAMOND,0
576,39,9,84719.98,1,0,0,267503.70399999997,0,5,724,France,Male,GOLD,0
425,39,5,0.0,2,1,0,197333.058,0,1,426,Spain,Female,DIAMOND,0
615,36,6,0.0,1,1,1,37831.52,1,2,566,France,Male,GOLD,1
525,59,6,55328.4,1,1,0,116694.82199999999,1,4,829,Germany,Female,SILVER,1
443,59,4,110939.3,1,1,0,102000.212,1,5,304,Germany,Male,PLATINUM,1
709,32,2,0.0,2,0,0,153568.80599999998,0,5,891,France,Female,DIAMOND,0
632,71,3,83116.68,1,1,1,38651.863999999994,0,5,742,France,Male,PLATINUM,0
625,52,8,121161.57,1,1,0,68598.59199999999,0,3,275,Spain,Male,DIAMOND,0
660,35,6,100768.77,1,1,0,26894.453999999998,0,2,659,Germany,Female,DIAMOND,0
599,43,4,0.0,1,1,0,238500.94,0,5,550,Germany,Female,PLATINUM,0
817,46,0,89087.89,1,0,1,123133.59,1,1,788,Germany,Female,SILVER,1
510,26,6,136214.08,1,0,0,223654.26199999996,0,2,853,Germany,Female,PLATINUM,0
590,29,10,0.0,1,1,1,72685.80799999999,1,1,523,Spain,Male,GOLD,1
640,29,3,0.0,2,1,0,3856.1659999999997,0,1,956,France,Female,SILVER,0
741,53,3,0.0,2,1,1,54494.151999999995,0,3,245,Spain,Male,GOLD,0
589,38,8,92219.21,1,1,0,138764.758,0,2,554,Germany,Male,PLATINUM,0
571,47,7,0.0,2,0,0,157328.772,0,5,489,Germany,Female,SILVER,0
576,28,1,119336.29,2,0,1,82582.59,0,1,592,Germany,Male,GOLD,0
684,40,6,137326.65,1,1,0,261782.24,0,1,530,Germany,Female,PLATINUM,0
652,33,7,128135.99,1,1,0,221827.82200000001,0,5,671,Germany,Male,DIAMOND,0
803,31,9,157120.86,2,1,0,197835.742,0,3,963,France,Male,GOLD,0
740,56,4,99097.33,1,1,1,119038.29599999999,1,4,823,Spain,Female,PLATINUM,1
803,41,9,137742.9,2,1,1,233755.948,0,5,567,Germany,Male,SILVER,0
692,24,2,120596.93,1,0,1,252701.74199999997,0,5,466,Germany,Male,DIAMOND,0
645,49,5,110132.55,3,0,1,262780.874,1,3,390,Spain,Female,GOLD,1
460,27,7,0.0,2,1,0,218625.11199999996,1,3,299,Germany,Female,PLATINUM,1
508,64,2,0.0,1,1,1,8522.268,0,3,993,France,Female,GOLD,0
603,55,7,127723.25,2,1,0,195271.75399999996,1,4,301,Germany,Female,SILVER,1
692,54,5,0.0,2,1,1,124225.57599999999,0,3,552,Germany,Male,PLATINUM,0
585,28,9,135337.49,2,1,1,56554.854,0,3,972,Germany,Female,DIAMOND,0
752,32,9,115587.49,2,0,1,142363.444,0,5,722,Germany,Male,DIAMOND,0
558,38,8,113000.92,1,1,1,214036.34600000002,0,2,784,France,Male,GOLD,0
572,24,1,0.0,2,1,1,212060.17599999998,0,3,827,Germany,Male,GOLD,0
452,32,5,0.0,2,0,1,105406.146,0,1,923,France,Female,GOLD,0
689,29,1,77556.79,2,1,1,172212.56399999998,0,2,693,France,Female,SILVER,0
642,26,0,0.0,1,0,0,66476.752,0,5,616,France,Male,SILVER,0
665,37,3,111911.63,1,1,1,154518.55199999997,1,4,413,Germany,Female,GOLD,1
782,34,9,0.0,1,1,0,256244.48399999997,1,2,441,France,Male,GOLD,1
637,40,6,0.0,2,1,1,254269.84,0,3,230,Spain,Female,PLATINUM,0
785,61,4,129855.72,2,1,0,238315.748,1,4,766,Spain,Female,SILVER,1
588,44,8,154409.74,1,1,0,69068.64199999999,1,1,736,Germany,Male,DIAMOND,1
850,50,10,0.0,2,1,1,47253.575999999994,0,2,802,Spain,Female,PLATINUM,0
677,37,3,88363.03,1,0,1,165139.82,0,2,276,Germany,Male,DIAMOND,0
628,50,8,0.0,1,0,0,202128.56199999998,1,2,407,Spain,Male,GOLD,1
584,31,5,0.0,2,1,0,44078.977999999996,0,2,568,Germany,Male,PLATINUM,0
577,28,7,0.0,1,1,0,200599.174,0,2,987,Spain,Male,SILVER,0
691,30,7,116927.89,1,1,0,29692.745999999996,0,1,813,Germany,Male,DIAMOND,0
663,28,8,123674.28,2,1,1,123194.27999999998,0,1,925,Germany,Male,SILVER,0
492,35,8,121063.49,1,0,0,119605.07199999999,0,1,656,Germany,Male,PLATINUM,0
611,28,2,0.0,2,0,0,35569.162,0,4,300,France,Male,SILVER,0
653,43,0,0.0,2,1,0,39022.612,0,2,901,France,Male,SILVER,0
640,34,1,137523.02,1,0,0,34680.903999999995,0,1,994,Spain,Male,GOLD,0
738,36,5,0.0,2,1,1,135648.848,0,1,856,Spain,Male,GOLD,0
809,33,3,0.0,2,0,1,198012.492,0,5,627,Spain,Female,GOLD,0
488,32,3,114540.38,1,1,0,129610.298,0,2,804,Germany,Male,GOLD,0
850,27,1,101278.25,2,1,1,36786.252,0,4,859,Germany,Male,SILVER,0
748,39,3,157371.54,1,0,1,136843.02,0,1,510,France,Female,PLATINUM,0
553,43,6,85200.82,2,1,1,224818.726,0,5,550,Germany,Male,PLATINUM,0
529,27,1,0.0,2,1,1,52892.972,0,5,333,France,Female,PLATINUM,0
634,34,3,145030.92,1,1,1,58563.909999999996,0,5,529,France,Male,DIAMOND,0
642,38,3,0.0,2,0,0,240064.36199999996,0,2,737,France,Male,GOLD,0
844,18,2,160980.03,1,0,0,204325.792,0,5,821,Germany,Male,DIAMOND,0
695,50,8,0.0,1,1,0,176949.24,1,2,680,Germany,Female,PLATINUM,1
698,36,2,82275.35,2,1,1,130563.96399999998,0,5,925,France,Male,GOLD,0
451,38,9,61482.47,1,1,1,234569.12399999998,0,1,628,Germany,Female,GOLD,0
635,41,10,0.0,2,1,1,86806.87999999999,0,5,883,Spain,Female,PLATINUM,0
513,31,5,174853.46,1,1,0,117949.082,0,5,640,Spain,Female,SILVER,0
684,41,1,134177.06,1,0,0,248524.324,0,1,456,Spain,Female,PLATINUM,0
576,24,3,0.0,1,0,1,109912.25599999998,1,2,938,France,Male,SILVER,1
605,35,6,0.0,2,1,1,63304.198,0,3,241,Germany,Male,SILVER,0
687,38,4,117633.28,1,0,1,123770.24,0,5,827,Germany,Male,DIAMOND,0
637,33,9,113913.53,1,0,1,91458.09999999999,0,1,705,France,Female,PLATINUM,0
483,50,9,0.0,2,1,1,155443.336,0,5,706,France,Female,SILVER,0
678,27,2,0.0,2,1,1,18524.75,0,4,1000,Spain,Male,GOLD,0
794,41,7,0.0,2,1,1,104000.112,0,2,266,Germany,Female,GOLD,0
687,29,4,78939.15,1,1,0,171003.384,1,4,892,Germany,Female,SILVER,1
484,34,4,148249.54,1,0,1,47248.577999999994,0,3,774,Germany,Female,DIAMOND,0
549,45,6,124240.93,1,1,1,204936.514,0,4,385,Germany,Male,DIAMOND,0
850,39,0,141829.67,1,1,1,129862.424,0,3,520,Spain,Male,DIAMOND,0
616,59,5,153861.1,1,1,1,24794.271999999997,0,4,681,Germany,Male,SILVER,0
803,43,3,0.0,1,1,0,100887.016,0,4,351,Spain,Male,SILVER,0
488,34,3,0.0,2,1,1,176386.104,0,1,974,France,Male,GOLD,0
783,39,9,0.0,2,1,0,201268.87799999997,0,4,301,Spain,Male,DIAMOND,0
759,22,5,0.0,1,1,0,31239.437999999995,0,1,758,France,Female,DIAMOND,0
569,35,3,116969.35,1,0,0,132299.348,0,1,413,Spain,Male,GOLD,0
656,44,10,143571.52,1,0,0,178436.796,0,1,614,Germany,Male,DIAMOND,0
769,39,8,0.0,1,0,1,29437.399999999998,0,3,828,France,Female,GOLD,0
681,48,8,139480.18,1,1,1,229029.33800000002,0,1,420,Germany,Female,GOLD,0
657,38,5,123770.46,1,0,0,65842.524,1,1,385,Germany,Female,SILVER,1
681,57,2,173306.13,1,0,1,184765.524,0,3,870,Spain,Female,DIAMOND,0
544,22,4,0.0,2,1,0,98025.738,0,3,597,Spain,Male,SILVER,0
709,30,5,0.0,2,0,1,225958.508,0,3,418,Germany,Female,PLATINUM,0
783,38,9,114135.17,1,1,0,214592.972,0,2,343,France,Male,GOLD,0
582,30,2,0.0,2,1,1,184856.93,0,2,276,Germany,Male,GOLD,0
806,48,4,164701.68,1,1,1,30030.286,0,2,851,France,Male,PLATINUM,0
714,63,4,138082.16,1,0,1,233363.55599999998,0,1,945,Germany,Male,GOLD,0
395,34,5,106011.59,1,1,1,24342.197999999997,1,3,549,Germany,Female,GOLD,1
487,53,4,199689.49,1,1,1,33906.004,1,1,726,Germany,Male,SILVER,1
634,37,5,115345.86,2,0,0,236309.51999999996,0,3,261,France,Male,GOLD,0
780,26,3,140356.7,1,1,0,164016.80999999997,0,2,403,Germany,Female,SILVER,0
606,45,5,63832.43,1,1,1,131205.91999999998,0,5,940,Germany,Male,SILVER,0
559,45,8,24043.45,1,0,1,237709.03,1,5,851,Germany,Male,DIAMOND,1
748,40,3,95297.11,1,0,0,240137.17599999998,0,4,667,Germany,Male,GOLD,0
476,40,4,0.0,2,0,0,255580.856,0,1,488,France,Female,GOLD,0
737,44,7,0.0,2,0,0,81073.012,0,2,315,France,Male,PLATINUM,0
628,25,7,0.0,2,1,1,274383.85,0,2,495,France,Male,PLATINUM,0
529,32,9,147493.89,1,1,0,47133.88999999999,0,4,250,Germany,Male,PLATINUM,0
708,32,10,86614.06,2,1,1,240995.964,0,4,330,Germany,Male,PLATINUM,0
631,40,3,107949.45,1,1,0,73444.468,1,4,728,Germany,Male,DIAMOND,1
503,31,4,0.0,2,1,1,30318.084,0,1,843,Spain,Male,DIAMOND,0
660,34,1,0.0,2,1,0,13584.612,0,3,853,Germany,Male,DIAMOND,0
588,33,2,0.0,2,1,1,17491.983999999997,0,1,469,Spain,Male,PLATINUM,0
583,44,8,0.0,2,1,1,38419.268,0,4,837,France,Female,DIAMOND,0
479,27,2,172463.45,1,1,1,56456.37799999999,0,3,704,Spain,Male,DIAMOND,0
610,57,7,72092.95,4,0,1,158535.348,1,2,900,France,Female,GOLD,1
590,43,8,0.0,2,1,1,201094.634,0,2,363,France,Male,SILVER,0
733,30,0,83319.28,1,0,0,80891.87999999999,0,2,627,Spain,Female,PLATINUM,0
472,29,8,102490.27,1,0,1,253729.384,0,4,812,France,Male,SILVER,0
548,57,6,76165.65,1,1,1,186967.542,0,2,816,Germany,Male,PLATINUM,0
461,28,8,0.0,1,1,1,144704.636,0,4,861,France,Female,DIAMOND,0
776,36,1,0.0,2,1,0,74883.864,0,3,329,Germany,Male,DIAMOND,0
668,42,3,150461.07,1,1,0,151409.922,0,1,335,Germany,Male,DIAMOND,0
484,29,4,130114.39,1,1,0,229640.046,0,1,249,Germany,Female,GOLD,0
520,34,4,134007.9,1,1,1,270507.75399999996,0,5,523,Germany,Male,PLATINUM,0
703,37,8,105961.68,2,0,1,103837.31999999999,0,1,619,Germany,Male,DIAMOND,0
778,34,5,139064.06,2,0,0,95144.04800000001,0,2,899,Germany,Male,SILVER,0
595,52,9,0.0,1,1,1,148891.924,1,4,479,Germany,Male,GOLD,1
492,29,1,144591.96,1,1,1,274826.264,0,3,251,France,Male,SILVER,0
639,35,8,0.0,2,1,0,238692.45999999996,0,3,441,Germany,Male,DIAMOND,0
665,28,8,191402.82,2,1,0,116548.75999999998,0,4,320,Germany,Male,SILVER,0
654,40,6,0.0,1,0,0,257437.03199999998,1,4,720,France,Male,DIAMOND,1
683,41,0,148863.17,1,1,1,229490.848,0,2,295,Spain,Male,GOLD,0
705,39,8,144102.32,1,1,1,16370.304,0,2,219,Spain,Female,GOLD,0
718,52,8,79475.3,3,1,1,45404.848,1,3,930,France,Male,SILVER,1
559,52,2,0.0,1,1,0,180634.02599999998,1,3,899,France,Male,DIAMOND,1
585,32,8,144705.87,2,0,0,240090.58399999997,0,1,767,Germany,Female,PLATINUM,0
662,39,5,138106.75,1,0,0,27450.422,0,2,847,France,Female,PLATINUM,0
525,47,1,118087.68,1,1,0,123384.09199999999,1,3,310,Germany,Female,DIAMOND,1
774,32,4,0.0,2,0,0,160873.782,0,2,464,Germany,Female,GOLD,0
641,36,1,0.0,2,1,0,142844.946,0,2,262,Spain,Female,GOLD,0
512,41,6,0.0,1,1,1,140725.93399999998,0,3,920,Germany,Female,PLATINUM,0
786,39,7,0.0,2,0,0,141316.42599999998,0,3,958,Spain,Female,SILVER,0
655,45,0,0.0,2,1,0,233577.99399999998,0,2,434,France,Female,GOLD,0
491,36,0,53369.13,1,1,1,145522.76799999998,0,1,540,France,Female,GOLD,0
656,47,1,0.0,2,1,1,277161.702,0,5,402,Spain,Male,SILVER,0
752,48,5,116060.08,1,1,0,219280.732,1,5,265,Spain,Male,PLATINUM,1
724,30,7,115315.04,1,1,0,21318.142,0,1,985,Germany,Male,SILVER,0
604,71,10,0.0,2,1,1,181992.87999999998,0,1,750,Spain,Female,GOLD,0
684,25,1,0.0,2,0,1,202984.85799999998,0,2,904,France,Female,DIAMOND,0
780,37,3,0.0,2,0,0,255034.53399999999,1,4,991,France,Female,PLATINUM,1
588,30,0,110148.49,1,1,0,8122.259999999999,1,4,375,Germany,Female,GOLD,1
573,47,4,152522.47,1,0,1,229668.29799999998,1,4,273,Germany,Female,GOLD,1
716,35,4,144428.87,1,1,0,187800.71,0,2,495,France,Male,PLATINUM,0
537,37,3,0.0,2,1,1,28859.647999999997,0,2,847,Germany,Male,SILVER,0
673,65,0,0.0,1,1,1,120041.662,0,3,595,Germany,Male,SILVER,0
614,37,9,0.0,2,1,1,86847.34,0,2,639,Spain,Female,SILVER,0
602,56,3,115895.22,3,1,0,5861.638,1,4,848,Germany,Female,PLATINUM,1
622,30,2,158584.82,3,1,0,199294.56999999998,1,2,981,Germany,Female,DIAMOND,1
646,40,5,93680.43,2,1,1,251277.56399999998,0,4,298,France,Male,SILVER,0
720,34,3,0.0,2,1,1,107881.89199999999,0,4,368,Spain,Male,DIAMOND,0
768,49,1,133384.66,1,1,0,143371.10799999998,1,2,684,Germany,Male,PLATINUM,1
594,38,4,0.0,2,0,0,261652.656,0,1,477,Germany,Male,SILVER,0
599,49,2,0.0,2,1,0,155681.742,0,5,427,Spain,Female,SILVER,0
656,75,3,0.0,2,1,1,1802.6179999999997,0,2,361,France,Female,DIAMOND,0
685,43,6,117302.62,1,0,0,96197.42199999999,0,4,975,Spain,Female,DIAMOND,0
640,75,1,106307.91,2,0,1,158815.278,0,2,703,Germany,Female,PLATINUM,0
600,34,0,0.0,2,0,1,5273.722,0,2,964,France,Male,GOLD,0
583,26,10,72835.56,2,1,0,135524.00999999998,0,3,485,Germany,Female,DIAMOND,0
687,26,6,0.0,2,1,1,46087.78199999999,0,2,257,France,Female,SILVER,0
639,27,2,0.0,2,0,0,175356.85199999998,0,3,541,Germany,Female,PLATINUM,0
688,32,5,0.0,2,0,1,248665.87799999997,0,2,864,Germany,Female,SILVER,0
676,36,3,91711.59,1,1,1,133565.802,0,5,270,France,Female,PLATINUM,0
707,31,2,82787.93,2,0,0,128008.166,0,5,585,France,Female,PLATINUM,0
827,46,1,183276.32,1,1,1,18859.378,0,4,511,Spain,Male,DIAMOND,0
648,53,6,111201.41,1,1,1,170174.20599999998,0,4,715,Spain,Female,PLATINUM,0
652,41,9,159434.03,1,1,0,249738.50199999998,0,5,856,Germany,Male,GOLD,0
559,39,2,0.0,2,1,1,169626.54,0,1,453,Spain,Female,PLATINUM,0
627,35,7,0.0,1,1,0,262820.564,0,4,256,Spain,Female,GOLD,0
537,37,6,0.0,1,1,1,24938.387999999995,0,2,336,France,Male,PLATINUM,0
625,37,7,115895.42,1,1,0,67895.75,0,5,973,France,Female,GOLD,0
801,58,1,79954.61,2,1,1,42692.865999999995,0,1,760,Spain,Male,GOLD,0
657,30,1,139762.13,2,1,1,32660.032,0,5,731,Germany,Male,SILVER,0
649,36,8,0.0,2,0,1,152866.846,0,3,674,France,Female,DIAMOND,0
658,29,4,80262.6,1,1,1,28872.947999999997,0,2,420,Germany,Male,GOLD,0
678,31,2,0.0,2,1,1,82339.59199999999,0,1,888,France,Male,DIAMOND,0
778,33,1,0.0,2,1,0,119630.62199999999,0,2,624,Germany,Male,DIAMOND,0
504,32,8,206663.75,1,0,0,22809.716,0,1,899,France,Female,SILVER,0
693,40,4,130661.96,1,1,1,142701.544,0,3,910,France,Male,SILVER,0
689,47,1,93871.95,3,1,0,219644.788,1,4,334,France,Male,DIAMOND,1
756,29,2,117412.19,2,1,0,6859.473999999999,0,1,565,Spain,Male,DIAMOND,0
689,39,7,0.0,2,0,0,20898.926,0,2,680,Germany,Male,PLATINUM,0
838,31,2,0.0,2,1,0,11527.143999999998,0,1,783,Germany,Male,GOLD,0
740,36,7,0.0,1,1,1,18463.359999999997,0,5,466,France,Male,SILVER,0
605,47,7,142643.54,1,1,0,265049.37799999997,0,3,255,Spain,Male,PLATINUM,0
785,36,2,0.0,1,0,1,86550.54,0,2,607,Germany,Male,PLATINUM,0
771,23,7,156123.73,1,1,0,102201.86799999999,0,3,769,Germany,Female,DIAMOND,0
678,38,3,0.0,2,1,0,93201.24,0,1,331,Germany,Male,SILVER,0
638,24,1,0.0,2,0,1,227651.00999999998,0,1,567,Germany,Male,GOLD,0
553,27,3,0.0,2,0,0,223735.224,0,5,300,Germany,Female,GOLD,0
657,50,9,0.0,2,0,0,52055.043999999994,0,4,971,France,Male,GOLD,0
614,19,5,97445.49,2,1,0,171967.67599999998,0,5,596,Germany,Female,PLATINUM,0
620,21,9,0.0,2,0,0,216850.906,0,4,400,Spain,Male,SILVER,0
582,52,2,151457.88,1,0,1,57266.054,0,5,889,Germany,Male,DIAMOND,0
714,46,1,0.0,1,1,0,213049.906,1,2,747,Germany,Male,PLATINUM,1
631,46,9,160736.63,1,0,1,130919.228,0,3,576,Spain,Male,SILVER,0
736,50,9,116309.01,1,1,0,259519.55999999997,1,1,760,Germany,Male,GOLD,1
651,28,7,0.0,2,1,0,1168.5439999999999,0,1,383,Germany,Male,SILVER,0
541,37,9,118636.92,1,1,1,102987.016,0,2,771,Germany,Male,GOLD,0
623,24,7,148167.83,2,1,1,153273.476,0,3,884,France,Female,PLATINUM,0
468,46,7,91443.75,1,1,0,15356.452,0,1,748,Germany,Male,GOLD,0
471,42,3,164951.56,1,1,0,266759.47799999994,0,3,361,Germany,Male,DIAMOND,0
674,44,3,88902.21,1,1,0,103238.848,0,3,729,Germany,Male,SILVER,0
521,22,5,0.0,2,1,1,139774.83,0,1,782,Germany,Male,PLATINUM,0
598,39,1,0.0,2,1,0,222797.448,0,4,493,Spain,Male,GOLD,0
750,36,6,0.0,2,1,1,83757.974,0,3,371,Spain,Female,PLATINUM,0
749,33,10,76692.22,1,0,1,42570.002,0,3,567,Germany,Female,SILVER,0
775,40,9,126212.64,1,1,0,98290.198,0,3,262,Germany,Male,DIAMOND,0
633,44,7,0.0,2,1,0,41680.806,0,2,627,Germany,Female,SILVER,0
670,36,2,84266.44,2,0,0,54075.566,0,5,508,Germany,Female,SILVER,0
663,33,9,0.0,2,0,0,128135.46799999998,0,5,868,Spain,Male,PLATINUM,0
718,39,6,0.0,2,0,1,89459.73999999999,0,1,583,Spain,Male,SILVER,0
631,31,8,137687.72,1,1,0,266108.968,0,1,498,Germany,Female,GOLD,0
804,50,4,0.0,1,1,1,11980.618,1,2,482,France,Female,GOLD,1
690,39,6,0.0,2,1,0,224761.032,0,1,517,Germany,Male,PLATINUM,0
655,36,2,147149.59,1,1,1,122958.60399999999,0,5,680,France,Female,GOLD,0
617,58,3,119024.75,2,1,0,49293.935999999994,1,2,452,Germany,Female,PLATINUM,1
417,34,7,0.0,2,1,0,77020.306,0,4,969,Germany,Male,SILVER,0
487,46,4,135070.58,2,1,1,61957.28599999999,1,2,400,Germany,Female,PLATINUM,1
582,46,8,67563.31,1,1,0,62323.52599999999,1,1,454,Spain,Female,SILVER,1
597,28,0,142705.95,1,1,0,178141.74599999998,0,4,845,Germany,Female,PLATINUM,0
690,30,5,0.0,2,0,1,110195.04199999999,0,3,954,Spain,Female,SILVER,0
687,44,7,0.0,3,1,0,218209.92799999999,1,2,336,Spain,Female,SILVER,1
745,46,2,122220.19,1,1,1,165248.74,0,3,781,Germany,Male,DIAMOND,0
708,54,8,145151.4,1,0,1,175450.63799999998,1,4,863,Germany,Female,PLATINUM,1
569,34,6,144855.34,1,0,0,275192.448,0,4,697,Spain,Female,GOLD,0
583,38,8,0.0,1,1,0,67002.984,0,1,414,France,Male,PLATINUM,0
757,44,5,140856.16,2,1,0,222244.13999999998,0,5,293,Spain,Male,DIAMOND,0
513,48,2,0.0,1,1,1,160607.782,1,3,497,Spain,Male,SILVER,1
573,33,0,90124.64,1,1,0,192482.39399999997,0,5,574,France,Female,DIAMOND,0
850,37,9,0.0,1,0,0,140156.484,0,5,814,Germany,Female,DIAMOND,0
550,42,10,128707.31,1,1,0,88344.70999999999,1,4,337,Germany,Female,PLATINUM,1
753,92,3,121513.31,1,0,1,273804.58599999995,0,3,307,Germany,Male,PLATINUM,0
581,40,0,101016.53,1,0,1,11111.89,1,3,783,Germany,Male,SILVER,1
528,35,3,156687.1,1,1,0,279064.078,0,4,982,Germany,Male,PLATINUM,0
582,32,1,116409.55,1,0,1,213922.288,0,4,519,Germany,Female,SILVER,0
500,37,9,125822.21,1,1,0,156392.19999999998,0,5,266,Spain,Male,PLATINUM,0
752,36,1,86837.95,1,1,1,147407.77,0,5,615,France,Female,SILVER,0
525,57,2,145965.33,1,1,1,90242.704,0,5,337,Spain,Female,PLATINUM,0
611,43,8,64897.75,1,1,0,161009.862,0,4,692,Germany,Female,SILVER,0
738,38,5,177997.07,1,0,1,26941.773999999998,0,5,799,Spain,Male,PLATINUM,0
749,34,2,0.0,1,0,0,243879.656,1,1,653,Spain,Male,PLATINUM,1
784,38,1,138515.02,1,1,1,240491.264,0,2,942,Germany,Male,PLATINUM,0
516,46,1,104947.72,1,1,0,162119.94999999998,1,5,665,Germany,Female,DIAMOND,1
499,53,1,75225.53,2,0,0,202803.74,1,4,424,Spain,Female,SILVER,1
794,28,5,0.0,2,0,1,121394.97199999998,0,3,734,Spain,Female,DIAMOND,0
530,22,7,0.0,2,1,0,145853.672,0,5,516,Spain,Female,PLATINUM,0
575,36,1,0.0,1,0,1,132413.78399999999,0,4,319,France,Male,GOLD,0
646,33,2,0.0,2,0,0,277506.19999999995,0,1,570,Germany,Female,PLATINUM,0
776,35,8,106365.29,1,1,1,207953.58399999997,0,5,454,Spain,Male,GOLD,0
601,43,3,141859.12,2,1,1,155764.468,0,5,799,Germany,Male,GOLD,0
829,36,4,81795.74,2,1,0,126164.716,0,2,746,Germany,Male,DIAMOND,0
738,35,3,0.0,1,1,1,21926.021999999997,0,2,766,Spain,Male,DIAMOND,0
779,24,10,122200.31,2,1,0,61202.78399999999,0,1,974,Germany,Female,SILVER,0
616,45,3,143129.41,2,0,1,90073.164,0,5,308,Germany,Male,GOLD,0
793,52,2,0.0,1,1,0,222788.348,1,5,883,Spain,Male,GOLD,1
571,33,9,0.0,2,0,1,108542.468,0,2,702,Germany,Female,PLATINUM,0
770,24,9,101827.07,1,1,0,234173.88999999998,0,4,730,France,Male,GOLD,0
755,41,6,104817.41,1,1,0,176434.012,1,1,224,Germany,Male,GOLD,1
626,37,2,133968.96,2,1,0,208180.50999999998,0,2,321,Germany,Female,DIAMOND,0
533,43,4,80442.06,2,0,1,17567.388,0,2,593,Germany,Male,SILVER,0
786,35,3,0.0,2,1,0,129813.158,0,3,529,Germany,Male,PLATINUM,0
706,68,4,114386.85,1,1,1,40057.352,0,5,269,Spain,Male,DIAMOND,0
582,29,4,0.0,2,0,0,218629.57799999998,0,5,548,France,Male,DIAMOND,0
640,39,9,131607.28,4,0,1,9789.002,1,2,436,Germany,Male,GOLD,1
645,21,1,0.0,2,0,0,40231.498,0,5,469,Spain,Female,GOLD,0
850,25,8,69385.17,2,1,0,122982.936,0,4,722,Germany,Female,SILVER,0
580,45,2,179334.83,2,1,1,237040.11,0,5,928,Germany,Male,SILVER,0
673,43,5,168069.73,1,1,1,205804.13599999997,1,4,732,Germany,Female,GOLD,1
497,37,8,128650.11,2,1,1,229113.142,0,1,525,Spain,Male,SILVER,0
692,33,9,0.0,1,1,0,158923.30199999997,1,3,272,Germany,Male,PLATINUM,1
699,26,6,79932.41,1,0,0,210354.416,0,4,874,Spain,Male,SILVER,0
665,38,9,0.0,1,0,1,122392.836,0,3,309,Spain,Male,GOLD,0
742,43,6,97067.69,1,0,1,85303.04199999999,1,5,375,Germany,Female,GOLD,1
624,36,10,0.0,2,0,1,260667.588,0,5,230,Spain,Female,GOLD,0
684,34,9,0.0,2,1,1,91375.598,0,5,263,Germany,Male,SILVER,0
748,36,4,141573.55,1,1,0,115036.396,0,3,499,Spain,Male,SILVER,0
847,41,3,101543.51,4,1,0,22450.237999999998,1,4,924,Germany,Female,PLATINUM,1
568,46,3,0.0,2,1,1,41136.668,0,5,446,Spain,Female,DIAMOND,0
553,42,7,0.0,2,1,0,10767.321999999998,0,3,869,Spain,Male,SILVER,0
737,54,9,0.0,1,1,0,116873.55999999998,1,5,987,Germany,Male,PLATINUM,1
675,31,2,90826.27,2,1,0,84394.218,0,3,661,Spain,Male,SILVER,0
753,44,3,138076.47,1,1,0,21747.325999999997,1,2,290,Germany,Male,SILVER,1
634,27,3,107027.52,1,1,0,242810.95199999996,0,1,610,Germany,Male,PLATINUM,0
730,62,2,0.0,2,1,1,261100.93,0,4,594,Spain,Male,GOLD,0
738,26,9,0.0,2,1,1,68117.916,0,1,524,France,Male,PLATINUM,0
830,40,4,0.0,2,0,1,114286.528,0,5,543,Spain,Male,DIAMOND,0
743,39,3,119695.75,1,0,1,36605.582,0,4,837,Germany,Male,GOLD,0
562,35,3,142296.13,1,0,1,247972.78,0,3,836,Germany,Male,DIAMOND,0
564,41,9,103522.75,2,1,1,48088.494,0,1,599,Germany,Male,GOLD,0
620,31,2,166833.86,2,1,1,189255.24,0,1,312,Spain,Male,PLATINUM,0
767,43,1,76408.85,2,1,0,108987.682,0,2,307,Germany,Male,PLATINUM,0
695,36,6,114007.5,2,1,0,165384.232,0,1,533,France,Male,DIAMOND,0
628,31,5,0.0,1,0,0,207163.298,1,1,404,France,Female,DIAMOND,1
577,39,10,0.0,2,1,0,14789.633999999998,0,2,596,France,Female,PLATINUM,0
686,41,7,152105.57,2,0,1,185339.174,0,1,665,Germany,Female,SILVER,0
456,32,9,133060.63,1,1,1,175250.088,0,2,655,Germany,Male,DIAMOND,0
593,27,10,0.0,3,0,0,132483.0,1,2,401,Spain,Male,PLATINUM,1
660,61,5,155931.11,1,1,1,221688.746,0,1,884,Spain,Female,PLATINUM,0
736,25,9,81732.88,2,1,0,191111.19199999998,0,3,960,Germany,Female,PLATINUM,0
807,31,1,141069.18,3,1,1,271974.95399999997,0,4,374,Germany,Female,DIAMOND,0
781,29,9,0.0,2,0,0,240951.36,0,4,867,France,Male,SILVER,0
609,34,7,140694.78,2,1,0,64788.28199999999,0,3,726,Spain,Male,DIAMOND,0
499,36,5,131142.53,2,1,0,244900.84399999998,0,5,941,Germany,Male,PLATINUM,0
551,27,2,113873.22,1,1,1,119196.678,1,5,522,Spain,Male,GOLD,1
765,50,9,126547.8,1,1,1,111426.916,1,1,357,France,Female,PLATINUM,1
799,22,8,174185.98,2,0,1,269702.39,0,3,219,Germany,Female,PLATINUM,0
610,34,0,103108.17,1,0,0,175920.548,0,1,738,France,Male,DIAMOND,0
751,29,3,159597.45,1,1,0,55923.174,0,5,791,France,Male,PLATINUM,0
666,31,2,79589.43,1,0,0,5685.798,0,5,569,Germany,Female,DIAMOND,0
681,18,1,98894.39,1,1,1,13449.96,0,1,553,France,Female,GOLD,0
595,39,9,136422.41,1,1,1,212475.93399999998,0,1,379,Germany,Female,PLATINUM,0
616,43,3,120867.18,1,1,0,26281.687999999995,1,4,386,Spain,Female,DIAMOND,1
786,32,2,120452.4,2,0,0,111459.004,0,4,709,France,Male,GOLD,0
682,36,5,72373.62,2,1,0,51669.38599999999,0,2,505,Germany,Male,GOLD,0
673,47,1,0.0,2,0,0,152282.024,0,5,382,France,Male,SILVER,0
655,24,9,107065.31,1,1,1,72758.74799999999,0,5,873,Germany,Male,GOLD,0
697,29,0,172693.54,1,0,0,198533.57200000001,0,2,267,Germany,Male,DIAMOND,0
674,21,9,120150.39,2,1,1,47564.64199999999,0,3,515,France,Female,DIAMOND,0
649,70,9,116854.71,2,0,1,149991.10599999997,0,3,989,Germany,Male,DIAMOND,0
796,40,2,113228.38,2,1,1,64996.12599999999,0,1,233,Germany,Male,PLATINUM,0
714,36,1,101609.01,2,1,1,641.822,0,3,997,Germany,Female,PLATINUM,0
701,37,1,0.0,2,1,0,228855.56999999998,0,3,947,Germany,Male,GOLD,0
636,29,6,157576.47,2,1,1,141558.346,0,1,332,Spain,Female,PLATINUM,0
797,45,8,0.0,1,0,0,175169.028,0,2,456,France,Male,DIAMOND,0
603,48,5,0.0,1,1,0,140685.04,1,2,709,France,Female,PLATINUM,1
569,43,8,161546.68,2,0,1,249477.19199999998,0,2,415,Spain,Male,PLATINUM,0
699,51,2,92246.14,2,0,1,127899.442,0,5,268,Germany,Female,PLATINUM,0
767,35,9,0.0,2,1,0,55331.254,0,1,981,Germany,Female,DIAMOND,0
756,34,2,148200.72,1,0,0,272433.272,0,3,851,Germany,Female,SILVER,0
826,56,8,174506.1,2,0,1,226538.948,1,3,808,Spain,Female,DIAMOND,1
544,30,8,145241.63,1,1,1,112962.56199999999,0,1,388,Spain,Male,DIAMOND,0
635,44,2,79064.85,2,0,1,158623.44999999998,0,1,855,Germany,Female,PLATINUM,0
567,34,10,0.0,2,0,1,226215.506,0,5,391,Spain,Male,DIAMOND,0
789,37,6,110689.07,1,1,1,99584.45599999999,1,1,792,Germany,Female,SILVER,1
763,37,6,0.0,2,1,1,209602.34999999998,0,5,799,Spain,Female,SILVER,0
766,28,4,90696.78,1,0,1,30251.079999999998,0,1,599,Germany,Female,PLATINUM,0
581,50,4,0.0,2,1,1,112997.408,0,3,232,Spain,Female,GOLD,0
720,57,1,162082.31,4,0,0,38019.022,1,5,692,Germany,Female,SILVER,1
773,33,10,0.0,1,1,1,138363.126,0,4,610,Spain,Female,SILVER,0
681,29,8,0.0,1,1,0,92929.262,0,2,479,Germany,Male,GOLD,0
659,29,9,82916.48,1,1,1,117801.87199999999,0,5,652,Germany,Male,SILVER,0
735,21,1,178718.19,2,1,0,31358.199999999997,0,1,527,Germany,Female,PLATINUM,0
794,38,9,179581.31,1,1,0,33049.736,0,4,814,Spain,Male,PLATINUM,0
748,45,2,119852.01,1,0,0,103410.516,1,2,741,Germany,Male,PLATINUM,1
619,57,3,137946.39,1,1,1,101470.186,1,5,367,Germany,Male,PLATINUM,1
602,25,0,0.0,2,1,1,141798.838,0,1,502,Germany,Female,PLATINUM,0
633,38,2,91902.56,2,1,1,150757.69,0,5,913,Germany,Male,GOLD,0
541,32,8,0.0,2,0,0,57259.795999999995,0,5,725,Germany,Male,PLATINUM,0
434,71,9,119496.87,1,1,0,176203.432,0,3,690,Germany,Male,SILVER,0
642,40,8,109219.83,1,1,0,73973.514,0,5,520,Germany,Male,SILVER,0
592,38,8,119278.01,2,0,1,27134.021999999997,0,3,619,Germany,Female,GOLD,0
662,38,4,0.0,2,1,0,190778.50999999998,0,5,248,Spain,Male,GOLD,0
571,35,8,0.0,2,0,0,118411.78199999999,0,3,329,France,Female,SILVER,0
503,28,5,0.0,2,1,0,176300.438,0,2,868,France,Female,PLATINUM,0
520,38,4,0.0,2,1,0,78959.082,0,2,867,France,Female,DIAMOND,0
555,26,9,0.0,2,0,1,222500.242,0,3,554,Spain,Female,SILVER,0
642,72,1,160541.0,2,1,1,199128.516,0,5,836,Germany,Male,SILVER,0
619,38,1,0.0,1,1,0,157434.682,1,4,989,Spain,Female,PLATINUM,1
712,43,1,141749.74,2,0,1,127282.36399999999,0,4,957,Germany,Male,PLATINUM,0
850,49,5,122486.47,1,0,1,83662.466,0,3,852,France,Male,DIAMOND,0
452,30,7,112935.87,1,1,1,138639.27599999998,0,1,575,France,Male,DIAMOND,0
611,40,7,128486.91,2,1,0,14168.257999999998,0,5,559,Germany,Female,DIAMOND,0
811,45,5,0.0,2,1,1,204587.466,0,3,372,Germany,Female,DIAMOND,0
717,38,7,0.0,2,1,1,222027.06999999998,0,4,714,Germany,Male,SILVER,0
591,43,3,0.0,2,0,1,278511.904,0,3,785,France,Male,PLATINUM,0
549,34,6,204017.4,2,1,0,153368.69,0,1,872,Germany,Male,GOLD,0
703,44,6,98862.54,1,1,0,212138.38,0,4,407,Germany,Male,PLATINUM,0
622,34,7,98675.74,1,1,0,194484.59,1,5,995,Germany,Female,GOLD,1
487,34,2,96019.5,1,0,0,12734.0,0,2,740,France,Female,GOLD,0
850,34,6,101266.51,1,1,0,46917.772000000004,0,1,901,France,Female,DIAMOND,0
622,31,7,0.0,1,1,0,49587.27799999999,0,2,978,Germany,Male,PLATINUM,0
563,44,7,105007.31,2,1,1,276952.024,0,4,481,Germany,Male,GOLD,0
619,35,8,132292.63,1,1,0,91971.10199999998,0,1,508,Germany,Female,DIAMOND,0
613,59,8,91415.76,1,0,0,39166.0,1,2,422,Germany,Male,DIAMOND,1
480,39,5,121626.9,1,1,1,115428.382,0,1,462,Spain,Male,SILVER,0
706,32,6,94486.47,1,1,1,205744.63599999997,0,5,904,France,Male,DIAMOND,0
728,37,4,0.0,1,0,0,6370.132,0,2,521,Spain,Female,DIAMOND,0
731,30,7,0.0,2,0,1,200335.52599999998,0,5,871,France,Male,DIAMOND,0
692,49,9,0.0,2,1,0,249694.682,0,1,373,Spain,Female,PLATINUM,0
756,40,1,94773.11,1,1,0,160006.482,0,4,585,Germany,Male,PLATINUM,0
638,57,6,0.0,1,1,0,47162.072,1,4,523,France,Male,GOLD,1
625,28,3,0.0,1,0,0,257119.974,0,4,718,France,Female,GOLD,0
793,39,3,137817.52,1,0,0,117611.90599999999,0,5,252,France,Male,PLATINUM,0
449,31,1,113693.0,1,0,0,115929.80599999998,0,1,395,Spain,Female,GOLD,0
512,36,0,129804.17,1,1,0,74244.26,0,2,349,France,Male,PLATINUM,0
737,32,7,128551.36,2,0,1,265178.794,0,2,314,Germany,Female,GOLD,0
718,29,3,0.0,1,0,1,188262.206,0,4,253,Germany,Female,PLATINUM,0
683,57,5,162448.69,1,0,0,12925.492,1,5,746,Germany,Female,SILVER,1
651,25,2,109175.14,2,1,0,160408.058,0,1,652,Germany,Female,SILVER,0
586,52,6,140900.97,1,1,1,94219.446,0,3,396,France,Female,SILVER,0
705,40,3,92889.91,1,1,1,153310.36599999998,0,1,451,Germany,Female,PLATINUM,0
602,39,6,154121.32,2,1,0,247275.80399999997,1,5,815,Germany,Female,GOLD,1
675,39,6,0.0,2,0,0,116801.80999999998,0,4,367,France,Female,DIAMOND,0
614,35,2,127283.78,1,1,1,43838.28999999999,0,1,668,Spain,Male,SILVER,0
793,63,9,116270.72,1,1,1,257955.55,0,3,236,France,Female,DIAMOND,0
633,47,0,0.0,1,1,1,8894.975999999999,1,3,350,Germany,Female,GOLD,1
759,33,9,160541.36,2,0,0,130972.59599999999,0,4,497,France,Female,SILVER,0
527,39,9,96748.89,2,1,0,132611.00199999998,0,2,534,Germany,Female,SILVER,0
787,42,10,145988.65,2,1,1,111329.51799999998,0,4,396,Germany,Female,DIAMOND,0
670,54,2,95507.12,1,1,1,88513.63399999999,0,2,638,France,Female,SILVER,0
652,48,8,133297.24,1,1,0,108885.11799999999,0,1,619,Germany,Female,GOLD,0
598,53,10,167772.96,1,1,1,191656.60399999996,0,5,686,Germany,Male,SILVER,0
675,39,7,0.0,2,0,1,50789.094,0,5,316,France,Male,GOLD,0
634,26,8,0.0,1,1,0,30480.343999999997,0,4,783,France,Male,DIAMOND,0
544,37,2,0.0,2,0,0,189108.82799999998,0,5,322,Spain,Male,DIAMOND,0
768,36,3,141334.95,1,0,1,176233.69999999998,0,3,277,Germany,Female,DIAMOND,0
651,41,4,38617.2,1,1,1,146842.52,0,1,771,France,Female,SILVER,0
712,33,2,182888.08,1,1,0,4300.4,0,1,278,France,Male,SILVER,0
772,47,9,152347.01,1,0,1,24755.492,0,1,902,France,Male,SILVER,0
590,30,3,0.0,2,1,0,116341.49,0,4,332,Spain,Male,PLATINUM,0
523,63,6,116227.27,1,1,1,167181.482,0,5,738,Germany,Male,DIAMOND,0
707,53,6,109663.47,1,1,1,72969.62999999999,0,1,416,Spain,Female,SILVER,0
652,31,3,103696.97,3,0,0,217324.46999999997,1,4,897,France,Female,SILVER,1
443,35,6,161111.45,1,0,0,19540.323999999997,0,5,765,France,Male,SILVER,0
542,35,9,127543.11,2,1,0,671.516,1,4,732,Germany,Female,SILVER,1
675,35,8,0.0,2,1,1,79315.158,0,3,806,Germany,Male,PLATINUM,0
652,38,6,123081.84,2,1,1,264136.158,0,5,305,Spain,Female,PLATINUM,0
598,56,4,98365.33,1,1,1,61966.862,0,5,850,Spain,Female,DIAMOND,0
475,32,8,119023.28,1,1,0,141157.80599999998,0,1,278,France,Female,PLATINUM,0
555,40,10,43028.77,1,1,0,238734.89399999997,0,2,997,Germany,Male,GOLD,0
511,45,5,68375.27,1,1,0,270439.35,1,1,351,France,Male,DIAMOND,1
665,38,5,0.0,2,1,0,219030.384,0,4,837,France,Female,PLATINUM,0
708,19,7,112615.86,1,1,1,6303.478,0,5,881,Spain,Male,PLATINUM,0
435,37,8,114346.3,1,0,1,1388.302,1,1,426,Germany,Male,PLATINUM,1
704,54,6,133656.91,3,1,0,203114.86199999996,1,1,329,Germany,Female,PLATINUM,1
622,35,5,0.0,2,1,0,71572.92,0,5,775,Germany,Female,GOLD,0
671,34,10,0.0,1,1,0,32544.532,0,5,991,Spain,Female,SILVER,0
592,31,7,110071.1,1,0,0,61504.903999999995,0,3,702,Spain,Male,GOLD,0
592,38,3,0.0,1,1,1,18083.246,1,1,983,Spain,Male,PLATINUM,1
631,41,0,0.0,1,0,0,123158.76199999999,0,2,557,Spain,Female,PLATINUM,0
676,40,2,147803.48,1,1,0,133268.484,1,5,275,Germany,Female,DIAMOND,1
535,40,7,111756.5,1,1,0,11394.648,1,2,567,Germany,Male,GOLD,1
625,36,3,0.0,2,1,0,57828.13999999999,1,2,841,France,Female,PLATINUM,1
601,54,1,131039.97,2,1,1,279541.1,0,1,929,Germany,Female,DIAMOND,0
653,34,5,118838.75,1,1,1,73963.18199999999,0,2,360,Germany,Male,GOLD,0
466,41,2,152102.18,2,1,0,254646.384,0,4,322,Germany,Male,PLATINUM,0
599,45,10,103583.05,1,1,0,184993.766,1,2,376,Germany,Male,SILVER,1
668,38,1,147904.31,1,1,1,97133.06999999999,0,3,502,Spain,Male,SILVER,0
698,27,7,0.0,2,1,0,156075.16999999998,0,5,766,France,Male,GOLD,0
788,43,10,0.0,2,1,1,162571.11399999997,0,4,797,Germany,Female,DIAMOND,0
612,35,1,0.0,1,1,1,116573.76399999998,1,1,298,Spain,Male,SILVER,1
614,40,6,0.0,1,1,1,28490.706,1,4,438,France,Male,PLATINUM,1
718,43,5,132615.73,2,1,0,46213.74,0,3,795,Germany,Male,SILVER,0
682,48,9,101198.01,1,1,1,69641.06,0,4,672,Spain,Female,GOLD,0
611,37,6,0.0,2,1,0,155111.032,0,5,501,Germany,Female,DIAMOND,0
685,35,4,137948.51,1,1,0,159110.49599999998,0,1,404,Spain,Male,PLATINUM,0
721,35,6,118273.83,1,0,1,4336.646,0,3,804,Germany,Female,GOLD,0
554,46,7,87603.35,3,0,1,135715.936,1,4,818,Spain,Female,PLATINUM,1
609,34,1,0.0,1,1,1,253664.05999999997,0,4,226,France,Male,PLATINUM,0
658,28,9,152812.58,1,1,0,233370.598,0,2,790,Germany,Female,DIAMOND,0
738,39,5,0.0,2,1,1,160159.572,0,3,514,France,Male,SILVER,0
628,36,3,0.0,2,1,1,12255.073999999999,0,4,276,Germany,Male,PLATINUM,0
736,28,2,0.0,2,1,1,164418.54,0,3,457,Spain,Female,PLATINUM,0
664,39,7,60263.23,1,1,0,239184.448,0,5,466,Germany,Male,SILVER,0
850,31,4,146587.3,1,1,1,125839.748,0,2,687,Germany,Male,GOLD,0
720,37,2,120328.88,2,1,1,193873.29399999997,0,1,302,Germany,Female,DIAMOND,0
679,39,2,146186.28,2,1,1,271579.258,0,4,412,Germany,Male,SILVER,0
628,69,5,0.0,2,1,1,254765.44,0,3,348,France,Male,DIAMOND,0
794,55,6,115796.7,1,1,0,224751.90399999998,1,1,442,Germany,Female,GOLD,1
666,71,1,53013.29,2,1,1,157126.696,0,1,419,Germany,Male,GOLD,0
565,55,4,118803.35,2,1,1,179389.58,1,2,535,France,Male,GOLD,1
665,34,5,67816.72,1,1,1,41513.212,0,5,310,Germany,Female,SILVER,0
512,33,6,121685.31,2,1,1,117169.75799999999,0,4,973,France,Female,GOLD,0
768,48,3,122831.58,1,1,1,34362.445999999996,1,2,813,Germany,Male,PLATINUM,1
477,47,9,144900.58,1,1,0,85856.518,1,4,498,France,Male,GOLD,1
531,31,3,96288.26,1,1,0,79527.622,0,4,247,France,Male,DIAMOND,0
503,37,6,0.0,2,0,0,191124.60399999996,0,3,717,Spain,Male,SILVER,0
504,40,5,0.0,2,0,0,205399.70399999997,0,2,538,Spain,Male,SILVER,0
634,45,2,0.0,1,1,1,200856.634,0,3,863,France,Female,DIAMOND,0
586,42,2,0.0,1,1,0,144060.07599999997,0,3,338,Spain,Female,PLATINUM,0
661,37,5,136425.18,1,1,0,113558.934,0,2,687,France,Female,PLATINUM,0
705,38,1,189443.72,1,0,1,149323.012,0,3,648,Germany,Male,PLATINUM,0
573,72,8,98765.84,1,1,1,134436.742,0,1,255,Spain,Female,PLATINUM,0
577,48,6,179852.26,1,1,0,271027.448,0,2,782,Spain,Male,GOLD,0
684,43,7,0.0,2,1,0,183546.58599999998,0,5,358,France,Female,PLATINUM,0
622,29,7,101486.96,1,1,1,12318.69,0,1,327,France,Male,PLATINUM,0
716,44,1,0.0,1,1,1,212966.85799999998,0,4,453,France,Female,GOLD,0
715,42,6,0.0,2,1,1,180258.966,0,4,289,Spain,Male,SILVER,0
646,42,3,175159.9,2,0,0,93989.27199999998,1,3,641,Germany,Female,DIAMOND,1
738,29,2,0.0,2,1,1,238604.582,0,3,252,Germany,Male,GOLD,0
720,44,3,86102.27,1,1,0,252203.832,1,2,481,France,Male,DIAMOND,1
512,46,3,0.0,2,1,1,78986.396,0,4,669,Spain,Female,PLATINUM,0
524,25,7,131402.21,1,0,0,271150.886,0,4,997,Germany,Female,PLATINUM,0
783,72,5,121215.9,2,1,1,147304.072,0,3,509,Germany,Female,GOLD,0
475,46,10,0.0,2,0,0,172149.19999999998,1,3,800,France,Female,DIAMOND,1
838,41,5,0.0,2,1,0,113853.91399999999,0,1,867,Spain,Female,SILVER,0
685,30,4,84958.6,2,0,1,272096.208,0,2,987,Germany,Female,GOLD,0
698,38,1,171848.38,1,0,0,23755.43,0,5,806,Spain,Female,PLATINUM,0
686,34,3,123971.51,2,1,0,206927.482,0,5,410,Germany,Female,PLATINUM,0
658,35,9,71829.34,1,1,1,95413.688,0,1,285,Spain,Male,SILVER,0
606,37,6,82373.94,1,0,0,241552.65999999997,1,3,632,France,Male,PLATINUM,1
639,37,4,116121.84,2,0,1,254606.03599999996,0,1,503,France,Female,PLATINUM,0
678,43,2,153393.18,2,1,1,271374.578,0,1,274,Germany,Female,GOLD,0
643,33,4,0.0,2,1,1,214203.856,0,2,720,Germany,Male,PLATINUM,0
673,57,4,0.0,2,1,1,69572.726,0,1,428,Spain,Female,SILVER,0
678,60,8,185648.56,1,0,0,269034.156,1,2,508,Germany,Male,PLATINUM,1
544,32,9,110728.39,1,1,1,20398.468,0,1,629,France,Female,SILVER,0
645,43,9,140121.17,1,1,0,15838.78,1,1,752,Germany,Male,DIAMOND,1
658,44,6,148481.09,1,1,0,182755.782,0,4,940,France,Female,SILVER,0
672,53,9,169406.33,4,1,1,206251.058,1,4,232,Germany,Female,DIAMOND,1
556,36,2,134208.22,1,0,1,248753.79799999998,0,4,343,France,Female,GOLD,0
549,39,7,0.0,1,0,0,113777.95,1,2,716,Spain,Female,GOLD,1
639,41,5,98635.77,1,1,0,279974.03599999996,0,3,391,Germany,Female,PLATINUM,0
684,32,3,102630.13,2,1,1,178421.85799999998,0,2,684,Germany,Male,DIAMOND,0
536,39,4,0.0,2,1,0,38025.49,0,1,422,France,Male,PLATINUM,0
699,50,0,158633.61,1,1,0,271315.218,0,1,835,Spain,Female,SILVER,0
591,51,8,132508.3,1,1,1,225841.55199999997,1,5,752,Germany,Female,DIAMOND,1
714,33,10,103121.33,2,1,1,69555.814,0,4,830,Spain,Female,PLATINUM,0
679,33,9,112528.65,2,1,0,248322.43,0,2,362,Germany,Female,SILVER,0
519,47,6,157296.02,2,0,0,206204.80199999997,1,1,934,Spain,Female,PLATINUM,1
748,39,9,132865.56,1,1,1,83506.002,1,2,756,Germany,Female,DIAMOND,1
463,20,8,204223.03,1,1,0,179590.74599999998,0,2,983,Spain,Male,SILVER,0
820,36,4,0.0,2,1,0,44006.765999999996,0,2,366,Germany,Male,SILVER,0
492,51,8,117808.74,2,1,1,94250.56799999998,0,3,263,Germany,Male,GOLD,0
633,27,3,0.0,2,1,0,61627.474,0,1,612,Spain,Male,SILVER,0
596,42,7,0.0,2,1,1,170210.718,0,5,567,Germany,Male,GOLD,0
502,33,8,0.0,2,1,1,172927.61399999997,0,4,717,Germany,Male,DIAMOND,0
458,39,9,0.0,2,1,0,162895.32599999997,0,4,345,Germany,Female,PLATINUM,0
698,41,3,90605.29,1,1,1,20114.8,0,5,444,France,Male,SILVER,0
739,45,7,102703.62,1,0,1,206939.11599999998,1,3,827,Germany,Male,SILVER,1
724,32,6,0.0,2,1,1,210052.506,0,4,480,Germany,Female,PLATINUM,0
587,46,9,107850.82,1,1,0,195218.4,1,3,744,Germany,Male,SILVER,1
619,44,6,52831.13,1,1,1,157723.908,1,3,245,Spain,Female,SILVER,1
552,42,8,103362.14,1,0,1,261632.41199999995,1,2,492,Germany,Female,DIAMOND,1
631,29,2,96863.52,2,1,1,44273.689999999995,0,3,958,Germany,Female,DIAMOND,0
558,45,1,153697.53,2,0,0,125862.95999999998,1,2,351,France,Female,SILVER,1
537,39,3,135309.36,1,1,0,44435.403999999995,1,2,746,Germany,Male,PLATINUM,1
642,19,3,113905.48,1,1,1,246607.08,0,5,893,Germany,Female,PLATINUM,0
490,33,1,0.0,2,1,1,113124.962,0,3,861,Germany,Male,DIAMOND,0
540,31,10,118158.74,1,1,1,221253.598,0,4,645,Spain,Female,SILVER,0
550,47,2,0.0,2,1,1,135895.19199999998,0,3,794,Germany,Male,GOLD,0
718,35,8,0.0,2,1,0,132764.19,0,5,769,France,Male,PLATINUM,0
760,49,9,91502.99,1,1,0,164141.05999999997,1,5,511,Germany,Female,PLATINUM,1
695,37,2,0.0,2,1,1,139584.71,0,1,361,France,Male,SILVER,0
612,44,2,115163.38,1,1,1,136763.528,1,1,244,Germany,Male,DIAMOND,1
647,30,6,143138.91,2,1,0,4152.644,0,3,896,Germany,Male,PLATINUM,0
594,38,10,0.0,2,1,0,81681.074,0,3,827,Spain,Female,PLATINUM,0
675,32,1,0.0,3,1,0,120276.52599999998,0,5,890,Germany,Male,PLATINUM,0
524,29,3,159035.45,1,1,0,3802.4339999999997,1,4,580,Spain,Male,GOLD,1
652,27,10,107303.72,2,0,0,62225.064,0,2,986,Germany,Male,GOLD,0
702,29,10,88378.6,1,1,0,123985.39199999999,0,3,596,Germany,Female,PLATINUM,0
588,32,1,0.0,2,1,1,12284.418,0,1,824,France,Male,PLATINUM,0
788,37,8,141541.25,1,0,0,92433.578,0,4,582,Spain,Male,DIAMOND,0
584,38,3,0.0,2,1,1,6350.5599999999995,0,2,941,Spain,Female,GOLD,0
674,44,4,131593.85,1,0,1,239898.02799999996,1,2,558,Germany,Female,GOLD,1
774,46,9,0.0,2,1,1,48698.964,0,2,919,Spain,Male,SILVER,0
705,46,5,89364.91,1,0,1,194842.00999999998,0,4,336,Spain,Female,GOLD,0
647,42,9,0.0,2,1,1,71922.94799999999,0,1,358,Germany,Female,DIAMOND,0
591,35,2,90194.34,2,1,0,79905.398,0,5,986,Germany,Female,DIAMOND,0
760,43,8,121911.59,1,1,0,270652.262,0,3,224,Germany,Male,SILVER,0
647,51,1,119741.77,2,0,0,76951.314,1,3,847,Germany,Female,SILVER,1
690,54,5,0.0,1,1,0,18001.654,1,5,439,Germany,Male,GOLD,1
680,23,5,140007.19,1,0,1,44414.712,0,3,808,Germany,Male,GOLD,0
704,27,5,147004.34,1,1,0,90148.862,1,4,828,Germany,Male,SILVER,1
497,29,4,85646.81,1,0,0,88541.22799999999,1,5,750,France,Female,GOLD,1
652,80,4,0.0,2,1,1,264059.298,0,1,662,France,Female,GOLD,0
606,38,3,99897.53,1,0,0,51891.51,0,5,226,Germany,Male,PLATINUM,0
589,36,1,100895.54,1,1,1,95320.196,0,3,967,Germany,Male,PLATINUM,0
802,51,7,0.0,1,0,1,57213.106,0,3,590,Spain,Male,SILVER,0
732,55,9,136576.02,1,0,1,4590.438,1,2,443,Germany,Male,PLATINUM,1
445,31,7,145056.59,1,1,1,246265.94199999998,0,4,946,Germany,Male,PLATINUM,0
602,38,7,111835.94,2,1,0,174160.454,0,3,855,Germany,Male,SILVER,0
647,26,8,109958.15,1,1,1,191244.13599999997,1,2,271,Spain,Female,GOLD,1
444,45,6,0.0,1,1,0,182028.79,1,4,669,France,Male,GOLD,1
556,31,1,128663.81,2,1,0,175131.60599999997,0,4,876,Germany,Female,PLATINUM,0
739,40,1,109681.61,1,1,1,270664.81999999995,0,5,523,Spain,Male,PLATINUM,0
695,27,6,125552.96,1,1,0,147422.764,0,1,551,Germany,Male,SILVER,0
523,60,1,163894.35,1,0,1,79901.394,0,1,309,Germany,Male,DIAMOND,0
702,26,5,56738.47,2,1,1,140634.10799999998,1,3,374,France,Male,SILVER,1
643,62,9,0.0,2,0,0,218234.148,0,5,652,France,Male,PLATINUM,0
516,33,10,138847.9,1,1,1,178174.37999999998,0,3,465,Germany,Female,DIAMOND,0
501,34,7,93244.42,1,0,1,279742.882,0,2,354,Germany,Female,PLATINUM,0
785,39,1,130147.98,1,1,0,229332.774,1,1,526,France,Female,SILVER,1
598,38,0,125487.89,1,0,0,221371.39399999997,0,5,355,France,Male,DIAMOND,0
647,44,5,0.0,3,1,1,243902.308,1,3,752,Spain,Female,DIAMOND,1
773,45,8,96877.21,1,1,1,159545.71399999998,0,4,744,France,Male,SILVER,0
754,27,8,0.0,2,0,0,170564.62399999998,0,3,307,Spain,Female,DIAMOND,0
730,32,9,127661.69,1,0,0,85282.71399999999,0,3,542,Germany,Female,DIAMOND,0
762,43,5,134204.67,1,1,1,195974.414,0,4,672,Spain,Female,DIAMOND,0
683,31,2,0.0,2,0,1,108272.492,0,2,791,Germany,Male,DIAMOND,0
718,28,6,0.0,2,1,0,205641.20399999997,0,4,319,Spain,Male,DIAMOND,0
614,36,1,118311.76,1,1,0,204603.55199999997,0,4,709,Germany,Male,DIAMOND,0
614,35,6,128100.28,1,0,0,97250.936,1,4,830,Germany,Female,PLATINUM,1
773,41,7,190238.93,1,1,1,80584.51,0,2,862,France,Female,DIAMOND,0
659,36,6,123841.49,2,1,0,135581.19999999998,1,5,875,Germany,Male,PLATINUM,0
717,76,9,138489.66,1,1,1,95775.196,0,2,860,France,Female,GOLD,0
544,47,5,105245.21,1,0,0,139905.91199999998,1,3,491,Germany,Male,GOLD,1
572,33,9,68193.72,1,1,0,28012.634000000002,0,1,269,France,Male,GOLD,0
619,31,3,141751.82,1,0,1,86159.60399999999,0,4,241,Spain,Female,DIAMOND,0
535,38,2,119272.29,1,0,0,274270.22599999997,1,5,346,France,Male,SILVER,1
630,31,0,0.0,2,1,1,48280.195999999996,0,2,252,Germany,Male,PLATINUM,0
850,38,2,0.0,2,1,0,12636.097999999998,0,1,834,Germany,Female,SILVER,0
752,49,2,78653.84,1,1,0,10793.039999999999,0,2,989,Germany,Male,SILVER,0
591,44,10,113581.98,1,1,0,2794.574,0,5,645,Germany,Female,GOLD,0
542,54,8,105770.14,1,0,1,197316.972,1,4,780,Spain,Male,DIAMOND,1
630,49,1,0.0,2,0,1,228016.606,0,3,998,Spain,Female,GOLD,0
676,23,1,107787.47,1,0,1,162945.348,0,5,597,France,Male,SILVER,0
785,55,5,0.0,2,1,1,9827.109999999999,0,2,263,France,Male,DIAMOND,0
554,38,4,137654.05,2,1,1,241696.538,0,2,326,France,Female,PLATINUM,0
828,41,7,0.0,2,1,0,239945.27799999996,0,2,666,Germany,Female,PLATINUM,0
462,34,1,94682.56,2,1,0,193884.48,0,5,747,Germany,Male,PLATINUM,0
850,30,5,123210.56,2,1,1,143067.378,0,4,749,Germany,Male,DIAMOND,0
644,35,5,161591.11,3,1,1,89328.868,0,4,712,Germany,Male,PLATINUM,0
595,29,6,150685.79,1,1,0,122894.48399999998,0,4,480,Germany,Male,SILVER,0
663,39,8,0.0,2,1,1,141651.46,0,5,445,Germany,Female,SILVER,0
706,42,8,95386.82,1,1,1,106040.15,0,5,734,Spain,Female,SILVER,0
733,32,5,0.0,2,1,0,184290.196,0,1,522,Spain,Female,GOLD,0
742,31,4,105239.1,1,1,1,27595.336,0,3,790,France,Male,DIAMOND,0
668,69,9,0.0,1,0,1,188291.298,0,5,397,Spain,Female,PLATINUM,0
670,35,3,103465.02,2,1,1,244492.884,0,3,671,France,Female,SILVER,0
548,37,4,0.0,1,1,0,170484.15199999997,0,5,926,Spain,Male,GOLD,0
772,42,0,101979.16,1,1,0,127314.87199999999,0,4,612,Germany,Female,GOLD,0
535,48,9,109472.47,1,1,0,220316.80199999997,1,2,415,Spain,Male,GOLD,1
717,35,1,0.0,3,0,0,244693.196,1,3,810,Spain,Male,GOLD,1
684,24,8,143582.89,1,1,1,31553.178,0,4,559,Spain,Male,GOLD,0
637,54,5,0.0,1,0,1,211186.772,0,2,259,Spain,Female,PLATINUM,0
555,30,1,0.0,2,0,0,123420.60399999999,0,1,561,Germany,Male,DIAMOND,0
596,47,6,0.0,1,1,0,104784.90999999999,0,2,458,France,Male,GOLD,0
811,52,10,76915.4,1,0,0,204918.734,1,2,488,Germany,Male,GOLD,1
805,45,9,116585.97,1,1,0,265215.25,1,1,885,Germany,Female,GOLD,1
615,32,4,0.0,2,1,1,8730.882,0,4,294,Germany,Male,GOLD,0
540,40,8,0.0,2,1,0,4999.0,0,5,501,Spain,Female,GOLD,0
474,33,5,0.0,2,1,0,254738.72799999997,1,1,454,France,Male,DIAMOND,1
657,41,8,109402.13,1,1,1,93064.06799999998,0,4,988,Spain,Male,GOLD,0
697,39,6,151553.19,1,1,1,62939.806,0,4,221,Germany,Female,SILVER,0
693,38,3,0.0,2,0,0,109401.87199999999,1,5,724,Germany,Female,GOLD,1
705,33,5,116765.7,1,0,0,266937.838,1,1,711,Germany,Female,SILVER,1
636,42,2,0.0,2,1,1,77674.09199999999,0,4,991,France,Male,PLATINUM,0
656,32,1,104254.27,1,1,1,23863.118,0,3,715,Spain,Female,PLATINUM,0
787,46,7,117685.31,2,1,1,130719.49,0,4,890,Germany,Male,SILVER,0
716,34,9,0.0,1,1,1,93388.994,0,3,980,Spain,Male,DIAMOND,0
813,27,1,137275.36,1,0,1,162041.424,0,2,799,Spain,Male,PLATINUM,0
709,32,2,87814.89,1,1,0,194024.718,0,2,643,Germany,Female,DIAMOND,0
532,60,5,76705.87,2,0,1,19460.622,0,5,753,Germany,Male,GOLD,0
554,27,4,0.0,2,1,1,189132.222,0,5,738,Spain,Female,SILVER,0
518,50,4,0.0,1,0,0,149972.15,1,2,225,Spain,Male,PLATINUM,1
779,34,5,0.0,2,0,1,156362.282,0,1,945,Spain,Female,SILVER,0
749,27,9,0.0,2,1,0,185843.81799999997,0,4,739,Germany,Female,PLATINUM,0
546,52,1,106074.89,1,1,1,32982.83,1,3,579,Germany,Female,PLATINUM,1
705,24,5,177799.83,2,0,0,111855.484,0,2,443,Spain,Female,GOLD,0
594,36,6,153880.15,1,0,0,189619.408,0,4,706,France,Male,PLATINUM,0
681,43,3,66338.68,1,1,1,26296.5,1,5,350,France,Male,DIAMOND,1
611,27,7,0.0,2,1,1,220478.74,0,2,231,France,Male,DIAMOND,0
588,40,10,125534.51,1,1,0,170120.85199999998,1,5,801,Germany,Female,SILVER,1
722,29,1,107233.85,2,1,0,34909.88799999999,0,2,941,Germany,Male,DIAMOND,0
764,34,6,108760.27,2,1,0,232869.706,1,3,665,Germany,Male,GOLD,1
672,40,3,0.0,1,1,0,158455.254,1,5,755,Germany,Female,GOLD,1
733,36,1,0.0,2,0,1,151743.948,0,2,932,Spain,Male,SILVER,0
697,45,1,0.0,2,1,0,65545.668,1,3,559,France,Female,PLATINUM,1
773,23,8,0.0,2,1,0,79478.70599999999,0,5,359,Spain,Female,DIAMOND,0
680,37,6,124140.57,2,1,0,129971.89,0,1,460,Spain,Female,GOLD,0
697,43,8,103409.16,1,1,0,93665.59199999999,1,2,593,Germany,Male,GOLD,1
751,38,7,0.0,2,0,0,127190.454,0,3,654,Spain,Male,PLATINUM,0
642,33,9,0.0,2,1,1,210680.196,0,4,341,Spain,Female,GOLD,0
850,19,8,0.0,1,1,1,96012.84599999999,0,3,615,Germany,Male,GOLD,0
625,49,2,80816.45,1,1,1,28041.306,0,1,677,Spain,Female,PLATINUM,0
646,34,3,131283.11,1,0,0,182715.90999999997,0,3,328,Germany,Female,SILVER,0
694,35,7,0.0,1,1,0,187013.60199999998,1,4,296,Spain,Female,SILVER,1
627,41,3,0.0,2,1,0,185822.71999999997,0,2,902,Germany,Male,DIAMOND,0
811,34,1,149297.19,2,1,1,260890.63599999997,0,2,946,Germany,Female,GOLD,0
667,27,3,106116.5,2,1,0,5159.594,0,1,683,Germany,Female,DIAMOND,0
752,38,0,145974.79,2,1,1,192786.922,0,5,884,France,Male,PLATINUM,0
710,33,2,0.0,2,1,0,102138.448,0,4,221,France,Female,DIAMOND,0
430,33,8,0.0,1,1,1,97678.874,0,2,936,France,Female,GOLD,0
688,29,1,0.0,2,1,0,216588.798,0,5,352,France,Male,PLATINUM,0
712,36,2,100749.5,3,0,0,99076.718,1,2,291,Germany,Male,PLATINUM,1
795,29,4,0.0,2,0,0,218011.296,0,3,902,Spain,Male,GOLD,0
820,31,2,94222.53,1,1,0,145014.12,0,1,947,Spain,Female,PLATINUM,0
623,35,0,130557.24,1,1,1,67047.99399999999,0,5,936,France,Female,DIAMOND,0
472,32,1,159397.75,1,0,1,80267.45199999999,0,4,829,Spain,Female,PLATINUM,0
508,31,8,72541.48,1,1,0,181739.312,0,5,759,France,Male,GOLD,0
418,36,7,90145.04,1,1,1,96836.10199999998,0,5,995,Germany,Male,SILVER,0
850,24,6,0.0,2,1,1,18438.859999999997,0,3,899,Germany,Female,DIAMOND,0
539,39,6,0.0,2,1,1,121489.47199999998,0,5,315,Germany,Male,PLATINUM,0
628,39,6,0.0,2,0,0,188233.24,0,3,887,France,Male,PLATINUM,0
757,31,10,39539.39,2,0,0,269542.146,0,5,799,Germany,Male,GOLD,0
591,34,4,150635.3,1,1,1,101199.77599999998,0,5,940,Germany,Female,PLATINUM,0
554,31,1,0.0,2,0,1,269739.76999999996,0,2,759,France,Male,PLATINUM,0
793,35,2,0.0,2,1,1,111600.76799999998,0,4,347,Germany,Male,DIAMOND,0
542,29,7,0.0,2,0,1,275327.408,0,3,761,France,Female,DIAMOND,0
728,32,9,127772.1,2,1,1,213715.872,0,5,658,Germany,Female,DIAMOND,0
537,28,3,157842.07,1,1,0,121691.086,0,3,348,Germany,Male,GOLD,0
600,29,6,74430.1,2,1,1,134486.54,0,2,366,Germany,Female,DIAMOND,0
653,40,0,0.0,2,1,0,50129.189999999995,0,5,823,Germany,Female,GOLD,0
674,34,2,152797.9,1,1,0,246008.15999999997,1,4,385,Germany,Male,GOLD,1
657,31,3,125167.02,1,0,0,138363.546,0,2,225,Spain,Male,SILVER,0
727,71,8,0.0,1,1,1,277840.674,1,4,869,Spain,Male,GOLD,1
635,35,2,113635.16,1,1,0,127251.36799999999,0,1,613,Spain,Male,SILVER,0
598,40,9,0.0,1,1,0,95862.62599999999,1,3,324,Germany,Female,DIAMOND,1
669,44,8,96418.09,1,0,0,184268.272,1,3,915,Germany,Female,SILVER,1
488,34,2,0.0,2,1,1,253794.17599999998,0,2,557,France,Female,PLATINUM,0
711,29,9,0.0,2,0,1,4543.72,0,4,501,Germany,Female,PLATINUM,0
620,32,7,0.0,2,1,1,48547.106,0,3,479,France,Male,PLATINUM,0
632,44,3,133793.89,1,1,1,48464.996,1,1,621,Germany,Female,SILVER,1
460,40,6,119507.58,2,1,0,128199.882,1,5,766,Germany,Female,SILVER,1
675,36,3,54098.18,2,0,1,76284.92799999999,0,4,432,Spain,Male,PLATINUM,0
794,30,8,0.0,2,1,1,33774.473999999995,0,3,368,Germany,Male,DIAMOND,0
782,32,9,0.0,1,1,1,122608.75799999999,0,5,255,France,Male,SILVER,0
813,62,10,64667.95,2,0,1,196650.796,0,4,691,Germany,Female,SILVER,0
741,32,8,0.0,2,1,0,201053.18,0,4,870,France,Male,DIAMOND,0
691,38,7,0.0,2,0,0,114279.35999999999,0,4,833,France,Male,GOLD,0
720,71,5,183135.39,2,1,1,276778.89999999997,0,2,723,France,Male,DIAMOND,0
575,52,8,123925.23,1,0,0,155894.724,1,4,650,Spain,Male,PLATINUM,1
705,38,3,123894.43,1,1,0,29662.939999999995,0,4,319,Germany,Female,PLATINUM,0
727,18,2,93816.7,2,1,0,176655.954,0,1,523,Germany,Female,DIAMOND,0
501,34,5,0.0,1,1,0,38348.386,0,4,501,Germany,Female,PLATINUM,0
691,33,6,0.0,2,1,1,140586.634,0,2,467,France,Female,DIAMOND,0
529,44,1,0.0,2,0,0,19840.819999999996,0,4,786,Spain,Female,DIAMOND,0
649,46,2,0.0,2,1,1,93258.77999999998,0,3,499,Germany,Female,SILVER,0
518,35,8,141665.63,1,0,1,269902.29600000003,0,3,701,Germany,Female,GOLD,0
666,51,2,148222.65,1,0,0,219749.956,1,2,595,Germany,Male,DIAMOND,1
540,22,4,0.0,3,1,1,260741.56399999998,1,3,530,Germany,Male,PLATINUM,1
537,41,0,0.0,2,0,1,245382.48599999998,0,5,866,France,Female,SILVER,0
668,45,4,102486.21,2,1,1,221745.94999999998,0,4,823,Spain,Male,GOLD,0
579,31,9,0.0,2,1,0,157369.37199999997,0,3,297,Spain,Female,GOLD,0
682,43,5,125851.93,1,1,1,270660.66199999995,0,4,462,France,Female,GOLD,0
677,34,10,171671.9,1,1,1,71103.878,0,1,392,Spain,Female,DIAMOND,0
457,38,6,0.0,2,1,0,242521.72599999997,0,3,629,Spain,Female,DIAMOND,0
547,44,5,0.0,3,0,0,7657.697999999999,1,1,471,Spain,Female,DIAMOND,1
598,46,7,131769.04,1,0,0,258987.322,1,2,911,Germany,Female,GOLD,1
731,47,1,115414.19,3,0,0,268443.538,1,3,611,France,Female,GOLD,1
618,37,2,168178.21,2,0,1,141797.522,0,1,576,France,Male,SILVER,0
806,40,5,80613.93,1,1,1,199989.09600000002,0,1,314,Germany,Male,SILVER,0
666,36,6,0.0,2,1,0,247385.01799999998,0,3,990,Spain,Female,GOLD,0
535,40,8,0.0,1,1,1,38780.678,0,1,514,France,Female,DIAMOND,0
658,29,5,75395.53,2,0,1,76895.88799999999,0,4,298,Germany,Male,PLATINUM,0
545,32,4,0.0,1,1,0,132649.87999999998,0,1,319,Spain,Female,PLATINUM,0
459,42,6,129634.25,2,1,1,248771.22799999997,1,3,326,Spain,Female,PLATINUM,1
688,51,5,0.0,1,1,0,128288.75399999999,1,4,320,Germany,Female,PLATINUM,1
784,23,2,0.0,1,1,1,9601.821999999998,0,5,257,Spain,Male,GOLD,0
739,38,0,128366.44,1,1,0,17930.002,0,3,631,Spain,Male,PLATINUM,0
668,28,1,124511.01,1,0,0,159976.452,0,1,529,Germany,Female,DIAMOND,0
707,33,2,58036.33,1,1,1,116685.09199999999,0,1,911,France,Female,GOLD,0
663,40,6,156218.19,1,0,1,47065.808,0,5,375,Germany,Male,SILVER,0
723,52,5,131694.97,1,0,1,130037.9,1,4,949,Germany,Male,SILVER,1
542,67,10,129431.36,1,0,1,29896.236,0,5,521,France,Male,GOLD,0
620,36,8,0.0,2,1,1,204328.186,0,5,675,Germany,Male,PLATINUM,0
787,39,10,108935.39,1,1,1,141650.62,0,5,637,Spain,Male,DIAMOND,0
619,49,9,145359.99,1,1,0,53476.59,0,4,468,Germany,Female,DIAMOND,0
744,36,2,153804.44,1,1,1,122113.662,0,3,252,Spain,Male,SILVER,0
850,39,10,0.0,2,1,1,200257.126,0,3,440,Spain,Female,DIAMOND,0
644,46,9,95441.27,1,1,0,152280.47,1,1,568,Germany,Female,SILVER,1
782,41,4,0.0,1,1,0,186136.432,0,5,480,Spain,Female,PLATINUM,0
573,27,2,128243.03,1,1,1,16298.875999999998,0,2,383,Germany,Male,DIAMOND,0
631,37,9,131519.49,2,1,1,72468.052,0,1,404,Germany,Male,SILVER,0
727,45,6,114422.85,2,1,1,146565.292,1,5,346,Germany,Male,PLATINUM,1
645,41,2,93925.3,1,1,0,173589.99599999998,1,2,751,Germany,Male,PLATINUM,1
649,40,4,95001.33,1,0,1,172499.186,0,3,993,Germany,Male,GOLD,0
635,38,0,103257.14,1,0,0,221697.482,0,2,537,Spain,Male,PLATINUM,0
762,46,6,123571.77,3,0,1,79834.83799999999,1,5,655,Germany,Male,DIAMOND,1
693,41,4,0.0,2,0,0,218949.058,0,4,448,Germany,Male,PLATINUM,0
659,32,3,150923.74,2,0,1,244528.514,0,2,849,Germany,Female,PLATINUM,0
660,38,7,0.0,2,0,1,205234.742,0,2,780,France,Male,GOLD,0
458,36,5,0.0,2,1,0,111628.29199999999,0,3,428,Spain,Male,SILVER,0
706,37,7,0.0,2,1,1,155274.02,0,1,799,Spain,Female,GOLD,0
840,30,8,136291.71,1,1,0,75773.73199999999,0,3,938,Germany,Male,PLATINUM,0
526,35,9,118536.4,1,1,0,57388.218,1,3,416,Germany,Female,DIAMOND,1
665,51,2,0.0,1,0,0,74709.704,0,1,434,France,Male,GOLD,0
623,40,7,0.0,1,1,1,36280.768,0,5,253,Spain,Female,SILVER,0
622,36,0,108960.0,2,1,0,155667.41999999998,1,1,532,Spain,Female,PLATINUM,1
765,41,4,124182.21,1,0,0,140229.80199999997,0,1,318,Germany,Male,SILVER,0
624,32,2,79368.87,2,1,1,203675.716,0,1,994,France,Female,SILVER,0
521,29,2,87212.8,1,1,1,1407.8039999999999,0,1,836,Germany,Female,PLATINUM,0
663,22,9,0.0,1,1,0,40805.246,1,5,590,Spain,Female,DIAMOND,1
643,33,7,98630.31,2,1,1,56366.147999999994,0,4,762,Germany,Male,PLATINUM,0
532,38,9,0.0,2,0,0,42832.53,0,2,396,Germany,Male,PLATINUM,0
629,35,7,156847.29,2,1,0,44569.006,0,4,837,Germany,Male,SILVER,0
655,37,1,0.0,1,1,1,148472.35799999998,0,5,226,Spain,Male,GOLD,0
654,32,1,114510.85,1,1,1,176615.522,0,4,224,Germany,Female,GOLD,0
680,47,5,0.0,2,1,1,251795.66199999995,0,1,735,France,Female,DIAMOND,0
835,18,2,142872.36,1,1,1,164700.682,0,3,650,Germany,Male,GOLD,0
653,42,1,0.0,2,1,1,8090.647999999999,0,2,397,France,Female,SILVER,0
823,37,5,164858.18,1,1,1,242938.39399999997,0,5,970,Germany,Male,DIAMOND,0
620,44,8,0.0,2,1,1,21893.514,0,5,940,Spain,Male,DIAMOND,0
704,39,2,111525.02,1,1,0,279293.94399999996,0,4,368,France,Male,SILVER,0
699,44,8,158697.61,1,1,0,150068.70799999998,0,2,963,Germany,Male,DIAMOND,0
850,63,8,169832.57,1,0,0,257765.164,1,1,965,Germany,Male,SILVER,1
813,29,6,0.0,1,1,0,47550.418,0,3,259,France,Male,PLATINUM,0
583,40,3,54428.37,1,1,0,153509.292,1,4,646,Spain,Female,PLATINUM,1
657,29,7,83889.03,1,1,0,214298.468,0,3,682,Spain,Male,SILVER,0
798,36,1,0.0,2,1,1,222676.74,0,4,604,France,Male,GOLD,0
500,40,1,99004.24,1,1,1,213999.38599999997,0,5,481,Spain,Male,GOLD,0
611,46,5,0.0,1,1,0,108762.996,1,4,749,Germany,Female,PLATINUM,1
607,28,1,135936.1,2,1,1,154799.196,0,2,571,Spain,Male,SILVER,0
609,32,7,118520.41,1,0,0,5356.672,0,1,733,Germany,Male,GOLD,0
471,23,6,104592.55,2,1,0,184445.722,0,2,485,Germany,Male,DIAMOND,0
705,24,7,100169.51,1,1,0,169986.97,0,1,566,France,Female,SILVER,0
701,23,3,0.0,2,1,0,54559.825999999994,0,2,253,France,Male,PLATINUM,0
753,50,4,0.0,2,1,1,1220.9599999999998,0,5,464,France,Female,PLATINUM,0
506,34,7,0.0,2,0,0,162193.94,0,1,929,France,Male,DIAMOND,0
601,44,3,0.0,2,1,0,42864.954,0,4,319,France,Male,SILVER,0
678,23,10,115563.71,1,1,1,128301.942,0,3,297,Germany,Male,DIAMOND,0
719,69,3,0.0,2,1,1,81663.08399999999,0,4,489,Germany,Male,SILVER,0
564,35,9,0.0,2,1,1,148187.332,0,4,505,Spain,Female,GOLD,0
657,57,8,107174.58,1,1,1,176932.37,1,2,288,Germany,Male,SILVER,1
522,32,8,124450.36,2,1,1,232115.53999999998,0,3,721,Germany,Male,GOLD,0
530,36,2,0.0,2,1,1,20625.519999999997,0,5,972,Spain,Female,GOLD,0
662,42,6,105021.28,1,1,0,67554.332,0,4,313,Spain,Female,PLATINUM,0
749,30,1,0.0,2,0,1,177187.30999999997,0,1,427,France,Male,SILVER,0
611,51,1,122874.74,1,1,1,209522.83000000002,0,1,247,Spain,Male,PLATINUM,0
725,29,6,0.0,2,1,1,267102.562,0,4,826,Germany,Female,SILVER,0
835,47,5,108289.28,2,1,1,64218.37,1,5,787,Germany,Female,GOLD,1
562,31,2,112708.2,1,0,1,260933.41999999995,0,5,249,Germany,Male,SILVER,0
657,67,5,119785.47,2,1,1,150563.048,0,1,876,Spain,Male,PLATINUM,0
730,39,1,99010.67,1,1,0,272939.12,0,5,260,France,Female,GOLD,0
624,37,0,0.0,2,0,0,156961.37,0,5,925,Germany,Male,GOLD,0
506,37,5,0.0,2,1,1,178576.33399999997,0,4,837,France,Male,SILVER,0
605,27,9,0.0,2,1,0,277343.534,0,3,580,France,Male,PLATINUM,0
509,35,8,0.0,2,0,1,94418.79199999999,0,3,825,France,Male,GOLD,0
562,37,2,0.0,1,0,1,73550.20999999999,1,3,231,France,Male,PLATINUM,1
771,66,7,143773.07,1,1,1,183174.032,0,2,625,Germany,Female,DIAMOND,0
576,55,6,44582.07,3,0,1,94570.79000000001,1,3,619,France,Female,GOLD,1
686,43,2,134896.03,1,1,1,137000.87,0,4,541,Germany,Male,PLATINUM,0
722,37,2,0.0,1,0,0,169284.562,0,4,625,Germany,Male,GOLD,0
640,44,3,137148.68,1,1,0,129348.41399999999,0,1,351,Germany,Male,PLATINUM,0
663,46,6,95439.4,1,1,1,29469.012,1,4,825,Germany,Female,DIAMOND,1
828,37,4,0.0,2,1,0,132798.62999999998,0,4,652,Germany,Male,PLATINUM,0
701,59,7,0.0,2,0,1,38651.626,0,4,387,Spain,Male,SILVER,0
655,47,10,0.0,2,1,0,234905.06799999997,0,2,989,Germany,Female,SILVER,0
754,45,6,0.0,1,1,0,103449.35199999998,1,2,560,Germany,Female,SILVER,1
600,39,7,88477.36,2,1,0,82100.318,0,5,877,Germany,Female,GOLD,0
616,36,10,78249.53,1,1,0,191723.87399999998,0,4,789,Germany,Female,SILVER,0
824,30,0,133634.02,1,1,1,226890.488,0,1,977,France,Male,PLATINUM,0
427,37,5,0.0,2,1,1,170094.13999999998,0,2,869,France,Male,PLATINUM,0
577,31,6,0.0,1,1,1,274968.35,0,4,458,Spain,Male,GOLD,0
587,45,8,134980.74,1,1,1,172648.398,1,1,314,Germany,Female,SILVER,1
850,30,8,154870.28,1,1,1,75882.93199999999,0,5,690,Germany,Female,PLATINUM,0
575,22,8,105229.34,1,1,1,48170.912,0,1,806,Spain,Female,GOLD,0
660,38,6,109869.32,1,1,1,216513.674,0,3,688,Spain,Male,PLATINUM,0
617,34,0,131244.65,2,1,0,256535.62799999997,0,5,933,France,Female,DIAMOND,0
622,58,7,116922.25,1,1,0,168596.854,1,2,475,Germany,Female,GOLD,1
812,39,5,115730.71,3,1,1,259854.07599999997,1,1,380,Germany,Male,SILVER,1
693,36,8,178111.82,1,0,0,82222.48199999999,1,2,447,Germany,Male,SILVER,1
515,33,2,0.0,2,1,1,190455.558,0,4,625,Germany,Male,PLATINUM,0
633,35,10,0.0,2,1,0,91960.658,0,1,898,Germany,Male,DIAMOND,0
700,32,8,110923.15,2,1,1,226599.134,1,2,635,France,Female,SILVER,1
612,76,6,96166.88,1,1,1,267965.564,0,5,693,Germany,Male,DIAMOND,0
619,56,7,0.0,2,1,1,59434.094,0,1,652,Spain,Female,PLATINUM,0
479,47,6,121797.09,1,0,1,8151.659999999999,1,2,451,France,Male,PLATINUM,1
636,43,6,0.0,2,1,0,60395.52999999999,0,5,748,Germany,Male,PLATINUM,0
606,34,3,161572.24,1,0,1,267521.708,0,3,893,Spain,Male,PLATINUM,0
548,46,1,0.0,1,1,1,146271.68399999998,1,4,842,France,Female,SILVER,1
718,39,2,0.0,1,1,1,73008.886,0,2,431,Spain,Female,PLATINUM,0
672,40,10,102980.44,1,1,0,1815.1339999999998,1,2,568,Germany,Male,SILVER,1
572,47,2,0.0,2,1,0,50554.579999999994,0,4,991,Germany,Female,GOLD,0
551,43,7,0.0,2,1,0,249766.15199999997,0,1,972,Germany,Male,PLATINUM,0
660,43,1,0.0,1,0,1,156851.54,1,5,720,Germany,Female,DIAMOND,1
680,37,4,0.0,2,1,0,85752.218,0,3,801,Germany,Male,SILVER,0
546,25,7,127728.24,2,1,1,147406.636,0,5,917,Spain,Male,SILVER,0
671,34,10,153360.02,1,1,0,196728.80399999997,0,4,761,Spain,Male,SILVER,0
675,32,10,0.0,2,1,0,268178.91,0,3,610,Spain,Male,GOLD,0
733,48,7,85915.52,1,1,1,33419.7,0,2,857,Germany,Male,GOLD,0
815,35,4,0.0,2,0,1,277901.46199999994,0,2,680,France,Male,DIAMOND,0
579,31,9,0.0,1,0,1,194682.19999999998,0,5,779,France,Male,SILVER,0
577,43,3,0.0,2,1,1,189027.488,0,2,524,Spain,Male,PLATINUM,0
824,26,7,146266.0,1,1,0,30680.067999999996,1,2,867,Germany,Male,GOLD,1
699,31,8,125927.51,2,1,0,206741.058,0,2,240,Spain,Male,PLATINUM,0
721,41,2,0.0,2,1,0,235522.65,0,4,672,France,Male,SILVER,0
683,34,9,114609.55,2,0,1,35490.006,0,5,739,Spain,Male,DIAMOND,0
623,40,6,0.0,2,1,1,92581.698,0,5,742,France,Male,PLATINUM,0
706,34,0,140641.26,2,1,1,108195.674,0,3,288,Germany,Male,GOLD,0
533,47,9,83347.25,1,1,1,192789.75,0,5,418,France,Male,PLATINUM,0
521,30,2,107316.09,1,1,0,90034.74799999999,0,2,945,France,Male,SILVER,0
660,33,1,0.0,2,0,0,164983.87399999998,0,1,485,Spain,Female,PLATINUM,0
550,31,5,142200.19,2,1,1,171125.394,0,4,878,Germany,Male,PLATINUM,0
678,43,5,102338.19,1,1,1,111524.468,0,3,859,France,Male,PLATINUM,0
715,34,9,102277.52,1,0,0,249008.598,1,2,338,Germany,Female,SILVER,1
678,32,5,0.0,2,1,0,126413.25799999999,0,2,783,Germany,Female,GOLD,0
548,32,2,172448.77,1,1,0,263332.278,1,2,374,France,Female,GOLD,1
568,28,5,145105.64,2,1,0,259699.75399999996,0,5,975,Germany,Male,GOLD,0
512,36,3,84327.77,2,1,0,24760.504,0,5,727,France,Female,PLATINUM,0
479,35,9,92833.89,1,1,0,139244.804,1,3,328,Germany,Male,DIAMOND,1
684,31,8,0.0,2,1,0,264106.87,0,4,515,Spain,Female,SILVER,0
684,45,6,148071.39,1,1,0,257020.014,0,3,895,Germany,Male,DIAMOND,0
512,31,6,0.0,2,1,0,235862.164,0,1,264,Spain,Male,SILVER,0
691,21,3,103000.94,1,1,1,146523.012,0,3,346,Spain,Male,SILVER,0
647,47,5,105603.21,2,1,1,220320.25999999998,0,1,364,Spain,Male,DIAMOND,0
547,38,5,167539.97,1,0,1,222905.27599999998,0,5,662,Germany,Female,PLATINUM,0
797,59,4,129321.44,1,1,1,131089.37,0,3,245,Spain,Male,GOLD,0
727,59,5,152581.06,1,1,0,100577.14,1,4,599,Germany,Male,PLATINUM,1
757,46,0,0.0,2,1,0,52459.07,0,5,748,France,Male,DIAMOND,0
410,50,2,102278.79,2,1,0,125766.47199999998,0,5,749,Germany,Female,PLATINUM,0
687,36,4,97157.96,1,0,1,88474.06999999999,0,2,817,France,Female,PLATINUM,0
850,51,3,109799.55,2,1,1,17455.863999999998,1,3,974,Spain,Male,PLATINUM,1
666,33,2,147229.65,1,1,1,78989.238,0,3,509,Germany,Female,SILVER,0
583,51,6,125268.03,2,1,0,231130.15,0,4,837,France,Male,PLATINUM,0
663,36,6,77253.5,1,0,0,50160.157999999996,1,5,944,Germany,Female,PLATINUM,1
692,45,6,152296.83,4,0,1,151272.204,1,4,489,Germany,Male,DIAMOND,1
549,31,9,135020.21,2,1,1,32695.451999999997,0,2,803,Germany,Female,DIAMOND,0
813,34,0,0.0,2,1,0,60451.81,0,2,505,France,Male,DIAMOND,0
769,73,1,0.0,1,1,1,41723.954,0,3,415,Germany,Female,DIAMOND,0
563,57,6,0.0,2,1,1,55031.472,0,2,263,Spain,Male,DIAMOND,0
739,42,2,141642.92,2,1,0,241024.664,0,2,271,France,Male,DIAMOND,0
694,37,10,143835.47,1,0,1,46672.39399999999,0,1,992,Germany,Male,PLATINUM,0
627,57,9,0.0,2,1,1,150812.38799999998,0,2,333,France,Female,PLATINUM,0
829,50,7,0.0,2,0,1,249857.40399999995,0,2,332,Spain,Male,SILVER,0
668,34,0,0.0,1,0,0,139993.804,0,1,865,Spain,Male,GOLD,0
515,65,7,92113.61,1,1,1,199582.66199999998,0,5,802,Germany,Male,PLATINUM,0
532,44,3,148595.55,1,1,0,104789.09599999999,1,1,955,Germany,Male,PLATINUM,1
508,54,10,0.0,1,1,1,246064.10399999996,0,3,661,Spain,Male,GOLD,0
704,36,3,114370.41,1,0,1,93549.67199999999,0,3,268,France,Male,PLATINUM,0
794,33,0,0.0,2,0,0,249386.79399999997,0,1,755,France,Male,DIAMOND,0
678,26,1,0.0,2,1,0,63636.151999999995,0,5,278,France,Female,DIAMOND,0
822,46,3,115074.02,2,1,0,36764.804,0,4,649,Germany,Female,GOLD,0
757,30,6,161378.02,1,0,0,100711.79199999999,1,5,878,Germany,Female,DIAMOND,1
639,38,5,0.0,2,0,0,131217.932,0,2,539,France,Female,PLATINUM,0
793,63,4,103729.79,2,1,1,112395.88399999999,0,3,650,France,Male,DIAMOND,0
850,28,9,97408.03,1,1,1,246210.096,0,3,962,Spain,Male,GOLD,0
703,35,5,140691.08,2,1,0,234949.364,0,3,811,Germany,Male,PLATINUM,0
790,37,6,0.0,2,1,1,167292.61399999997,0,4,413,Spain,Male,GOLD,0
665,40,1,173432.55,1,0,1,163488.506,0,5,870,Spain,Female,PLATINUM,0
434,55,6,0.0,1,0,1,103001.87,1,5,821,Spain,Male,PLATINUM,1
750,36,8,112940.07,1,0,1,13813.133999999998,0,3,447,Spain,Female,GOLD,0
635,27,8,127471.56,1,1,1,214097.46999999997,1,5,476,France,Female,DIAMOND,1
817,58,3,114327.59,2,1,1,59978.554,0,3,262,Germany,Male,DIAMOND,0
696,31,8,0.0,2,0,0,267518.75399999996,0,4,665,France,Female,SILVER,0
621,42,8,68683.68,1,1,1,103835.79400000001,0,4,642,Spain,Male,SILVER,0
773,39,4,0.0,2,0,1,254929.03,0,2,545,Spain,Female,GOLD,0
616,43,7,95984.21,1,0,1,161382.55599999998,1,1,564,Germany,Female,GOLD,1
638,29,9,103417.74,1,1,1,21485.96,0,4,492,Germany,Female,SILVER,0
718,38,7,0.0,2,1,0,53646.67599999999,0,2,680,Germany,Male,SILVER,0
731,70,3,0.0,2,1,1,197667.924,0,2,409,Spain,Male,DIAMOND,0
555,24,2,0.0,2,0,1,277028.17,0,4,347,Spain,Female,GOLD,0
488,22,6,0.0,2,1,1,92966.446,0,4,826,Germany,Female,SILVER,0
701,63,3,120916.52,3,0,0,202633.43,1,1,566,Germany,Male,DIAMOND,1
565,46,7,135369.71,1,0,1,196197.308,0,1,829,France,Male,DIAMOND,0
600,28,2,116623.31,1,0,1,83882.406,0,1,589,Germany,Male,DIAMOND,0
705,44,0,184552.12,1,1,0,96419.42,1,3,295,Spain,Male,DIAMOND,1
745,36,8,67226.37,1,1,0,183120.44,0,2,296,Germany,Male,DIAMOND,0
593,32,10,158537.42,1,1,0,233605.79799999998,0,5,584,Spain,Male,SILVER,0
544,29,1,118560.55,1,1,1,229807.30399999997,0,3,796,Germany,Female,GOLD,0
711,81,6,0.0,2,1,1,101201.736,0,4,774,France,Female,SILVER,0
709,39,9,124723.92,1,1,0,103113.60399999999,0,2,526,Germany,Female,SILVER,0
674,27,4,111568.01,1,0,1,30851.652,0,4,666,Germany,Female,DIAMOND,0
507,29,4,89349.47,2,0,0,252892.35199999998,0,3,889,Germany,Female,GOLD,0
648,42,2,98795.61,2,1,0,124788.586,0,5,365,Spain,Male,GOLD,0
663,45,5,83195.12,1,1,1,68169.93999999999,0,2,290,Germany,Male,GOLD,0
745,33,1,0.0,2,1,1,244218.414,0,1,552,France,Female,DIAMOND,0
756,41,2,124439.49,2,0,1,65945.35399999999,0,4,938,Germany,Male,PLATINUM,0
731,39,2,0.0,2,1,0,191446.982,0,2,665,Spain,Female,SILVER,0
584,42,3,137479.13,1,1,0,35951.74,0,3,534,Germany,Male,PLATINUM,0
608,31,7,79962.92,2,1,0,85277.408,0,4,898,France,Male,SILVER,0
559,32,9,145303.52,1,1,0,145000.37199999997,0,2,450,Germany,Male,PLATINUM,0
622,33,3,96926.12,2,1,0,67990.27799999999,0,2,776,Germany,Male,PLATINUM,0
540,40,3,165298.12,1,0,1,279822.85,0,4,656,Germany,Female,GOLD,0
649,47,8,110783.28,1,1,1,100003.224,0,3,768,Spain,Female,PLATINUM,0
769,31,4,61297.05,2,1,1,9980.228,0,4,311,Germany,Male,DIAMOND,0
640,45,1,0.0,1,1,1,15286.661999999998,0,4,391,France,Male,PLATINUM,0
570,29,4,122028.65,2,1,1,243324.87799999997,0,3,456,Germany,Male,GOLD,0
512,41,8,145150.28,1,1,0,90832.048,1,4,358,France,Female,SILVER,1
624,80,3,0.0,1,1,1,92137.016,0,1,387,Germany,Male,PLATINUM,0
661,26,8,0.0,2,0,0,275641.218,0,4,547,France,Male,GOLD,0
850,31,4,164672.66,1,0,1,86725.54,0,1,519,Germany,Female,PLATINUM,0
828,42,10,0.0,1,1,1,260514.596,0,1,526,Spain,Male,PLATINUM,0
787,25,5,0.0,2,1,0,66246.06,0,4,754,Germany,Male,DIAMOND,0
757,43,5,131433.33,2,1,1,4911.401999999999,1,1,468,Germany,Female,GOLD,1
850,39,6,0.0,2,1,0,145505.00199999998,0,3,491,Spain,Female,GOLD,0
529,35,5,95772.97,1,1,1,157909.09999999998,0,5,619,Spain,Male,DIAMOND,0
500,34,4,0.0,2,1,0,17982.543999999998,0,2,747,Germany,Female,DIAMOND,0
588,33,9,150186.22,2,1,1,91870.41399999999,0,3,485,Germany,Male,SILVER,0
669,29,7,146011.4,1,0,0,70363.824,0,1,381,France,Female,DIAMOND,0
715,35,3,0.0,1,1,1,212832.30399999997,0,4,917,Germany,Female,GOLD,0
601,44,1,100486.18,2,1,1,87764.942,0,1,650,Germany,Male,GOLD,0
555,46,4,120392.99,1,1,0,248822.832,1,5,594,Germany,Female,SILVER,1
599,35,6,137102.65,1,0,0,107634.13399999999,0,1,620,Spain,Male,SILVER,0
698,52,8,96781.39,1,1,1,214738.194,0,1,629,Germany,Male,GOLD,0
637,35,8,147127.81,2,1,1,118679.97999999998,0,2,792,Germany,Male,GOLD,0
641,32,5,122947.92,1,1,1,138831.804,0,1,977,Germany,Male,SILVER,0
643,48,8,0.0,2,1,0,244636.01999999996,0,1,976,Spain,Male,SILVER,0
603,35,1,105346.03,2,1,1,182546.3,0,5,701,Germany,Male,SILVER,0
586,46,8,106968.96,1,1,1,111128.77199999998,1,4,827,Germany,Male,PLATINUM,1
837,37,6,94001.61,2,1,0,197027.26999999996,0,2,594,Germany,Male,SILVER,0
645,42,4,98298.18,1,1,1,961.4839999999998,0,4,234,Germany,Male,DIAMOND,0
580,33,7,131647.01,2,0,0,111700.266,0,2,769,Germany,Female,PLATINUM,0
667,42,6,0.0,1,1,0,124461.06999999999,0,3,905,France,Male,PLATINUM,0
620,29,9,0.0,2,1,0,18402.431999999997,0,4,367,Spain,Male,PLATINUM,0
704,36,7,120026.98,2,0,1,140857.422,0,1,348,France,Male,GOLD,0
706,53,3,0.0,3,0,0,123885.628,1,3,390,Spain,Female,SILVER,1
500,44,9,160838.13,2,1,0,274781.29600000003,0,2,978,Germany,Male,SILVER,0
625,52,5,164978.01,1,1,1,94918.886,0,3,482,France,Male,PLATINUM,0
511,48,6,149726.08,1,0,0,123646.01799999998,1,2,527,Germany,Male,GOLD,1
621,40,7,0.0,2,0,1,183812.04,1,4,499,Spain,Female,PLATINUM,1
850,40,0,0.0,2,1,0,1554.93,0,4,980,Germany,Female,PLATINUM,0
629,49,4,0.0,2,1,1,274884.672,0,5,921,Germany,Female,PLATINUM,0
691,33,1,128306.83,1,1,1,159028.10599999997,0,2,459,France,Female,PLATINUM,0
466,36,5,119540.15,1,0,1,112860.586,0,1,513,Germany,Female,PLATINUM,0
647,33,7,121260.19,2,1,0,108118.07199999999,0,1,335,Spain,Male,PLATINUM,0
627,49,4,111087.5,1,0,1,205367.34999999998,0,5,900,Spain,Male,SILVER,0
670,30,3,133446.34,1,0,0,4431.929999999999,0,5,317,Spain,Male,GOLD,0
620,42,1,0.0,2,0,1,91807.28799999999,0,2,615,France,Female,PLATINUM,0
549,31,4,0.0,2,0,1,35973.78999999999,0,1,427,France,Male,PLATINUM,0
769,27,7,188614.07,1,1,0,239896.72599999997,0,1,883,Germany,Male,GOLD,0
729,42,1,0.0,2,1,1,209365.35799999998,0,5,263,Spain,Female,SILVER,0
748,40,0,0.0,1,0,0,84598.46399999999,0,4,724,Germany,Male,SILVER,0
751,29,1,135536.5,1,1,0,93570.462,0,5,275,France,Male,GOLD,0
610,36,4,129440.3,2,1,0,143708.69,0,4,975,Germany,Male,PLATINUM,0
690,54,1,144027.8,1,1,1,152238.42799999999,1,5,480,Germany,Female,SILVER,1
700,29,8,0.0,2,0,1,212950.82799999998,0,4,255,Spain,Male,GOLD,0
850,38,1,146343.98,1,0,1,145477.954,0,4,973,Spain,Male,GOLD,0
633,33,3,0.0,2,1,0,267570.42799999996,0,5,674,Germany,Female,PLATINUM,0
577,40,1,0.0,2,1,1,152316.8,0,1,530,Spain,Female,GOLD,0
615,35,2,97440.02,2,1,1,195757.54,0,3,287,France,Female,SILVER,0
490,37,3,116465.53,1,0,1,34225.078,0,5,645,France,Female,SILVER,0
675,36,9,106190.55,1,0,1,32207.048,0,4,749,Spain,Male,SILVER,0
552,45,9,0.0,2,1,0,37468.584,0,2,723,Spain,Male,DIAMOND,0
655,50,10,0.0,4,1,0,250990.11599999998,1,1,889,France,Female,GOLD,1
595,43,5,0.0,2,0,0,147224.72,0,1,430,Spain,Female,SILVER,0
660,31,9,125189.75,2,1,1,195839.202,0,5,612,Germany,Male,GOLD,0
809,41,1,79706.25,2,1,0,231960.014,0,5,464,Germany,Male,DIAMOND,0
623,23,1,106012.2,2,0,1,267997.316,0,2,919,France,Male,GOLD,0
684,48,3,73309.38,1,0,0,29734.676,1,3,579,France,Female,DIAMOND,1
650,31,1,160566.11,2,0,0,37918.334,0,1,404,France,Female,DIAMOND,0
535,38,8,127475.24,1,0,0,85101.064,1,2,785,Germany,Male,SILVER,1
477,27,1,128554.98,1,1,1,186457.466,0,1,248,France,Male,PLATINUM,0
695,44,8,0.0,2,1,1,99378.782,0,2,544,Spain,Male,DIAMOND,0
847,37,9,112712.17,1,1,0,162551.164,0,1,355,Spain,Female,GOLD,0
764,39,5,81042.42,1,0,1,153742.23799999998,0,4,225,Germany,Female,DIAMOND,0
640,26,5,90402.77,1,1,1,4633.11,0,5,412,Germany,Male,DIAMOND,0
750,37,1,133199.71,2,1,1,38328.477999999996,0,4,959,Germany,Female,PLATINUM,0
614,36,5,0.0,2,1,0,182870.09199999998,0,1,877,Spain,Male,GOLD,0
701,37,3,0.0,2,1,1,229990.59199999998,0,5,647,France,Female,GOLD,0
661,35,5,0.0,1,1,0,217567.32799999998,0,1,698,France,Male,GOLD,0
515,48,5,129387.94,1,0,1,207153.274,1,3,269,Germany,Male,SILVER,1
607,37,4,135927.06,1,0,0,253261.55999999997,0,1,476,Germany,Female,PLATINUM,0
608,62,8,144976.5,1,0,0,246185.44199999998,1,1,836,Germany,Female,GOLD,1
630,29,6,131354.39,1,0,1,13069.033999999998,1,4,846,Germany,Male,SILVER,1
511,58,0,149117.31,1,1,1,227654.314,0,1,517,Germany,Male,GOLD,0
784,33,10,0.0,2,1,0,226846.45799999998,0,3,562,Spain,Male,PLATINUM,0
725,45,1,129855.32,1,0,0,33921.11,0,2,917,Germany,Male,SILVER,0
551,30,2,143340.44,1,1,0,204130.08599999998,0,2,911,Germany,Female,DIAMOND,0
613,29,0,0.0,2,0,1,187471.248,0,5,291,Spain,Male,SILVER,0
606,47,3,93578.68,2,0,1,192823.78399999999,1,5,537,France,Male,GOLD,1
521,77,6,0.0,2,1,1,68690.73999999999,0,4,366,Germany,Female,DIAMOND,0
613,69,9,78778.49,1,0,1,12267.225999999999,0,2,680,Germany,Male,GOLD,0
567,45,1,157320.51,1,1,0,87086.488,0,4,630,Spain,Female,PLATINUM,0
650,39,4,0.0,2,0,0,260800.98,0,2,802,France,Female,DIAMOND,0
741,19,8,108711.57,2,1,0,34815.149999999994,0,3,812,Germany,Female,SILVER,0
579,39,3,166501.17,2,1,0,131384.89599999998,0,2,340,France,Female,PLATINUM,0
752,38,10,101648.5,2,1,0,240817.01599999997,0,1,296,Germany,Female,PLATINUM,0
643,20,0,133313.34,1,1,1,5566.965999999999,0,2,948,Spain,Female,DIAMOND,0
594,61,3,62391.22,1,1,1,269422.75399999996,0,4,968,France,Male,SILVER,0
513,30,5,0.0,2,1,0,227548.12399999998,0,2,444,Germany,Male,DIAMOND,0
656,34,6,59877.33,1,1,0,19660.668,1,5,248,Spain,Female,SILVER,1
778,35,1,151958.19,3,1,1,183748.718,1,4,420,Germany,Female,GOLD,1
561,56,7,152759.0,2,1,0,186448.95399999997,1,2,377,Germany,Male,GOLD,1
499,38,9,0.0,2,0,1,256274.08,0,2,642,France,Female,GOLD,0
520,39,6,145644.05,1,0,0,145781.50199999998,0,3,467,France,Female,PLATINUM,0
350,51,10,0.0,1,1,1,176168.30599999998,1,4,383,Germany,Male,GOLD,1
584,28,10,0.0,2,1,0,27783.048,0,3,706,France,Male,GOLD,0
628,55,7,0.0,3,1,0,120262.04999999999,1,3,791,Spain,Female,DIAMOND,1
651,40,4,0.0,2,1,1,206817.16199999998,0,5,771,Germany,Male,SILVER,0
513,43,9,0.0,2,1,0,213514.71999999997,0,1,301,France,Female,SILVER,0
596,48,2,131326.47,1,0,0,1611.0279999999998,1,2,912,Germany,Male,DIAMOND,1
469,37,9,96776.49,1,1,1,167862.204,0,4,406,Spain,Male,PLATINUM,0
696,31,3,150604.52,1,0,0,7808.24,0,5,326,Germany,Male,PLATINUM,0
717,22,6,101060.25,1,0,1,118594.38399999999,0,2,666,Spain,Female,GOLD,0
711,38,2,129022.06,2,1,1,20139.804,1,4,321,Germany,Female,DIAMOND,1
678,48,2,0.0,2,1,1,45237.632,0,2,870,Germany,Female,GOLD,0
605,48,10,150315.92,1,0,1,186895.90399999998,0,4,653,Spain,Female,GOLD,0
420,31,1,108377.75,2,1,1,13881.481999999998,0,2,593,Germany,Female,DIAMOND,0
631,33,7,0.0,1,1,1,81275.22799999999,1,2,715,France,Male,SILVER,1
713,32,1,117094.02,1,0,0,209397.36199999996,1,3,829,Germany,Female,PLATINUM,1
608,42,8,131390.75,2,1,0,99664.32599999999,0,1,246,Germany,Male,SILVER,0
775,36,2,109949.05,2,0,1,100370.55599999998,0,1,826,Germany,Male,GOLD,0
714,54,7,126113.28,1,1,0,157903.332,0,3,699,Germany,Male,GOLD,0
658,31,3,133003.03,1,0,1,204889.97799999997,1,3,879,Germany,Female,SILVER,1
834,34,5,0.0,2,0,0,74826.93999999999,0,5,709,Spain,Male,GOLD,0
677,26,6,98723.67,1,0,1,211620.33800000002,0,5,425,Germany,Female,GOLD,0
494,25,6,0.0,2,0,1,153998.32599999997,0,1,376,Germany,Male,PLATINUM,0
806,30,8,168078.83,1,1,0,119054.704,1,1,709,Germany,Male,PLATINUM,1
601,35,2,0.0,2,1,1,166591.452,0,5,552,Germany,Male,PLATINUM,0
592,62,5,0.0,1,1,1,141333.198,0,1,938,France,Female,PLATINUM,0
751,39,3,0.0,2,1,1,117860.47599999998,0,4,254,Germany,Female,DIAMOND,0
601,42,4,96763.89,1,1,1,278954.70999999996,0,2,235,Spain,Female,PLATINUM,0
578,35,2,0.0,2,0,1,36960.88799999999,0,1,579,France,Female,SILVER,0
650,23,5,0.0,1,1,1,252886.40199999997,0,3,918,Spain,Female,GOLD,0
705,57,3,0.0,2,1,1,47802.795999999995,0,4,778,Spain,Female,PLATINUM,0
656,46,7,141535.52,1,1,0,70848.20999999999,1,1,806,Germany,Female,GOLD,1
645,45,4,0.0,1,0,1,244898.59,1,5,668,Spain,Male,PLATINUM,1
507,35,2,0.0,2,1,0,136702.50199999998,0,4,412,France,Female,DIAMOND,0
454,40,2,123177.01,1,1,0,207648.972,0,1,247,Spain,Male,SILVER,0
711,53,5,123805.03,1,1,0,143414.914,0,5,806,Germany,Female,GOLD,0
741,39,7,143637.58,2,0,1,243933.724,0,4,437,Spain,Male,PLATINUM,0
633,33,4,92855.02,1,1,1,223753.452,0,3,804,Spain,Female,SILVER,0
565,38,7,145400.69,2,1,1,117397.70599999998,0,2,289,Germany,Female,GOLD,0
655,34,1,116114.93,1,1,1,69304.01,0,5,601,Spain,Male,GOLD,0
699,31,6,114493.68,1,0,0,193769.848,0,4,351,Spain,Male,DIAMOND,0
625,31,8,0.0,2,1,0,212595.956,0,2,617,Spain,Female,SILVER,0
606,40,9,95293.86,2,0,1,135794.812,0,4,408,Germany,Male,PLATINUM,0
647,64,1,91216.0,1,1,1,58535.25199999999,0,1,402,Spain,Female,DIAMOND,0
589,55,7,119961.48,1,1,0,91234.56199999999,1,5,248,Germany,Male,PLATINUM,1
652,38,6,0.0,2,1,1,203995.308,0,2,691,Germany,Male,PLATINUM,0
732,61,9,94867.18,2,1,1,220553.63999999998,1,3,507,Germany,Female,GOLD,1
691,29,9,0.0,2,0,0,279505.30199999997,0,4,728,Germany,Female,GOLD,0
680,30,4,108300.27,2,0,1,62153.397999999994,1,3,860,Germany,Male,DIAMOND,1
609,40,10,137389.77,2,1,0,238186.10799999998,0,1,988,Germany,Female,GOLD,0
415,53,5,167259.44,1,1,1,31315.149999999998,0,2,929,Spain,Male,DIAMOND,0
727,31,0,0.0,1,1,0,170466.45599999998,1,2,274,Spain,Female,SILVER,1
508,49,1,93817.41,2,1,1,185471.264,1,5,757,France,Male,DIAMOND,1
551,54,5,102994.04,1,1,0,247367.224,1,2,289,Germany,Male,DIAMOND,1
655,41,8,125561.97,1,0,0,229672.316,1,3,343,Germany,Male,SILVER,1
729,29,5,109676.52,1,1,1,35782.858,0,4,790,Germany,Male,PLATINUM,0
568,46,8,150836.92,1,0,0,90338.52,1,2,525,Germany,Male,DIAMOND,1
452,35,4,148172.44,1,1,1,5860.952,0,3,939,France,Male,GOLD,0
685,33,1,0.0,3,0,1,98324.582,1,3,797,France,Female,PLATINUM,1
667,40,8,72945.29,2,1,0,138519.09999999998,0,3,616,France,Male,SILVER,0
680,30,3,0.0,1,1,0,224199.21199999997,0,4,916,Spain,Female,GOLD,0
740,33,2,126524.11,1,1,0,191632.03399999999,0,1,464,Germany,Male,GOLD,0
644,44,5,73348.56,1,1,0,220048.506,1,5,354,Germany,Male,GOLD,1
511,29,9,0.0,2,0,1,196962.772,0,4,390,Spain,Female,DIAMOND,0
629,34,1,121151.05,1,0,0,167116.10199999998,0,1,938,Spain,Male,PLATINUM,0
708,46,7,68799.72,1,1,1,55600.795999999995,0,5,287,Spain,Male,PLATINUM,0
577,41,4,89015.61,1,0,1,189333.122,0,4,719,Spain,Male,DIAMOND,0
655,37,5,93147.0,2,1,0,92714.782,0,1,435,Germany,Male,GOLD,0
564,28,1,0.0,1,1,1,227414.26999999996,0,3,434,France,Female,PLATINUM,0
850,47,4,99219.47,2,1,1,171012.582,0,1,630,Germany,Female,GOLD,0
729,44,6,0.0,2,1,0,212441.80199999997,0,3,807,Germany,Male,GOLD,0
790,33,10,135120.72,1,0,0,273301.986,0,3,522,France,Female,DIAMOND,0
648,44,9,111369.79,2,1,1,128741.836,0,1,600,Germany,Male,PLATINUM,0
776,39,8,125211.55,2,1,0,202309.498,0,3,476,France,Male,SILVER,0
592,54,8,0.0,1,1,1,40247.793999999994,1,2,359,France,Male,PLATINUM,1
619,38,6,0.0,2,1,1,164677.80599999998,0,5,968,Spain,Female,GOLD,0
548,39,7,131468.44,1,1,0,230981.148,0,1,668,Spain,Male,DIAMOND,0
649,37,8,114737.26,1,1,1,149333.232,1,1,381,Germany,Female,DIAMOND,1
580,61,8,125921.37,1,1,1,132563.962,0,5,700,Spain,Male,DIAMOND,0
498,30,1,0.0,2,0,0,190128.742,0,5,371,Germany,Female,GOLD,0
635,37,3,0.0,2,1,0,127536.42199999999,0,2,413,Spain,Female,PLATINUM,0
834,49,2,131394.56,1,0,0,272127.064,1,2,567,Germany,Female,GOLD,1
614,66,2,0.0,2,0,1,252130.78,0,5,778,Spain,Male,SILVER,0
850,44,2,112755.34,2,0,0,221454.90399999998,0,5,842,Germany,Male,SILVER,0
444,36,7,0.0,2,0,1,194256.40399999998,0,5,488,Germany,Male,GOLD,0
664,36,6,71142.77,2,1,0,171421.32599999997,0,3,856,Germany,Male,DIAMOND,0
741,35,6,74371.49,1,0,0,139448.938,0,2,295,Spain,Male,SILVER,0
710,47,5,158623.14,1,0,0,116914.84599999999,1,2,720,Germany,Male,PLATINUM,1
606,40,6,119501.88,2,1,0,65499.916,0,3,313,France,Male,SILVER,0
593,32,6,99162.29,1,1,0,179752.754,0,5,501,Germany,Male,PLATINUM,0
746,36,7,142400.77,1,1,1,270829.16599999997,0,4,452,Germany,Male,DIAMOND,0
634,31,8,76798.92,1,0,0,274445.422,0,4,373,Germany,Female,DIAMOND,0
644,50,9,76817.0,4,1,0,274934.582,1,4,381,Germany,Male,PLATINUM,1
799,63,1,110314.21,2,1,0,52464.6,1,3,982,Germany,Female,GOLD,1
565,58,3,108888.24,3,0,1,190240.714,1,3,936,Germany,Female,PLATINUM,1
726,29,7,0.0,2,1,1,128596.79599999999,1,4,525,France,Male,DIAMOND,1
621,39,8,0.0,2,1,0,50587.14399999999,0,2,399,Spain,Male,PLATINUM,0
690,44,9,100368.63,2,0,0,49494.262,0,3,652,Germany,Male,DIAMOND,0
606,48,4,132403.56,1,0,0,50543.674,1,2,239,Germany,Male,SILVER,1
624,48,3,122388.38,2,0,0,42043.126,0,2,300,Germany,Female,PLATINUM,0
786,34,3,137361.96,1,0,0,257169.92599999998,0,1,872,Germany,Male,SILVER,0
620,33,9,127638.35,1,1,1,269819.598,0,2,466,France,Female,DIAMOND,0
621,40,6,0.0,1,1,0,217232.34999999998,0,5,959,Germany,Female,PLATINUM,0
850,40,4,97990.49,2,0,0,149382.42799999999,0,1,251,Germany,Female,PLATINUM,0
740,37,7,0.0,2,1,1,271994.274,0,1,741,France,Female,DIAMOND,0
659,49,1,0.0,1,1,0,162764.60799999998,1,4,219,Germany,Female,PLATINUM,1
586,34,5,168094.01,1,0,0,28097.054,0,3,287,Spain,Male,GOLD,0
636,67,7,136709.35,1,0,1,93469.34,1,5,756,Germany,Male,PLATINUM,1
551,36,5,0.0,1,1,0,256885.76799999998,0,4,960,Germany,Female,PLATINUM,0
767,24,5,0.0,2,1,1,94439.19,0,4,900,Spain,Female,GOLD,0
798,38,4,129055.13,1,1,0,220021.626,0,2,879,Germany,Female,GOLD,0
502,42,8,159660.8,3,1,0,159519.198,1,3,377,France,Female,DIAMOND,1
479,35,2,113090.4,1,1,0,273924.706,0,4,889,France,Female,GOLD,0
687,35,9,0.0,2,0,1,102402.348,0,5,900,France,Male,PLATINUM,0
607,39,2,84468.67,2,1,1,170738.588,0,5,331,Germany,Male,SILVER,0
767,48,9,0.0,2,0,1,245656.49399999998,0,5,741,Germany,Male,DIAMOND,0
601,46,3,98202.76,1,0,0,192884.50199999998,0,5,642,Germany,Female,GOLD,0
702,26,4,135219.57,1,0,1,83661.68199999999,0,4,267,Spain,Female,DIAMOND,0
668,30,8,0.0,2,1,0,193866.98,0,5,443,Spain,Female,PLATINUM,0
850,30,3,104911.35,2,1,1,60121.564,0,3,334,Germany,Female,PLATINUM,0
782,36,5,81210.72,2,0,1,151219.732,0,2,942,France,Male,SILVER,0
599,49,10,143888.22,2,1,1,232745.932,1,4,383,Germany,Female,SILVER,1
590,23,7,0.0,2,1,0,275520.86,0,1,469,Spain,Female,SILVER,0
712,23,2,0.0,2,0,1,93529.09199999999,0,5,863,Germany,Male,PLATINUM,0
769,25,10,0.0,2,0,0,263111.05,0,3,865,France,Female,DIAMOND,0
632,29,7,80922.75,1,1,0,10964.091999999999,0,2,434,Spain,Female,SILVER,0
651,26,5,147037.32,1,0,0,198483.564,0,5,637,Germany,Male,SILVER,0
773,37,2,103195.2,2,1,0,249590.70399999997,0,4,890,Spain,Male,SILVER,0
527,30,6,126663.51,1,1,1,227190.074,0,4,617,Germany,Female,SILVER,0
705,50,4,77065.9,2,0,1,203237.964,0,4,726,France,Female,PLATINUM,0
735,55,6,134140.68,1,1,0,3190.032,0,4,425,France,Male,DIAMOND,0
666,40,5,0.0,2,1,0,207044.26999999996,0,2,608,France,Male,PLATINUM,0
586,46,0,0.0,3,0,1,184190.348,1,1,272,France,Female,GOLD,1
633,32,1,104001.38,1,0,1,51314.71,0,3,511,Germany,Female,DIAMOND,0
431,42,8,120822.86,2,1,0,176629.536,0,5,712,Germany,Male,GOLD,0
508,25,2,111395.53,1,0,1,67490.88399999999,0,5,337,Germany,Female,PLATINUM,0
567,41,0,134378.89,1,1,1,148060.716,0,5,624,Germany,Male,DIAMOND,0
624,46,3,0.0,2,1,1,87970.04199999999,0,2,591,Spain,Male,SILVER,0
768,42,5,0.0,3,0,0,84975.95999999999,0,1,265,France,Male,DIAMOND,0
619,55,0,0.0,3,0,0,85149.896,1,1,734,Germany,Female,DIAMOND,1
732,43,9,0.0,2,1,0,256421.038,0,4,292,Germany,Female,GOLD,0
777,39,8,0.0,2,1,1,26073.928,0,1,370,Germany,Male,PLATINUM,0
717,28,4,128206.79,1,1,1,75995.968,0,1,931,France,Male,SILVER,0
796,52,9,167194.36,1,1,1,87947.502,1,3,424,Germany,Female,PLATINUM,1
562,51,7,122822.0,2,0,0,45691.693999999996,0,3,461,France,Female,GOLD,0
724,36,6,94615.11,2,1,1,14893.093999999997,0,3,607,Germany,Male,GOLD,0
753,46,3,111512.75,3,1,0,223422.44999999998,1,1,642,Germany,Female,DIAMOND,1
509,29,1,0.0,2,1,0,96773.396,0,2,321,Spain,Male,DIAMOND,0
633,46,3,0.0,2,1,0,168365.812,0,2,477,Spain,Female,DIAMOND,0
784,28,2,70233.74,2,1,1,250968.822,0,5,827,Germany,Male,GOLD,0
664,36,0,103502.22,1,1,1,204683.548,0,2,825,France,Female,SILVER,0
744,31,0,117551.23,1,1,0,222557.46,0,3,633,Spain,Male,PLATINUM,0
664,31,9,114519.57,2,0,1,110925.828,0,4,399,Germany,Female,SILVER,0
488,43,10,112751.13,1,1,1,39679.799999999996,0,2,488,Germany,Male,PLATINUM,0
520,35,9,105387.89,1,1,1,35097.684,0,5,471,France,Male,DIAMOND,0
537,47,4,124192.28,2,1,1,71249.114,0,5,666,Germany,Female,SILVER,0
760,32,2,0.0,1,1,1,160406.49,0,4,625,Spain,Female,GOLD,0
689,38,5,75075.14,1,1,1,12127.688,1,4,731,Spain,Male,GOLD,1
578,28,8,161592.76,1,1,0,248983.706,0,2,336,Spain,Female,GOLD,0
583,27,4,105907.42,2,1,1,274039.85599999997,0,5,267,Germany,Male,PLATINUM,0
616,40,9,0.0,2,0,0,131219.57,0,1,752,Germany,Male,SILVER,0
467,39,5,0.0,2,1,1,10397.344,0,5,994,Spain,Male,SILVER,0
756,39,3,100717.85,3,1,1,102783.45599999999,1,1,439,Germany,Female,SILVER,1
816,34,2,108410.87,2,1,0,144087.474,0,4,555,Germany,Female,PLATINUM,0
505,35,8,116932.59,1,1,0,127544.97599999998,0,4,671,Spain,Male,PLATINUM,0
629,32,2,0.0,2,0,1,109166.616,0,2,627,France,Male,SILVER,0
682,40,4,0.0,1,0,1,147508.57,0,1,334,France,Male,DIAMOND,0
439,43,8,0.0,1,0,1,146860.02,0,1,663,Germany,Female,GOLD,0
771,36,5,77846.9,1,0,0,139743.386,0,5,895,Germany,Female,PLATINUM,0
803,36,1,0.0,2,1,1,209134.30199999997,0,3,986,Germany,Male,SILVER,0
592,27,3,0.0,2,1,1,27518.91,0,5,434,Germany,Male,PLATINUM,0
834,33,5,0.0,2,1,0,92814.25199999998,0,1,746,Spain,Male,PLATINUM,0
479,40,1,0.0,2,0,0,161010.00199999998,0,3,909,France,Male,SILVER,0
659,36,4,132578.92,2,1,0,118064.31599999999,0,1,367,Germany,Male,DIAMOND,0
641,31,3,153316.14,1,1,0,83914.18599999999,0,4,667,Spain,Male,DIAMOND,0
554,39,10,0.0,2,1,1,25763.701999999997,0,2,565,France,Female,DIAMOND,0
675,33,6,0.0,2,1,0,47678.854,0,1,872,Germany,Female,DIAMOND,0
806,31,9,0.0,2,0,1,196250.70399999997,0,4,315,France,Male,SILVER,0
766,34,6,106434.94,1,0,1,193208.924,1,1,384,Germany,Female,DIAMOND,1
850,33,8,73059.38,1,1,1,260808.4,0,5,430,Germany,Male,PLATINUM,0
574,54,1,99774.5,1,0,0,6869.553999999999,1,5,222,Germany,Male,SILVER,1
850,45,5,174088.3,4,1,0,7952.034,1,1,240,Spain,Female,GOLD,1
658,20,7,0.0,2,0,0,262708.676,0,4,275,Germany,Male,DIAMOND,0
508,44,3,115451.05,2,0,0,94143.06199999999,0,5,654,France,Male,GOLD,0
670,40,3,47364.45,1,1,1,208026.202,1,2,578,Germany,Female,PLATINUM,1
453,37,4,131834.76,2,1,0,12543.880000000001,0,5,549,Germany,Female,DIAMOND,0
634,37,7,143258.85,2,1,0,269825.772,0,2,760,Germany,Female,DIAMOND,0
641,40,9,0.0,1,0,0,212323.12399999998,1,5,832,France,Female,GOLD,1
842,37,4,132446.08,2,1,0,121914.65199999999,1,4,304,Germany,Female,PLATINUM,1
814,31,1,118870.92,1,1,0,142400.86599999998,0,3,400,France,Male,DIAMOND,0
700,30,4,116377.48,1,1,1,188199.234,0,1,635,Germany,Female,SILVER,0
668,46,2,0.0,3,1,0,124682.844,1,1,943,Germany,Female,DIAMOND,1
813,32,1,122889.88,1,1,1,37081.651999999995,0,3,622,Germany,Male,DIAMOND,0
734,52,6,71283.09,2,0,1,54593.118,0,1,618,Germany,Female,SILVER,0
505,45,9,131355.3,3,1,0,273568.46199999994,1,2,661,Spain,Female,PLATINUM,1
660,35,9,113948.58,1,1,0,264463.74399999995,1,3,959,Germany,Male,PLATINUM,1
763,32,1,108465.65,2,1,0,84788.416,1,4,751,Germany,Female,GOLD,1
787,38,3,158373.23,1,1,1,39534.689999999995,0,4,615,Germany,Female,PLATINUM,0
697,25,5,82931.85,2,1,1,179738.432,0,1,282,Spain,Female,PLATINUM,0
629,37,1,35549.81,2,0,0,69561.862,0,3,649,Germany,Female,PLATINUM,0
641,33,2,146193.6,2,1,1,78130.56199999999,1,1,307,Germany,Male,DIAMOND,1
650,20,8,0.0,2,1,1,158872.50999999998,0,4,776,Spain,Male,PLATINUM,0
614,35,1,0.0,2,1,1,4694.668,0,1,519,Germany,Female,GOLD,0
526,38,2,0.0,2,0,0,81230.372,0,5,708,Spain,Male,SILVER,0
833,39,3,0.0,2,1,0,2410.246,0,1,779,Germany,Female,DIAMOND,0
609,41,6,0.0,1,0,1,157634.266,0,4,887,Germany,Male,GOLD,0
844,38,7,111501.66,1,1,1,167081.732,0,5,962,France,Male,SILVER,0
586,38,6,0.0,2,1,1,53125.162,0,4,252,Germany,Female,PLATINUM,0
596,33,1,138162.81,1,1,0,119592.55599999998,0,2,776,Germany,Female,DIAMOND,0
592,28,2,116498.22,1,1,0,202021.34999999998,0,4,238,Germany,Male,DIAMOND,0
817,59,1,118962.58,1,1,1,169162.41199999998,0,3,949,Germany,Male,GOLD,0
614,46,4,0.0,1,1,0,104146.398,1,5,445,Germany,Male,DIAMOND,1
635,29,8,138296.94,2,1,0,197520.714,0,1,608,Spain,Female,PLATINUM,0
437,26,1,120923.52,1,0,1,110411.398,0,2,310,France,Female,GOLD,0
591,33,9,131765.72,1,1,0,166309.884,0,5,597,Germany,Male,GOLD,0
684,41,7,0.0,1,1,1,193767.118,0,2,795,Spain,Female,SILVER,0
746,21,8,166883.07,2,0,1,272404.11,0,3,261,France,Female,GOLD,0
592,35,6,80285.16,1,1,0,101765.25,1,5,653,Spain,Male,DIAMOND,1
633,29,0,138577.34,1,1,0,270723.186,0,1,503,Germany,Female,DIAMOND,0
695,56,1,0.0,3,1,0,262843.28599999996,1,2,231,Spain,Male,DIAMOND,1
680,31,10,113292.17,1,1,1,171710.62199999997,0,3,714,France,Male,GOLD,0
721,28,9,154475.54,2,0,1,141836.316,1,5,541,Germany,Male,PLATINUM,1
808,24,4,122168.65,1,1,0,243764.856,0,4,233,Germany,Male,GOLD,0
629,29,6,0.0,2,1,1,124394.92,0,4,274,Spain,Male,PLATINUM,0
658,40,5,143566.12,1,1,1,265465.794,0,2,227,Germany,Female,PLATINUM,0
757,26,8,121581.56,2,1,1,177897.656,0,5,595,Germany,Male,SILVER,0
581,50,2,143829.2,2,1,0,253728.93599999996,1,5,805,Germany,Male,DIAMOND,1
672,56,2,209767.31,2,1,1,210987.188,1,5,742,Spain,Female,PLATINUM,1
600,58,8,118723.11,1,0,0,8708.314,1,3,313,Germany,Female,SILVER,1
620,42,4,106920.91,1,0,1,167660.91199999998,0,5,396,Spain,Male,GOLD,0
539,29,4,0.0,2,1,1,141301.86599999998,0,5,281,Germany,Female,SILVER,0
743,40,8,68155.59,1,1,0,132842.31,0,1,413,France,Male,GOLD,0
777,46,0,107362.8,1,1,0,697.22,0,1,258,Germany,Female,SILVER,0
837,38,2,0.0,2,1,1,64968.293999999994,0,4,459,Germany,Female,SILVER,0
850,42,6,84445.68,3,0,1,84044.87599999999,1,1,411,Germany,Male,DIAMOND,1
685,43,9,0.0,2,1,0,150950.792,0,4,808,Spain,Male,SILVER,0
781,38,2,117810.79,1,0,1,91900.262,1,3,399,France,Male,SILVER,1
600,37,8,177657.35,1,1,1,108014.248,0,2,224,Spain,Male,GOLD,0
552,42,4,0.0,2,0,0,273984.22,0,3,785,Spain,Male,SILVER,0
642,36,4,0.0,2,1,1,273329.874,0,2,289,France,Male,PLATINUM,0
703,45,7,0.0,2,1,1,96379.408,0,1,662,France,Female,PLATINUM,0
713,24,7,147687.24,1,1,1,170244.5,0,2,306,Germany,Female,DIAMOND,0
644,38,3,0.0,2,1,1,111914.774,0,4,554,France,Male,SILVER,0
564,31,4,0.0,2,1,0,74943.04199999999,0,4,363,France,Male,PLATINUM,0
778,33,5,116474.28,2,1,1,45875.57,0,2,445,Spain,Male,GOLD,0
608,30,8,0.0,2,1,0,180441.204,0,2,657,Germany,Female,GOLD,0
516,37,8,113143.12,1,0,0,4723.704,0,2,372,Germany,Female,DIAMOND,0
657,37,4,82500.28,1,1,1,161380.008,0,5,603,Germany,Male,SILVER,0
581,54,4,89299.81,1,0,0,7796.858,1,4,269,France,Male,PLATINUM,1
721,32,10,0.0,1,1,0,190582.944,1,5,579,Spain,Female,SILVER,1
850,42,9,113311.11,1,1,1,277486.25,0,1,988,France,Female,SILVER,0
766,45,6,97652.96,1,1,0,178280.262,0,2,883,Germany,Female,DIAMOND,0
750,22,3,121681.82,1,1,0,180115.69,1,2,852,Spain,Male,SILVER,1
488,33,4,140002.35,1,1,0,173074.33399999997,0,1,935,Germany,Female,GOLD,0
518,38,10,84764.79,1,1,1,227170.46,0,4,289,France,Female,SILVER,0
704,41,4,109026.8,2,1,1,60378.939999999995,0,2,345,Germany,Male,DIAMOND,0
850,35,2,128548.49,4,1,0,105685.52999999998,1,3,507,Germany,Female,PLATINUM,1
537,47,6,103163.35,1,1,0,22778.496,1,3,367,Germany,Female,SILVER,1
552,38,10,132271.12,2,1,1,65201.827999999994,0,1,925,Germany,Male,PLATINUM,0
609,53,10,0.0,1,1,1,216515.074,0,3,498,Spain,Male,SILVER,0
461,34,5,63663.93,1,0,1,234912.99199999997,0,1,497,Germany,Female,SILVER,0
469,52,8,139493.25,3,0,0,210145.648,1,4,642,Germany,Female,GOLD,1
647,33,3,168560.46,2,0,0,126393.224,0,2,226,Germany,Female,DIAMOND,0
748,33,1,142645.43,1,0,0,96800.724,0,5,848,France,Male,GOLD,0
756,41,6,149049.92,1,0,1,70606.30399999999,1,4,783,Germany,Male,DIAMOND,1
772,30,6,99785.28,2,0,0,276148.24199999997,0,3,410,Germany,Male,PLATINUM,0
627,38,8,106922.92,2,0,1,117993.12599999999,0,5,305,Germany,Male,GOLD,0
543,37,8,140894.06,2,1,1,165297.86599999998,0,1,623,Germany,Male,GOLD,0
747,40,3,0.0,1,0,0,80959.976,1,2,929,Germany,Female,DIAMOND,1
438,54,2,0.0,1,0,0,268483.298,1,3,281,Spain,Female,SILVER,1
850,56,1,169743.83,1,0,0,218205.55999999997,1,1,757,Germany,Male,DIAMOND,1
714,24,7,0.0,2,1,0,232883.99999999997,0,5,626,Germany,Female,GOLD,0
580,65,1,0.0,2,0,1,144470.444,0,1,352,Spain,Female,GOLD,0
479,23,9,123575.51,1,0,1,133222.592,0,3,787,Germany,Female,GOLD,0
723,35,0,0.0,2,0,1,85822.386,0,1,996,France,Female,GOLD,0
527,46,10,131414.76,1,1,0,76941.514,0,4,599,Spain,Female,DIAMOND,0
588,21,8,0.0,2,1,1,154174.86599999998,0,5,834,Germany,Female,PLATINUM,0
652,36,6,112518.71,2,0,1,154604.83399999997,0,4,826,Germany,Female,SILVER,0
496,31,5,0.0,2,1,0,131213.382,0,3,836,France,Male,DIAMOND,0
610,46,5,116886.59,1,0,0,151177.816,0,1,452,Spain,Female,GOLD,0
484,39,5,0.0,2,1,1,245328.76799999998,0,2,740,Spain,Female,SILVER,0
584,37,8,0.0,2,0,1,141184.266,0,2,937,Spain,Female,SILVER,0
699,34,8,0.0,1,1,1,107129.644,0,2,403,Spain,Male,PLATINUM,0
807,35,3,174790.15,1,1,1,855.504,0,3,861,Germany,Male,SILVER,0
747,47,5,139914.6,4,0,1,181965.384,1,5,230,Germany,Female,DIAMOND,1
636,60,7,124447.73,1,1,1,197925.468,1,2,359,Spain,Male,DIAMOND,1
707,29,4,0.0,2,1,0,195950.516,0,4,565,Germany,Male,GOLD,0
614,31,7,120599.38,2,1,1,64643.816,0,3,906,Germany,Female,DIAMOND,0
559,29,3,79715.36,1,1,0,115168.192,0,3,956,Germany,Female,GOLD,0
611,38,4,71018.6,2,1,0,3437.006,0,5,824,France,Male,GOLD,0
658,31,2,36566.96,1,1,0,145117.97199999998,1,4,953,Spain,Female,PLATINUM,1
768,36,5,180169.44,2,1,0,24302.984,0,2,760,France,Female,GOLD,0
664,49,5,127421.78,2,1,0,152442.44999999998,1,2,923,Germany,Female,PLATINUM,1
819,39,9,133102.92,1,1,0,37880.043999999994,1,2,444,Germany,Female,SILVER,1
658,32,5,145553.07,1,1,1,44093.664,0,5,528,Spain,Female,DIAMOND,0
783,58,3,127539.3,1,1,1,135241.546,1,5,270,Germany,Female,SILVER,1
661,41,5,122552.48,2,0,1,168919.96,0,2,800,Germany,Male,DIAMOND,0
538,31,0,0.0,2,0,0,251250.12399999998,0,5,798,Spain,Female,SILVER,0
828,34,8,129433.34,2,0,0,53399.477999999996,0,4,370,Germany,Male,SILVER,0
616,39,2,121704.32,2,1,0,77793.81999999999,0,4,346,Germany,Male,PLATINUM,0
655,29,9,0.0,2,0,1,120045.76399999998,0,5,686,Spain,Female,DIAMOND,0
614,44,6,118715.86,1,1,0,187042.55399999997,1,2,704,Germany,Female,DIAMOND,1
626,39,0,0.0,2,1,1,116628.12599999999,0,2,272,Germany,Female,DIAMOND,0
640,44,7,111833.47,1,1,0,94098.836,0,3,355,France,Male,PLATINUM,0
736,57,9,95295.39,1,1,0,39823.21599999999,1,1,888,Germany,Male,SILVER,1
774,34,4,120875.23,2,0,1,158785.164,0,5,948,Germany,Male,SILVER,0
689,38,2,0.0,1,1,1,115808.72,0,5,621,Spain,Male,DIAMOND,0
514,41,7,0.0,2,1,1,5274.3099999999995,0,3,697,France,Female,SILVER,0
789,39,7,124828.46,2,1,1,174190.512,0,2,377,Germany,Male,PLATINUM,0
638,42,8,145177.84,1,1,0,270875.436,1,4,798,Germany,Male,PLATINUM,1
654,31,5,150593.59,2,1,1,147320.83,0,2,937,Germany,Male,DIAMOND,0
750,35,3,0.0,1,1,0,268143.7,0,1,879,France,Female,DIAMOND,0
632,21,1,0.0,2,1,0,117627.124,0,4,948,Germany,Female,SILVER,0
567,40,2,105222.86,2,1,0,131329.204,0,1,975,Germany,Female,SILVER,0
555,33,1,56084.69,2,0,0,250332.38199999998,0,5,481,Spain,Male,PLATINUM,0
664,43,9,189026.53,2,1,1,78554.80399999999,0,3,616,Germany,Male,GOLD,0
603,40,8,148897.02,1,0,0,147089.05999999997,0,1,352,Germany,Female,DIAMOND,0
617,27,4,0.0,2,0,0,266391.894,0,3,342,Germany,Female,PLATINUM,0
684,38,3,0.0,2,1,0,61972.909999999996,0,4,866,Spain,Female,SILVER,0
693,46,2,104763.41,1,1,1,87330.662,0,5,872,Germany,Male,GOLD,0
546,24,8,156325.38,1,1,1,175548.42799999999,0,2,494,France,Male,DIAMOND,0
534,49,7,0.0,1,1,0,19008.071999999996,1,4,921,Germany,Female,DIAMOND,1
670,40,3,0.0,1,1,1,255725.20999999996,0,5,270,Spain,Female,GOLD,0
640,62,3,0.0,1,1,1,142343.85799999998,0,3,395,Spain,Male,GOLD,0
553,47,3,116528.15,1,0,0,204000.86599999998,1,2,918,Spain,Male,DIAMOND,1
605,36,6,0.0,1,0,1,982.1759999999999,0,4,373,France,Female,DIAMOND,0
698,36,7,121263.62,1,1,1,18758.032,0,3,233,Germany,Female,DIAMOND,0
620,35,0,76989.97,1,1,1,24154.906,0,4,739,Germany,Male,PLATINUM,0
659,39,1,104502.11,1,1,0,28928.765999999996,0,5,966,Germany,Female,DIAMOND,0
683,73,9,124730.26,1,1,1,72814.29999999999,0,2,327,Germany,Male,PLATINUM,0
833,28,4,136674.51,2,0,0,7405.2919999999995,0,5,502,France,Female,GOLD,0
707,35,3,56674.48,1,1,0,25197.36,1,4,845,Spain,Female,DIAMOND,1
699,32,1,123906.22,3,1,1,178436.348,1,1,896,Germany,Male,SILVER,1
666,38,6,99812.88,2,1,1,221716.158,0,2,671,Germany,Male,PLATINUM,0
662,39,5,139822.11,2,1,1,204722.86,0,2,337,Germany,Male,PLATINUM,0
410,35,7,117183.74,1,1,1,153642.22199999998,0,2,677,Germany,Female,SILVER,0
741,39,5,0.0,1,0,1,56304.88399999999,0,1,933,Germany,Male,SILVER,0
547,62,10,127738.75,2,1,1,119229.2,0,4,666,Germany,Male,GOLD,0
618,49,9,44301.43,3,1,1,125636.01999999999,1,3,286,Germany,Female,DIAMOND,1
714,55,9,180075.22,1,1,1,140193.794,0,1,652,Germany,Female,GOLD,0
531,47,6,0.0,1,0,0,273012.676,1,2,510,Germany,Female,SILVER,1
716,27,1,122552.34,2,1,0,94670.904,0,5,475,Germany,Male,GOLD,0
608,56,5,0.0,2,0,1,215349.574,0,1,921,Spain,Female,DIAMOND,0
687,72,9,0.0,1,0,1,97776.15999999999,0,5,258,France,Female,GOLD,0
595,41,9,0.0,2,1,0,8368.926,0,5,369,Germany,Male,GOLD,0
496,43,3,0.0,2,0,1,279322.74199999997,0,1,494,Spain,Female,SILVER,0
794,33,8,0.0,2,0,0,127891.02799999999,0,2,536,Spain,Male,PLATINUM,0
824,60,8,134250.17,3,0,0,214279.62399999998,1,4,244,Germany,Male,GOLD,1
570,29,0,0.0,1,1,0,51944.401999999995,0,1,392,Germany,Female,SILVER,0
593,45,6,79259.75,1,1,0,77501.192,0,2,255,Spain,Female,GOLD,0
672,34,9,0.0,2,1,0,226536.07799999998,0,3,239,France,Male,GOLD,0
656,23,4,163549.63,1,0,1,29534.167999999998,0,4,514,Germany,Female,DIAMOND,0
725,39,4,160652.45,2,1,0,80715.97,0,1,571,France,Male,GOLD,0
691,30,9,0.0,1,1,0,69446.628,0,1,789,Germany,Male,GOLD,0
697,25,1,0.0,2,0,0,122939.648,0,2,851,France,Female,PLATINUM,0
578,32,4,0.0,2,1,1,198566.91999999998,0,4,434,France,Male,DIAMOND,0
625,44,7,0.0,1,1,0,6723.5199999999995,0,3,801,France,Female,SILVER,0
711,34,8,0.0,2,0,0,67579.266,0,4,766,France,Male,PLATINUM,0
703,20,3,165260.98,1,1,1,58292.49199999999,0,5,751,Spain,Male,GOLD,0
653,38,5,114268.22,2,1,1,125349.76199999999,0,1,693,Germany,Female,PLATINUM,0
541,39,7,0.0,2,1,0,27767.228,0,5,781,Germany,Male,PLATINUM,0
730,52,7,0.0,2,0,1,171373.376,0,5,800,Spain,Female,SILVER,0
766,27,7,158786.67,2,0,1,66625.95,0,3,711,France,Female,GOLD,0
492,45,9,170295.04,2,0,0,230653.53399999999,0,1,594,Germany,Male,GOLD,0
710,30,10,133537.1,2,1,0,217846.23599999998,0,1,464,Germany,Female,PLATINUM,0
575,30,2,0.0,2,1,1,115127.00399999999,0,1,934,Spain,Male,PLATINUM,0
666,47,2,0.0,1,1,0,49080.758,1,4,354,Germany,Male,GOLD,1
567,29,8,0.0,2,1,0,218591.008,0,3,914,Spain,Male,GOLD,0
611,49,9,115488.52,2,1,1,194134.53399999999,1,4,991,Germany,Female,SILVER,1
706,20,8,0.0,2,1,1,17330.354,0,4,354,Spain,Male,PLATINUM,0
489,47,8,103894.38,2,1,1,150690.644,0,4,953,France,Female,DIAMOND,0
660,38,5,110570.78,2,1,0,274284.22599999997,0,1,472,France,Female,SILVER,0
518,46,4,113625.93,1,0,0,129833.38799999999,1,2,734,Germany,Male,SILVER,1
619,34,1,0.0,1,1,0,195902.13199999998,0,5,524,Spain,Male,GOLD,0
573,38,4,0.0,2,1,1,275139.402,0,5,533,Spain,Male,PLATINUM,0
821,37,5,106453.53,2,0,1,178393.19999999998,0,5,798,Germany,Female,GOLD,0
700,37,3,77608.46,2,1,1,245537.84399999998,0,1,389,Germany,Male,SILVER,0
688,38,7,123544.21,1,1,1,220744.62799999997,0,4,868,Germany,Female,PLATINUM,0
614,39,6,0.0,2,1,1,229641.572,0,2,253,Spain,Female,SILVER,0
579,50,5,117721.02,1,0,1,269020.282,1,1,546,Germany,Female,SILVER,1
705,42,8,166685.92,2,1,1,77453.914,0,4,283,Germany,Male,GOLD,0
754,32,7,0.0,2,1,0,125344.04999999999,0,1,800,Spain,Female,SILVER,0
648,44,2,0.0,2,1,1,82128.122,0,5,708,France,Female,DIAMOND,0
597,19,2,0.0,2,1,1,127466.436,0,3,270,France,Male,GOLD,0
725,32,0,0.0,2,1,1,193950.266,0,2,823,Spain,Female,PLATINUM,0
496,29,2,0.0,2,1,0,77560.42599999999,0,1,382,Spain,Male,DIAMOND,0
759,31,1,109848.6,1,1,1,58832.57,0,5,299,Germany,Female,SILVER,0
686,41,4,129553.76,2,1,0,262654.72,0,4,223,France,Female,DIAMOND,0
811,46,9,180226.24,1,1,0,18865.496,1,3,340,France,Male,PLATINUM,1
596,36,2,0.0,2,0,1,175796.12999999998,0,4,867,Spain,Male,SILVER,0
668,56,9,110993.79,1,1,0,188170.296,1,1,239,Germany,Male,SILVER,1
573,31,2,0.0,2,1,1,128755.34599999999,0,3,629,Germany,Male,PLATINUM,0
622,42,9,0.0,2,1,0,166792.884,0,5,884,Spain,Male,SILVER,0
679,32,0,88335.05,1,0,0,223433.734,0,5,641,Germany,Female,DIAMOND,0
598,64,1,0.0,2,1,0,273904.42,1,1,839,Germany,Male,PLATINUM,1
599,61,1,124737.96,1,0,1,126560.454,1,3,914,Germany,Male,PLATINUM,1
794,30,1,154970.54,1,0,1,219490.83000000002,0,4,441,Spain,Female,PLATINUM,0
626,52,0,0.0,2,1,0,45038.244,1,3,959,Germany,Female,SILVER,1
850,31,1,130089.56,2,1,1,6267.6939999999995,0,3,729,Germany,Female,GOLD,0
578,45,1,148600.91,1,1,0,200770.996,1,4,478,France,Male,SILVER,1
607,32,6,0.0,2,0,0,274501.814,0,2,952,Germany,Female,SILVER,0
722,37,9,0.0,2,1,0,44705.729999999996,0,4,379,Spain,Male,GOLD,0
635,32,8,0.0,2,1,1,27130.172,1,3,491,Spain,Female,GOLD,1
645,32,4,0.0,2,0,1,136694.312,0,3,820,France,Male,PLATINUM,0
850,39,3,124548.99,2,1,1,168547.16799999998,0,2,243,Germany,Male,DIAMOND,0
703,36,2,0.0,2,1,0,152322.33,0,2,433,Germany,Male,SILVER,0
655,37,4,108862.76,1,1,0,111392.112,1,1,601,Germany,Female,GOLD,1
510,22,3,156834.34,1,0,0,62139.216,0,2,821,France,Female,DIAMOND,0
608,35,6,0.0,2,1,1,200863.59199999998,0,4,253,Spain,Female,DIAMOND,0
633,32,5,163340.12,2,1,1,104196.27999999998,0,2,527,Spain,Male,PLATINUM,0
660,46,5,109019.65,2,1,1,47167.78399999999,0,3,603,Germany,Male,SILVER,0
577,36,3,121092.47,2,0,1,201311.84399999998,0,4,702,Germany,Male,PLATINUM,0
718,27,2,0.0,2,0,0,36735.936,0,1,538,Germany,Male,PLATINUM,0
386,53,1,131955.07,1,1,1,87535.51,1,5,676,Spain,Female,GOLD,1
484,35,7,133868.21,1,1,1,38215.53999999999,0,2,415,Spain,Female,SILVER,0
626,34,7,113014.7,2,1,1,79319.79199999999,0,5,664,France,Male,SILVER,0
555,55,4,146798.81,1,1,1,103824.678,0,2,537,Germany,Male,DIAMOND,0
655,32,2,0.0,1,1,1,99481.51399999998,0,2,506,France,Female,DIAMOND,0
570,35,6,85668.59,1,1,0,147750.504,0,5,448,Germany,Male,SILVER,0
591,31,7,0.0,2,0,1,68304.844,0,4,406,France,Female,PLATINUM,0
543,36,3,0.0,2,0,0,36442.426,0,2,255,France,Female,DIAMOND,0
696,29,8,0.0,2,1,0,267647.52599999995,0,5,921,France,Male,GOLD,0
640,45,8,120591.19,1,0,0,273188.516,0,5,938,Germany,Male,GOLD,0
733,30,1,102452.71,1,1,0,30194.73,0,5,950,Germany,Female,PLATINUM,0
721,68,4,136525.99,1,0,0,245573.796,0,4,439,Germany,Male,SILVER,0
672,47,1,0.0,1,0,0,128219.88799999999,0,3,710,Germany,Male,SILVER,0
693,38,7,198338.77,2,1,1,20004.451999999997,0,5,991,France,Male,DIAMOND,0
807,42,7,118274.71,1,1,1,36255.008,0,3,899,France,Male,DIAMOND,0
666,21,1,121827.43,2,1,1,139760.634,0,2,516,Germany,Female,DIAMOND,0
490,40,6,156111.08,1,0,0,267259.782,0,3,759,Spain,Male,SILVER,0
698,51,2,111018.98,1,1,0,120989.39199999999,0,4,751,Germany,Female,DIAMOND,0
489,52,1,131441.51,1,1,0,52151.153999999995,1,4,980,Germany,Female,GOLD,1
829,38,9,0.0,2,1,0,42756.832,0,5,541,Germany,Male,SILVER,0
723,42,2,99095.73,1,1,1,24532.541999999998,0,3,505,Germany,Male,DIAMOND,0
738,39,1,94435.45,2,0,1,265218.20399999997,0,5,474,France,Female,SILVER,0
597,61,5,0.0,2,1,1,113833.83799999999,0,1,567,Germany,Male,GOLD,0
625,39,3,130786.92,1,0,1,169857.498,0,2,650,France,Female,DIAMOND,0
670,39,8,101928.51,1,0,0,124902.75599999998,0,5,290,France,Female,DIAMOND,0
684,26,2,114035.39,1,0,0,135654.266,0,4,383,Germany,Female,PLATINUM,0
493,37,8,142987.46,2,1,0,222392.38599999997,0,4,660,France,Female,DIAMOND,0
637,22,5,98800.0,1,1,0,172026.77,0,2,430,Spain,Female,SILVER,0
638,50,1,102645.48,1,1,0,235718.972,1,2,663,Germany,Male,DIAMOND,1
599,41,1,0.0,2,1,0,134512.748,0,2,458,Germany,Female,SILVER,0
582,29,0,0.0,1,1,0,199537.88999999998,0,2,352,Germany,Male,GOLD,0
611,40,2,125879.29,1,1,0,130499.80199999998,0,4,319,Germany,Female,PLATINUM,0
666,32,10,112536.57,2,1,1,48105.756,0,3,281,Germany,Female,SILVER,0
626,47,2,103108.8,1,0,1,233080.61599999998,1,3,279,Germany,Female,GOLD,1
620,42,9,121490.05,1,1,1,41030.436,0,4,828,Spain,Male,PLATINUM,0
411,35,2,0.0,2,1,1,131371.092,0,3,639,France,Female,PLATINUM,0
622,39,9,0.0,2,0,1,141222.304,0,2,814,Spain,Male,PLATINUM,0
642,39,8,128264.03,1,1,0,86524.864,1,1,280,Germany,Female,GOLD,1
516,37,8,0.0,1,1,0,142583.41199999998,0,3,703,France,Male,PLATINUM,0
646,32,1,0.0,2,1,0,256619.908,0,3,307,Spain,Male,DIAMOND,0
603,34,9,0.0,2,1,0,235097.88999999998,0,3,896,Germany,Female,DIAMOND,0
535,58,1,0.0,2,1,1,16506.971999999998,1,4,927,Spain,Male,PLATINUM,1
655,27,9,0.0,2,0,0,151226.27,0,2,730,Spain,Female,DIAMOND,0
638,36,6,188455.19,1,0,0,65858.95999999999,1,2,642,Germany,Male,DIAMOND,1
553,44,4,0.0,1,1,0,15120.019999999999,0,1,780,Spain,Male,GOLD,0
556,52,9,0.0,1,1,0,245223.88,1,1,570,France,Female,DIAMOND,1
658,36,1,0.0,2,0,1,118913.38799999999,0,1,374,Spain,Male,SILVER,0
622,37,4,0.0,2,1,0,6258.299999999999,0,3,882,Spain,Male,PLATINUM,0
570,30,2,131406.56,1,1,1,67148.43,0,1,636,Germany,Male,GOLD,0
798,58,9,0.0,2,0,0,166715.18399999998,1,3,400,Spain,Female,DIAMOND,1
755,29,3,0.0,3,1,0,6642.515999999999,0,1,328,France,Female,SILVER,0
680,24,10,0.0,3,1,0,216975.282,1,3,434,Germany,Female,SILVER,1
710,36,8,0.0,2,0,0,116503.666,0,3,636,Spain,Female,SILVER,0
696,36,3,0.0,3,1,0,91070.86,0,1,349,Spain,Female,PLATINUM,0
638,34,5,133501.36,1,0,1,217915.256,0,1,355,France,Male,GOLD,0
640,74,2,116800.25,1,1,1,47797.602,0,1,947,Germany,Female,PLATINUM,0
691,37,7,123067.63,1,1,1,137442.416,1,5,958,Germany,Female,SILVER,1
525,60,7,0.0,2,0,1,235263.86,0,1,895,Spain,Female,GOLD,0
576,41,1,0.0,1,1,1,263599.44,0,3,999,Germany,Male,DIAMOND,0
676,34,8,82909.14,1,1,0,128559.332,1,1,502,France,Female,GOLD,1
821,28,2,0.0,2,1,0,64516.52799999999,0,2,544,Germany,Male,DIAMOND,0
681,43,8,154100.3,1,0,0,160538.734,0,5,302,France,Female,DIAMOND,0
493,36,2,0.0,2,0,1,139693.41999999998,0,2,229,Germany,Female,PLATINUM,0
774,52,2,56580.93,1,1,0,158587.792,1,5,946,Germany,Female,PLATINUM,1
624,40,3,149961.99,2,1,0,146470.204,0,2,576,Germany,Female,PLATINUM,0
693,28,1,145118.83,1,0,1,108854.332,0,5,944,Spain,Male,GOLD,0
568,27,5,126815.97,2,0,1,166122.368,0,1,939,Spain,Male,DIAMOND,0
652,46,10,121063.8,3,1,0,212089.60399999996,1,5,683,Germany,Male,SILVER,1
730,37,1,0.0,2,1,1,174125.482,0,2,427,France,Female,SILVER,0
468,32,8,137649.47,1,0,0,278215.006,0,4,929,Germany,Female,PLATINUM,0
724,30,9,142475.87,1,1,1,151002.536,0,3,399,Germany,Female,SILVER,0
758,32,2,84378.9,1,1,1,105570.00199999998,0,3,867,Germany,Female,PLATINUM,0
850,39,8,0.0,2,1,1,51941.616,0,3,995,Spain,Male,DIAMOND,0
705,31,3,119794.67,1,0,0,255554.816,0,5,685,Germany,Female,GOLD,0
698,33,5,135658.73,2,0,1,55672.0,0,1,903,Germany,Male,SILVER,0
779,37,7,120092.52,2,1,0,190311.008,0,1,466,Germany,Male,GOLD,0
593,31,9,0.0,2,0,1,28704.023999999998,0,2,568,France,Male,DIAMOND,0
593,48,3,133903.12,2,1,1,120278.34599999999,1,5,593,Germany,Female,PLATINUM,1
673,37,4,0.0,2,0,0,229003.298,0,3,333,Germany,Male,DIAMOND,0
799,28,7,167658.33,2,1,1,155608.55,0,5,938,Germany,Male,DIAMOND,0
697,23,10,0.0,2,1,1,111642.92199999999,0,3,968,France,Female,SILVER,0
544,40,8,0.0,2,1,0,86228.68,0,5,408,France,Male,DIAMOND,0
646,50,6,145295.31,2,1,1,38955.636,0,3,561,Germany,Male,GOLD,0
490,33,5,96341.0,2,0,0,151653.67599999998,0,1,707,Germany,Male,DIAMOND,0
625,56,0,148507.24,1,1,0,65568.712,1,3,410,Germany,Male,PLATINUM,1
720,33,6,97188.62,1,0,0,128648.80599999998,0,4,605,Spain,Male,SILVER,0
637,49,2,108204.52,1,1,0,236667.97599999997,1,3,675,Germany,Male,DIAMOND,1
784,38,5,136712.91,1,0,1,237904.288,0,4,707,Germany,Male,GOLD,0
628,61,1,97361.66,1,1,1,209906.332,1,5,657,Germany,Female,GOLD,1
841,27,8,0.0,1,1,0,240706.808,0,3,696,France,Male,SILVER,0
591,42,10,0.0,2,0,0,239553.908,0,5,260,France,Female,GOLD,0
744,30,1,128065.12,1,1,0,170150.672,0,2,607,Spain,Male,PLATINUM,0
616,71,4,0.0,2,1,1,243054.13199999998,0,5,954,Spain,Male,GOLD,0
614,27,9,106414.57,2,0,0,108516.13399999999,0,2,825,France,Female,SILVER,0
520,49,5,121197.64,1,1,0,101623.262,1,4,502,Germany,Male,PLATINUM,1
552,36,8,0.0,2,0,0,185580.82799999998,0,4,498,Germany,Male,SILVER,0
511,33,3,0.0,2,1,0,185426.39399999997,0,1,982,Germany,Female,DIAMOND,0
658,31,2,77082.65,2,0,0,18890.192,0,4,620,Germany,Male,PLATINUM,0
817,44,8,0.0,1,0,0,91717.674,1,5,681,France,Male,DIAMOND,1
807,47,9,167664.83,1,0,0,175631.15399999998,1,4,622,France,Female,SILVER,1
776,37,2,103769.22,2,1,0,271753.768,0,1,268,Germany,Female,SILVER,0
543,30,6,73481.05,1,1,1,247384.70999999996,0,3,683,Germany,Male,GOLD,0
678,61,8,0.0,2,1,1,223929.348,0,1,617,Spain,Female,SILVER,0
585,42,2,0.0,2,1,1,26135.878,0,4,805,France,Male,SILVER,0
762,35,9,122929.42,2,0,0,209765.856,0,3,504,Spain,Male,SILVER,0
468,56,10,0.0,3,0,1,87174.618,1,3,547,Germany,Female,PLATINUM,1
675,49,0,0.0,1,1,1,112710.394,1,4,448,France,Female,SILVER,1
519,39,4,111900.14,1,1,1,136623.038,0,2,377,Spain,Male,PLATINUM,0
603,42,8,91611.12,1,0,0,202560.41999999998,1,3,416,Spain,Female,DIAMOND,1
579,35,1,129490.36,2,0,1,12042.161999999998,1,4,247,Spain,Female,GOLD,1
667,44,8,122277.87,1,1,1,128549.994,0,5,950,Germany,Male,PLATINUM,0
622,38,4,98640.74,1,1,1,154656.186,0,3,304,France,Female,SILVER,0
599,36,4,0.0,2,0,0,18509.784,0,3,928,Spain,Male,DIAMOND,0
664,40,7,125608.72,1,1,0,170917.87199999997,0,2,458,Germany,Male,PLATINUM,0
562,42,2,100238.35,1,0,0,121531.374,0,5,709,France,Male,PLATINUM,0
528,62,7,133201.17,1,0,0,235925.75199999998,1,1,866,Germany,Female,DIAMOND,1
743,65,2,131935.51,1,1,1,134974.538,1,3,399,Germany,Male,SILVER,1
465,24,6,156007.09,1,1,0,267930.718,0,4,865,Germany,Male,DIAMOND,0
611,58,8,0.0,2,0,1,150746.952,1,5,294,France,Male,PLATINUM,1
497,24,6,111769.14,2,1,0,78217.97799999999,0,4,711,Germany,Male,DIAMOND,0
545,32,6,0.0,2,1,1,72909.318,0,5,277,Germany,Female,SILVER,0
561,49,1,102025.32,1,1,0,186287.296,1,1,994,Germany,Female,DIAMOND,1
662,37,5,0.0,2,1,0,212635.57599999997,0,4,622,Germany,Female,GOLD,0
805,56,6,151802.29,1,1,0,65522.52599999999,1,2,682,Germany,Male,SILVER,1
790,41,2,126619.27,1,1,0,277529.132,0,4,696,France,Female,DIAMOND,0
507,34,4,0.0,2,1,1,84978.73199999999,0,3,392,Spain,Female,DIAMOND,0
655,30,1,83173.98,2,1,1,257978.44,0,5,338,Germany,Female,DIAMOND,0
631,23,3,0.0,2,1,0,19353.536,0,4,234,Spain,Male,GOLD,0
687,34,7,129895.19,1,0,1,40192.437999999995,0,3,478,Germany,Male,GOLD,0
716,29,8,0.0,2,0,0,110078.688,0,1,785,Spain,Female,DIAMOND,0
712,29,7,77919.78,1,1,0,171581.612,0,3,983,Spain,Female,SILVER,0
634,41,7,0.0,2,1,1,183813.90199999997,0,4,894,France,Female,SILVER,0
524,30,1,0.0,2,1,0,177552.99,0,3,706,France,Male,DIAMOND,0
703,31,6,0.0,2,1,1,94749.06599999999,0,3,975,Spain,Male,PLATINUM,0
850,40,9,0.0,2,0,1,166940.262,0,2,241,France,Male,GOLD,0
554,51,7,105701.91,1,0,1,251731.906,1,1,999,Germany,Female,DIAMOND,1
711,42,3,177626.77,3,0,1,22964.808,1,1,788,Spain,Male,PLATINUM,1
684,36,4,0.0,1,1,0,163869.544,0,1,718,Spain,Female,SILVER,0
724,31,5,0.0,1,1,0,188860.93,1,2,246,Germany,Male,SILVER,1
706,47,6,120621.89,1,1,1,197140.18,0,5,870,Germany,Female,DIAMOND,0
544,64,9,113829.45,1,1,1,174093.086,0,3,562,Germany,Male,GOLD,0
645,31,7,161171.7,2,1,0,17654.916,1,3,532,Germany,Male,SILVER,1
457,33,7,127837.54,1,0,1,84033.438,0,4,782,France,Female,GOLD,0
680,33,2,108393.35,1,0,1,54695.738,0,3,425,Germany,Male,GOLD,0
759,38,1,104091.29,1,0,0,128201.674,0,1,875,Germany,Female,PLATINUM,0
544,21,10,161525.96,2,1,0,12982.878,0,2,458,Germany,Female,PLATINUM,0
632,40,3,193354.86,2,1,0,208878.774,0,4,462,France,Male,GOLD,0
756,26,5,101641.14,2,0,1,216259.952,0,5,351,Germany,Female,GOLD,0
785,33,6,127211.45,1,0,0,268761.562,0,3,457,Germany,Female,SILVER,0
541,46,4,124547.13,2,1,0,132313.68399999998,0,5,690,France,Male,GOLD,0
597,29,5,0.0,2,1,1,244770.79799999998,0,2,347,France,Female,GOLD,0
752,42,3,65046.08,2,0,1,196209.992,0,5,535,Germany,Female,PLATINUM,0
722,43,1,0.0,1,1,0,62399.23799999999,1,5,448,Spain,Male,SILVER,1
539,39,3,139153.68,2,1,0,206742.26199999996,0,1,520,France,Male,SILVER,0
641,42,9,132657.55,1,1,0,49529.066,0,3,351,Spain,Male,GOLD,0
766,41,6,99208.46,2,1,0,87378.332,0,4,224,Spain,Male,GOLD,0
792,42,0,99045.93,2,1,0,66039.014,0,3,758,France,Female,GOLD,0
652,26,3,137998.2,2,0,1,236600.67799999996,0,1,443,France,Male,PLATINUM,0
559,31,1,139183.06,1,0,1,200719.78399999999,0,1,529,Spain,Female,DIAMOND,0
641,30,2,87505.47,2,0,1,10204.998,0,2,893,France,Male,DIAMOND,0
798,37,4,111723.08,1,1,1,116884.36799999999,0,4,778,Germany,Female,SILVER,0
667,36,1,114391.62,1,1,1,74792.556,0,5,874,Germany,Female,SILVER,0
712,29,3,102540.61,1,1,1,265568.10599999997,0,1,415,France,Male,PLATINUM,0
651,40,1,134760.21,2,0,0,244222.68399999998,1,4,741,Germany,Male,SILVER,1
635,33,5,0.0,2,1,0,172144.594,0,5,977,France,Female,DIAMOND,0
620,67,3,0.0,2,1,1,60896.422,0,5,404,France,Female,GOLD,0
556,61,2,117419.35,1,1,1,131830.362,0,3,789,France,Female,PLATINUM,0
649,35,4,108306.44,1,1,1,269495.736,0,1,932,France,Female,PLATINUM,0
636,34,2,40105.51,2,0,1,74932.024,0,3,356,Germany,Male,DIAMOND,0
826,29,4,129938.07,1,0,1,266295.74199999997,0,1,708,Spain,Female,GOLD,0
490,38,3,97266.1,1,1,1,129931.12199999999,0,4,762,Spain,Female,DIAMOND,0
652,32,2,0.0,2,1,0,76494.35399999999,0,3,843,France,Female,GOLD,0
658,38,6,102895.1,1,0,0,217947.064,0,1,843,Germany,Female,SILVER,0
742,32,6,160485.16,1,1,0,40647.242,0,5,295,Germany,Male,GOLD,0
580,35,9,121355.19,1,0,1,49955.02999999999,0,2,235,Germany,Male,SILVER,0
627,37,7,147361.57,1,1,1,186259.74399999998,0,1,916,Germany,Female,DIAMOND,0
714,53,1,99141.86,1,1,1,101509.47,1,3,1000,Germany,Male,PLATINUM,1
628,40,10,0.0,2,1,0,145380.612,0,2,401,Spain,Male,SILVER,0
825,36,3,146053.66,1,1,1,193697.58000000002,0,5,347,Germany,Female,SILVER,0
512,40,5,0.0,2,1,1,205055.96199999997,0,3,435,Germany,Male,DIAMOND,0
752,36,2,0.0,2,1,1,63814.17599999999,0,1,251,Spain,Male,SILVER,0
494,38,7,0.0,2,1,1,8700.124,0,3,527,Spain,Male,PLATINUM,0
492,49,2,151249.45,2,1,1,234148.11599999998,0,4,543,Germany,Female,GOLD,0
832,40,9,107648.94,2,1,1,188509.558,0,2,583,Germany,Female,PLATINUM,0
607,36,4,98266.3,1,1,1,64997.903999999995,0,1,933,Spain,Female,PLATINUM,0
677,27,2,0.0,2,1,1,28145.046,0,3,737,Germany,Male,PLATINUM,0
701,41,9,164046.1,1,1,0,69183.302,0,5,568,Germany,Male,SILVER,0
775,30,4,0.0,2,0,1,80460.582,0,5,368,Spain,Male,PLATINUM,0
708,34,4,0.0,1,1,1,88030.662,0,3,578,Germany,Female,GOLD,0
558,41,6,0.0,1,1,1,201034.406,1,1,331,Germany,Female,GOLD,1
704,35,3,154206.07,2,1,1,56381.085999999996,0,4,634,Germany,Female,PLATINUM,0
606,36,0,94153.56,1,0,1,168208.578,0,3,937,Spain,Male,DIAMOND,0
697,40,4,0.0,2,0,1,37175.592,0,4,360,France,Male,GOLD,0
482,55,5,97318.25,1,0,1,109797.59599999999,0,5,408,Germany,Male,GOLD,0
694,42,8,133767.19,1,1,0,50982.293999999994,0,1,241,France,Male,DIAMOND,0
742,27,5,190125.43,2,0,0,30526.025999999998,0,2,788,Germany,Male,DIAMOND,0
751,37,0,151218.98,1,1,1,153048.006,0,4,794,Germany,Female,GOLD,0
690,32,0,106683.52,2,1,1,193098.08599999998,0,1,615,Germany,Male,PLATINUM,0
733,22,5,0.0,2,1,1,164098.066,0,3,279,France,Male,DIAMOND,0
704,24,7,113034.22,1,1,0,227519.872,1,2,801,Germany,Female,PLATINUM,1
774,36,8,117152.3,1,0,0,142574.74599999998,0,4,707,Spain,Female,GOLD,0
598,50,5,88379.81,3,0,1,89835.136,1,5,746,Germany,Female,DIAMOND,1
561,33,6,0.0,2,1,0,63381.058,0,1,704,Spain,Female,DIAMOND,0
677,25,3,0.0,2,1,0,251467.54399999997,0,1,935,Germany,Female,SILVER,0
746,31,2,113836.27,1,1,1,244756.756,0,3,537,Spain,Male,SILVER,0
681,37,7,69609.85,1,1,1,100993.962,0,3,395,Germany,Female,SILVER,0
669,31,6,113000.66,1,1,0,56669.948,0,4,655,Germany,Female,GOLD,0
708,51,8,70754.18,1,1,1,130103.05599999998,1,2,1000,France,Female,PLATINUM,1
693,37,6,95900.04,1,1,1,53489.736,0,5,936,Germany,Female,DIAMOND,0
659,33,8,115409.6,1,0,1,2169.894,0,1,595,Spain,Female,SILVER,0
691,58,3,0.0,1,0,1,272917.42,1,2,974,Germany,Male,PLATINUM,1
589,28,7,0.0,2,1,0,212319.34399999998,0,4,553,France,Male,SILVER,0
704,37,9,155619.58,1,1,1,189139.01199999996,0,5,788,Spain,Female,GOLD,0
814,72,2,0.0,2,0,1,183209.242,0,1,836,Spain,Female,SILVER,0
744,41,2,84113.41,1,1,0,276583.082,0,2,428,Germany,Female,SILVER,0
622,42,9,115766.26,1,0,0,101033.19,1,3,483,Germany,Male,PLATINUM,1
663,37,8,155303.71,1,1,0,166218.282,0,1,333,Germany,Female,SILVER,0
651,56,2,0.0,1,1,0,160346.75199999998,1,4,327,France,Male,GOLD,1
706,43,1,0.0,2,1,0,44762.878,0,4,994,Spain,Female,SILVER,0
714,45,9,106431.97,2,1,1,229779.76599999997,0,5,696,Germany,Female,DIAMOND,0
716,42,8,0.0,2,1,0,253135.588,0,2,427,Spain,Male,SILVER,0
569,31,1,115406.97,1,0,0,203754.508,0,2,992,Spain,Male,GOLD,0
778,33,4,111063.73,2,1,0,116994.30999999998,0,5,544,Germany,Female,GOLD,0
603,46,4,98899.76,2,1,1,120681.47599999998,0,3,801,Germany,Male,DIAMOND,0
727,49,7,96296.78,1,1,0,266656.018,1,5,541,Spain,Female,SILVER,1
599,46,7,81742.84,2,1,0,116610.094,0,3,381,Spain,Female,PLATINUM,0
559,29,1,0.0,2,0,0,217910.664,0,1,839,France,Male,DIAMOND,0
570,57,5,86568.75,1,0,1,145139.43399999998,0,5,307,Germany,Female,SILVER,0
604,31,6,134837.58,1,1,0,268855.866,0,3,359,Germany,Male,GOLD,0
619,25,4,0.0,1,1,0,203749.10399999996,0,4,629,Germany,Male,DIAMOND,0
607,40,1,112544.45,1,1,1,27794.108,0,3,538,Spain,Male,GOLD,0
850,35,1,211774.31,1,1,0,264018.768,1,2,757,Germany,Female,PLATINUM,1
850,36,6,0.0,2,0,1,57822.47,0,2,234,Spain,Male,SILVER,0
710,33,1,0.0,2,1,0,235653.438,0,2,725,Spain,Male,GOLD,0
679,50,6,132598.38,2,1,1,257640.172,0,2,1000,Germany,Female,SILVER,0
850,31,4,91292.7,1,1,1,227023.698,0,5,956,Spain,Female,GOLD,0
759,31,4,98899.91,1,1,1,66980.94799999999,0,1,352,Germany,Male,DIAMOND,0
611,30,9,88594.14,1,1,0,274880.43,0,4,883,Germany,Female,GOLD,0
693,45,4,0.0,2,1,1,37240.384,0,5,898,Spain,Female,SILVER,0
775,74,0,161371.5,1,1,1,188832.90199999997,0,5,322,Germany,Female,PLATINUM,0
441,60,1,140614.15,1,0,1,244148.722,0,4,227,Germany,Male,SILVER,0
438,31,8,78398.69,1,1,0,62926.814,0,4,809,Germany,Male,PLATINUM,0
693,68,2,0.0,2,1,1,83825.94399999999,0,3,290,France,Male,PLATINUM,0
604,25,7,165413.43,1,1,1,49406.63599999999,0,2,616,Germany,Male,SILVER,0
660,31,1,84560.04,1,1,1,192912.94999999998,0,1,357,Spain,Male,PLATINUM,0
613,41,7,0.0,2,1,0,84431.80799999999,0,3,776,France,Male,DIAMOND,0
592,55,8,85845.43,2,1,1,180500.788,0,2,564,Spain,Male,PLATINUM,0
756,42,9,0.0,2,1,0,49957.78799999999,0,2,752,France,Female,DIAMOND,0
513,40,3,141004.46,1,1,0,147054.844,0,3,904,France,Male,SILVER,0
711,32,1,0.0,2,1,0,176678.788,0,4,296,Germany,Female,SILVER,0
550,37,3,0.0,1,1,1,251553.43399999998,0,3,516,France,Male,GOLD,0
576,26,8,0.0,2,0,1,47756.484,0,4,341,Spain,Male,PLATINUM,0
733,31,6,157791.07,2,0,0,249207.73399999997,0,5,845,Germany,Male,SILVER,0
771,57,4,0.0,1,0,0,120242.33799999999,1,4,652,France,Female,SILVER,1
599,25,6,120383.41,1,1,1,34879.326,0,5,648,France,Male,DIAMOND,0
664,25,6,172812.72,2,1,1,151227.11,0,3,644,Germany,Male,GOLD,0
667,31,1,119266.69,1,1,1,39575.682,0,2,730,France,Male,SILVER,0
581,29,8,0.0,2,1,0,65444.265999999996,0,4,977,Spain,Female,PLATINUM,0
631,38,7,0.0,2,1,0,254263.19,0,3,290,Spain,Male,DIAMOND,0
563,46,8,106171.68,1,1,0,228418.69999999998,1,3,672,Spain,Female,GOLD,1
580,50,0,125647.36,1,1,0,80572.512,1,3,548,Germany,Male,PLATINUM,1
579,28,6,150329.15,1,1,0,203796.788,0,2,588,Germany,Male,PLATINUM,0
726,30,8,134152.29,1,1,1,206966.416,0,1,426,Spain,Male,PLATINUM,0
621,37,9,83061.26,2,1,0,12853.756000000001,0,5,748,Spain,Female,DIAMOND,0
677,30,1,78133.15,1,0,1,243931.232,0,5,926,Germany,Male,PLATINUM,0
850,47,10,134381.52,1,0,0,37553.045999999995,1,4,252,Germany,Female,DIAMOND,1
616,37,5,144235.73,2,0,0,216955.724,1,1,993,Germany,Male,PLATINUM,1
676,37,10,106242.67,1,1,1,233364.59199999998,0,5,560,Germany,Male,GOLD,0
738,54,4,0.0,1,0,1,78030.056,1,4,444,France,Male,PLATINUM,1
558,32,10,105000.23,1,1,0,266042.45399999997,0,1,644,Germany,Male,SILVER,0
582,50,6,96486.57,2,1,1,28496.628,0,3,355,Germany,Female,PLATINUM,0
524,28,7,0.0,2,0,1,205956.008,0,1,983,France,Female,PLATINUM,0
709,28,8,124695.72,2,1,0,203366.88999999998,0,3,665,Germany,Male,DIAMOND,0
754,38,2,0.0,2,0,0,4949.566,0,4,844,France,Female,SILVER,0
770,46,9,190678.02,1,1,1,20630.504,0,5,339,Spain,Male,PLATINUM,0
599,25,7,108380.72,1,1,1,110623.32999999999,0,1,933,Germany,Male,SILVER,0
692,41,8,130701.29,1,1,0,83110.93599999999,1,2,235,Germany,Female,SILVER,1
771,39,5,0.0,2,1,0,134793.89599999998,0,1,300,Germany,Male,DIAMOND,0
754,57,2,101134.87,2,1,1,99351.174,0,5,898,Germany,Male,GOLD,0
634,34,8,105302.66,1,1,1,172445.95799999998,0,1,378,Germany,Male,DIAMOND,0
660,28,3,128929.88,1,1,1,277312.594,0,2,231,Spain,Female,SILVER,0
575,30,8,0.0,2,1,0,259493.28199999998,0,3,597,Spain,Female,GOLD,0
850,39,2,0.0,2,1,0,251246.988,0,2,732,France,Female,GOLD,0
711,32,5,0.0,2,1,1,206823.37799999997,0,2,521,Spain,Male,DIAMOND,0
555,35,1,0.0,2,1,0,142348.8,0,4,417,Spain,Female,SILVER,0
642,62,7,0.0,2,1,1,85584.04999999999,0,3,729,France,Male,SILVER,0
767,37,7,0.0,2,1,1,34642.95,0,4,234,Spain,Male,GOLD,0
670,32,4,102954.68,2,0,1,188934.43,0,5,244,Germany,Female,SILVER,0
544,37,2,79731.91,1,1,1,80597.52999999998,0,4,866,Germany,Male,DIAMOND,0
668,43,10,113034.31,1,1,1,140608.432,0,5,470,Spain,Male,PLATINUM,0
772,34,7,111565.91,1,1,1,169517.522,0,1,887,Germany,Male,GOLD,0
571,30,4,85755.86,1,1,0,203177.33000000002,0,5,396,Germany,Female,DIAMOND,0
646,35,6,84026.86,1,0,1,229972.966,0,3,635,Germany,Male,SILVER,0
641,31,10,155978.17,1,1,0,128129.994,0,4,990,France,Male,SILVER,0
638,37,2,89728.86,2,1,1,52227.831999999995,0,4,799,Germany,Male,DIAMOND,0
588,34,10,0.0,2,1,0,110725.474,0,2,632,Spain,Male,PLATINUM,0
535,37,3,175534.78,2,1,1,12953.128,0,5,316,Spain,Male,DIAMOND,0
556,35,10,0.0,2,1,1,269866.652,0,4,570,Germany,Male,GOLD,0
711,33,1,0.0,1,0,0,58241.56,0,3,824,France,Male,SILVER,0
430,60,7,73937.02,1,1,0,226727.66799999998,1,4,578,Germany,Female,PLATINUM,1
850,55,0,98710.89,1,1,1,117079.03799999999,1,4,614,Germany,Male,SILVER,1
688,45,9,103399.87,1,0,0,181834.30199999997,0,1,632,Germany,Male,PLATINUM,0
667,31,3,99513.91,1,1,1,265535.164,0,3,962,Germany,Male,GOLD,0
757,30,3,145396.49,1,0,1,277692.61,0,5,614,Spain,Male,PLATINUM,0
549,36,6,139422.37,1,0,0,117591.74599999998,1,1,720,Germany,Male,GOLD,1
679,48,8,0.0,2,1,0,32697.915999999997,0,2,609,Germany,Male,SILVER,0
563,42,6,99056.22,2,1,0,216102.13,1,4,670,Spain,Female,SILVER,1
650,41,9,0.0,2,0,1,268254.538,0,4,693,Spain,Male,PLATINUM,0
525,33,5,0.0,2,1,0,225418.206,0,1,780,Spain,Male,GOLD,0
789,43,9,116644.29,2,1,1,84261.54,0,3,642,Germany,Female,SILVER,0
562,62,3,0.0,2,1,0,148395.414,0,2,845,France,Male,GOLD,0
673,31,1,108345.22,1,0,1,54337.842,0,3,878,France,Male,GOLD,0
681,30,2,111093.01,1,1,0,96595.386,0,5,691,Spain,Male,PLATINUM,0
689,28,2,64808.32,2,0,0,110042.60999999999,0,5,730,Germany,Female,SILVER,0
761,62,5,98854.34,1,0,0,121704.358,1,3,327,Germany,Male,DIAMOND,1
656,37,7,112291.34,1,1,0,214436.158,0,5,722,Germany,Male,SILVER,0
663,36,10,0.0,2,1,0,190904.36999999997,0,5,839,France,Male,PLATINUM,0
775,38,4,125212.65,2,1,1,22129.231999999996,1,2,332,Germany,Female,GOLD,1
535,49,3,0.0,1,0,0,86563.574,1,1,269,Germany,Female,GOLD,1
850,44,7,89118.26,1,1,0,145952.078,1,1,668,Spain,Male,PLATINUM,1
556,40,8,0.0,2,1,0,86972.77999999998,0,2,349,Germany,Female,PLATINUM,0
762,28,2,0.0,2,1,0,235088.32799999998,0,2,989,Germany,Male,DIAMOND,0
691,36,7,129934.64,1,0,0,105945.38399999999,1,1,728,Spain,Male,DIAMOND,1
506,34,4,90307.62,1,1,1,222944.406,0,4,511,Germany,Female,SILVER,0
561,28,7,0.0,2,1,0,10930.814,0,5,933,France,Male,PLATINUM,0
736,29,9,0.0,2,0,0,246628.78,0,2,790,Germany,Female,PLATINUM,0
516,29,2,104982.57,1,1,0,220344.9,0,4,649,France,Female,GOLD,0
658,37,3,168735.74,2,0,0,98533.336,0,3,226,Germany,Male,PLATINUM,0
771,32,9,77487.2,1,0,0,46415.256,0,3,918,Germany,Male,SILVER,0
781,28,4,0.0,2,1,0,248799.40999999997,0,4,602,Germany,Female,SILVER,0
621,47,0,0.0,1,1,1,187378.91799999998,1,2,704,France,Male,DIAMOND,1
581,25,5,77886.53,2,1,0,210462.28599999996,0,4,243,Germany,Male,PLATINUM,0
666,43,5,0.0,2,1,0,41099.53999999999,0,2,464,Spain,Male,SILVER,0
589,46,10,107238.85,2,1,0,51848.992,0,5,276,France,Female,GOLD,0
729,34,9,132121.71,1,0,1,147588.03399999999,0,3,654,Germany,Female,GOLD,0
850,35,3,162442.35,1,1,0,257008.49199999997,0,3,801,Germany,Male,GOLD,0
608,37,5,146093.39,2,0,0,224845.774,0,3,808,France,Male,SILVER,0
678,26,3,0.0,2,1,0,7000.062,0,4,694,France,Male,SILVER,0
850,33,3,0.0,2,1,1,15637.866,0,4,566,France,Female,SILVER,0
607,49,9,119960.29,2,1,0,144310.508,0,2,768,Germany,Female,PLATINUM,0
757,32,9,0.0,2,1,0,162346.344,0,5,335,France,Male,DIAMOND,0
629,40,9,137409.19,1,1,0,246243.78,1,4,877,France,Female,DIAMOND,1
810,69,3,27288.43,1,1,1,154728.86,0,3,618,Germany,Male,SILVER,0
687,30,6,0.0,2,0,0,250904.688,0,2,511,France,Female,GOLD,0
850,36,3,0.0,2,1,0,273061.298,0,4,731,Germany,Male,PLATINUM,0
781,35,7,92526.15,2,1,1,243387.55599999998,0,5,534,Germany,Male,SILVER,0
630,30,3,0.0,2,0,1,14696.366,0,5,274,Spain,Male,PLATINUM,0
570,61,6,142105.35,1,1,1,63314.655999999995,0,1,309,France,Female,SILVER,0
572,33,5,0.0,1,0,1,57609.67,0,4,404,France,Male,SILVER,0
775,31,9,0.0,2,1,0,237004.914,0,3,246,France,Male,SILVER,0
609,35,2,147900.43,1,1,0,196015.406,0,2,364,Germany,Female,PLATINUM,0
736,26,0,84587.9,1,0,1,263267.864,0,5,879,Germany,Female,DIAMOND,0
723,20,4,0.0,2,1,1,196554.46199999997,0,1,360,Germany,Female,PLATINUM,0
710,41,9,149155.53,2,1,0,58998.763999999996,1,5,407,Germany,Female,DIAMOND,1
503,42,9,153279.39,1,1,1,211886.74399999998,0,4,307,Germany,Male,DIAMOND,0
733,38,3,157658.36,1,0,0,27536.802,0,2,412,France,Female,DIAMOND,0
661,41,5,0.0,1,0,1,123606.44,0,3,594,France,Male,GOLD,0
717,35,4,0.0,1,1,1,234617.28399999999,0,4,811,France,Male,DIAMOND,0
638,62,4,108716.59,2,1,1,103952.52599999998,0,2,442,Germany,Male,PLATINUM,0
594,50,7,81310.34,1,1,1,257430.214,0,4,439,Germany,Male,SILVER,0
443,54,3,138547.97,1,1,1,98289.722,1,1,493,Germany,Female,DIAMOND,1
561,32,6,166824.59,1,1,0,195247.772,0,5,296,Germany,Male,GOLD,0
779,62,10,119096.55,1,0,1,163784.046,0,1,644,France,Male,GOLD,0
514,46,3,106511.85,1,1,0,77116.24799999999,0,5,478,Germany,Female,GOLD,0
608,30,8,85859.76,1,0,0,199837.37799999997,0,5,922,Germany,Female,DIAMOND,0
745,36,8,145071.24,1,0,0,8524.844,0,5,766,Germany,Male,PLATINUM,0
633,25,1,0.0,1,1,0,140853.572,0,4,230,France,Male,SILVER,0
660,33,2,80462.24,1,0,0,210606.29,0,2,652,Spain,Male,DIAMOND,0
558,32,5,73494.21,1,0,0,190836.54,0,3,655,France,Male,DIAMOND,0
456,29,5,107000.49,1,1,1,214802.468,0,4,405,France,Male,DIAMOND,0
662,22,2,126362.57,2,1,1,136350.91999999998,0,5,964,Germany,Female,SILVER,0
667,36,9,0.0,2,1,1,56102.206,0,4,472,Germany,Male,SILVER,0
646,36,6,144773.29,2,1,0,74519.22,0,3,246,Germany,Female,SILVER,0
522,41,5,144147.68,1,1,1,20720.859999999997,0,3,225,France,Male,GOLD,0
728,30,10,114835.43,1,0,1,52742.486,0,5,548,Germany,Male,PLATINUM,0
711,52,8,145262.54,1,0,1,184077.634,0,1,282,Germany,Female,SILVER,0
578,46,5,113226.47,1,1,0,79494.064,0,4,916,Germany,Male,PLATINUM,0
649,47,1,0.0,2,1,1,203846.38999999998,0,4,908,Germany,Male,GOLD,0
555,24,5,0.0,2,1,0,38533.858,0,3,747,France,Male,PLATINUM,0
613,47,6,146034.74,1,1,1,108019.59599999999,0,2,793,France,Male,DIAMOND,0
850,44,8,0.0,2,1,1,257079.248,0,1,783,Spain,Male,GOLD,0
667,44,2,122806.95,1,0,0,21184.203999999998,0,5,236,France,Male,SILVER,0
631,31,2,88161.85,2,1,0,178698.232,0,1,804,Spain,Female,PLATINUM,0
601,38,0,0.0,2,1,0,231290.30999999997,0,4,657,France,Female,PLATINUM,0
655,38,9,0.0,1,0,1,126701.462,0,5,544,Spain,Male,PLATINUM,0
655,32,6,130935.56,1,1,0,12953.562,1,4,515,Germany,Female,PLATINUM,1
699,35,2,167455.66,2,1,1,77469.286,0,3,936,Spain,Male,GOLD,0
579,38,4,175739.36,1,1,1,270397.76999999996,0,1,539,Germany,Female,DIAMOND,0
542,31,3,0.0,2,1,1,161319.626,0,1,945,Germany,Female,DIAMOND,0
629,40,6,0.0,2,1,1,195113.81999999998,0,4,327,Germany,Female,SILVER,0
627,55,6,0.0,1,0,0,128736.51599999999,1,3,396,Spain,Female,SILVER,1
805,46,6,118022.06,3,1,0,227715.40999999997,1,4,719,Germany,Male,GOLD,1
815,28,6,0.0,2,0,1,259781.79399999997,0,2,276,Spain,Male,SILVER,0
618,41,4,115251.64,1,0,0,191025.05,0,5,644,Spain,Male,PLATINUM,0
812,44,8,0.0,3,1,0,93712.56199999999,1,2,812,Spain,Female,PLATINUM,1
682,61,10,73688.2,1,1,1,241012.86199999996,0,2,603,Germany,Male,SILVER,0
489,31,7,139395.08,1,0,1,8584.176,0,4,348,Germany,Female,PLATINUM,0
599,44,10,118577.24,1,1,1,44042.928,0,2,785,Germany,Male,SILVER,0
745,38,7,0.0,2,1,1,271938.148,0,3,401,Spain,Female,DIAMOND,0
643,35,2,0.0,2,0,0,95186.09,0,1,538,Spain,Male,PLATINUM,0
681,34,3,0.0,2,0,0,78157.68,0,2,628,France,Male,GOLD,0
721,54,5,0.0,2,1,1,6305.3679999999995,0,5,863,France,Male,DIAMOND,0
476,32,6,111871.93,1,0,0,157001.004,0,3,988,Germany,Female,GOLD,0
632,34,2,0.0,2,0,0,231554.76999999996,0,4,521,Germany,Female,SILVER,0
648,54,7,118241.02,1,1,0,241636.646,1,3,884,Spain,Female,DIAMOND,1
621,40,8,174126.75,3,1,0,241502.09199999998,1,5,994,Germany,Male,SILVER,1
495,38,2,63093.01,1,1,1,65940.608,0,3,850,France,Female,PLATINUM,0
666,35,2,104832.49,1,1,0,245036.16799999998,0,4,411,Spain,Male,DIAMOND,0
517,45,4,0.0,1,0,0,241759.10399999996,1,3,296,France,Female,SILVER,1
733,31,9,102289.85,1,1,1,161633.324,0,2,239,Spain,Female,PLATINUM,0
637,50,4,126345.55,1,0,1,24267.199999999997,1,3,683,Germany,Male,PLATINUM,1
668,28,4,107141.27,1,1,0,270241.19399999996,0,5,898,France,Male,PLATINUM,0
577,43,8,79757.21,1,1,0,189926.008,1,3,270,Spain,Male,SILVER,1
711,26,9,128793.63,1,1,0,26981.87,0,2,274,Germany,Male,GOLD,0
730,33,0,0.0,2,1,0,2079.7059999999997,0,2,506,Germany,Male,SILVER,0
848,35,5,120046.74,2,1,0,118609.90999999999,0,5,644,Spain,Male,GOLD,0
615,33,3,137657.25,2,1,1,240335.598,0,4,676,Germany,Female,PLATINUM,0
561,21,4,0.0,1,1,1,51734.28999999999,0,3,699,France,Male,DIAMOND,0
652,75,10,0.0,2,1,1,160561.05,0,5,651,Spain,Female,DIAMOND,0
672,37,5,153195.59,1,1,1,227883.214,0,2,391,Germany,Male,PLATINUM,0
498,29,8,127864.26,1,1,1,65364.06,0,5,404,Spain,Male,SILVER,0
646,52,6,111739.4,2,0,1,95729.05199999998,0,1,234,Germany,Female,DIAMOND,0
525,33,4,131023.76,2,0,0,77117.102,0,1,253,Germany,Male,DIAMOND,0
685,23,5,164902.43,1,0,0,197628.19199999998,0,3,492,Spain,Male,GOLD,0
587,55,9,0.0,1,1,0,90445.298,0,1,916,Germany,Male,GOLD,0
507,33,1,113452.66,1,0,0,200091.78599999996,0,1,401,Germany,Female,SILVER,0
635,78,6,47536.4,1,1,1,167175.112,0,4,896,Germany,Female,GOLD,0
706,30,3,98415.37,1,1,1,154743.672,0,3,635,Germany,Male,PLATINUM,0
749,42,2,56726.83,2,0,1,259775.69,0,2,937,Germany,Male,SILVER,0
505,34,10,104498.79,1,0,1,177046.596,0,3,244,France,Male,DIAMOND,0
632,28,7,155519.59,1,1,0,2595.536,0,5,557,Spain,Male,PLATINUM,0
624,52,0,133723.43,1,0,0,6818.4259999999995,1,5,500,Germany,Female,SILVER,1
611,35,10,0.0,1,1,1,33052.522,1,5,927,Germany,Male,SILVER,1
707,58,6,89685.92,1,0,1,177074.582,0,2,230,Germany,Male,GOLD,0
670,42,5,49508.79,3,1,1,140468.61399999997,0,4,229,Germany,Female,PLATINUM,0
639,37,5,98186.7,1,0,1,242756.73,0,3,261,Germany,Male,DIAMOND,0
621,47,7,107363.29,1,1,1,93533.992,0,5,801,Germany,Male,DIAMOND,0
523,34,7,0.0,2,1,0,86857.08399999999,0,4,566,Spain,Male,DIAMOND,0
826,30,5,0.0,2,0,1,220371.598,0,1,342,Germany,Female,SILVER,0
567,23,9,93522.2,1,0,1,114010.85399999999,0,5,327,Germany,Female,SILVER,0
724,29,4,0.0,1,1,0,12590.849999999999,0,5,881,Germany,Male,GOLD,0
769,43,4,110182.54,2,1,1,122567.248,0,2,505,Germany,Male,PLATINUM,0
531,37,1,0.0,1,1,0,6464.758,0,1,427,Germany,Female,GOLD,0
609,26,7,0.0,2,1,0,137864.586,0,3,817,France,Male,SILVER,0
714,34,5,0.0,2,1,0,270271.448,0,3,446,Spain,Male,SILVER,0
731,37,3,116880.53,1,0,0,241820.69,1,5,782,Germany,Male,SILVER,1
604,28,6,0.0,2,1,1,96693.76399999998,0,4,634,Spain,Female,SILVER,0
597,33,9,0.0,2,1,0,69139.74799999999,0,2,297,France,Male,PLATINUM,0
661,27,3,0.0,2,1,1,107660.70599999999,0,2,969,Germany,Female,SILVER,0
521,25,7,0.0,2,1,1,221045.138,0,1,323,France,Male,SILVER,0
435,36,4,0.0,1,1,1,275836.27999999997,0,4,758,France,Male,PLATINUM,0
850,68,5,169445.4,1,1,1,260884.098,0,4,618,France,Male,PLATINUM,0
507,46,6,92783.68,1,1,1,72009.006,0,2,322,Spain,Male,DIAMOND,0
850,57,8,126776.3,2,1,1,185232.88599999997,0,3,244,Spain,Female,GOLD,0
481,28,10,0.0,2,1,0,203317.34399999998,0,4,318,France,Female,PLATINUM,0
663,43,4,87624.03,2,1,0,209176.86199999996,0,1,473,France,Male,PLATINUM,0
592,66,5,149950.19,1,1,1,106789.62599999999,0,4,404,France,Female,DIAMOND,0
679,44,3,118742.74,2,1,0,2211.474,0,1,233,France,Female,DIAMOND,0
786,34,9,0.0,2,1,0,163863.048,0,4,472,Spain,Female,SILVER,0
719,32,9,146605.27,1,1,1,107982.23,0,2,603,Germany,Male,GOLD,0
731,33,4,0.0,2,1,1,104938.154,0,3,383,Germany,Male,GOLD,0
606,71,8,0.0,2,1,1,237653.74399999998,0,4,814,Germany,Female,GOLD,0
724,54,8,172192.49,1,1,1,191677.814,0,2,565,Germany,Male,SILVER,0
573,47,8,154543.98,1,1,0,41436.422,0,4,842,Germany,Female,DIAMOND,0
491,61,8,0.0,2,0,1,195821.142,0,4,973,Spain,Female,PLATINUM,0
729,26,4,97268.1,2,1,0,55113.93199999999,0,3,309,Germany,Male,GOLD,0
655,37,6,109093.41,2,1,0,2500.7279999999996,0,5,804,Germany,Male,SILVER,0
701,48,1,92072.68,1,1,1,187604.30399999997,0,3,340,Germany,Female,SILVER,0
841,34,4,0.0,2,1,0,198230.724,0,3,572,Germany,Male,DIAMOND,0
627,31,8,128131.73,1,1,0,134599.058,0,3,757,France,Male,PLATINUM,0
559,34,5,68999.66,2,1,1,93645.978,0,2,840,France,Female,PLATINUM,0
543,34,8,0.0,2,0,1,203857.51999999996,0,5,236,France,Female,SILVER,0
654,40,3,0.0,2,1,0,235059.74,0,4,428,Germany,Female,DIAMOND,0
639,38,4,81550.94,2,0,1,166579.67799999999,0,4,860,Germany,Female,GOLD,0
617,74,10,0.0,2,1,1,75544.972,0,3,957,France,Male,SILVER,0
703,42,7,0.0,2,0,1,101515.95199999999,0,3,449,France,Female,DIAMOND,0
519,42,8,0.0,2,1,1,142095.008,0,4,427,France,Male,SILVER,0
549,29,8,0.0,2,1,1,265396.816,0,4,278,France,Female,GOLD,0
452,33,6,131698.57,2,1,0,212288.474,0,3,475,France,Female,GOLD,0
738,33,3,122134.4,2,0,1,39029.626,0,4,298,Spain,Female,SILVER,0
787,32,4,0.0,2,1,1,18549.502,0,2,643,Germany,Male,PLATINUM,0
807,37,10,130110.45,2,0,1,240952.13,0,4,539,Germany,Male,DIAMOND,0
607,39,8,105103.33,1,1,0,146625.09999999998,1,4,697,Germany,Female,PLATINUM,1
724,53,1,139687.66,2,1,1,18094.487999999998,0,2,371,Germany,Female,DIAMOND,0
625,51,4,124620.01,2,1,0,129156.51599999999,1,4,513,Germany,Female,DIAMOND,1
788,55,3,0.0,1,0,1,18618.843999999997,1,5,751,Germany,Male,DIAMOND,1
711,38,10,0.0,2,0,0,74651.492,0,1,784,France,Male,DIAMOND,0
655,32,9,113447.01,1,1,0,114933.01999999999,0,5,748,Germany,Male,DIAMOND,0
574,41,1,0.0,2,0,0,98785.0,0,3,382,France,Male,SILVER,0
521,49,4,82940.25,2,0,0,87393.21399999999,1,3,772,Spain,Female,GOLD,1
597,33,6,135703.59,2,0,0,104806.17599999999,0,3,438,Germany,Female,SILVER,0
671,31,0,116234.61,1,1,0,240949.51199999996,0,5,395,France,Male,SILVER,0
664,35,1,115024.5,1,0,1,237547.106,0,2,678,Spain,Male,DIAMOND,0
737,70,9,87542.89,2,1,1,59622.604,0,4,631,Germany,Female,DIAMOND,0
850,38,5,146756.68,1,1,0,109591.05399999999,0,2,364,Germany,Male,GOLD,0
633,35,3,0.0,2,1,1,50764.664,0,2,376,Germany,Male,GOLD,0
814,44,8,95488.82,2,0,0,149834.02599999998,0,4,474,Germany,Male,DIAMOND,0
705,47,3,63488.7,1,0,1,40112.28799999999,1,4,555,Spain,Female,DIAMOND,1
499,60,7,76961.6,2,1,1,117116.41799999999,0,1,514,Germany,Male,PLATINUM,0
766,30,4,127786.28,2,1,1,40446.02,0,1,491,Germany,Male,SILVER,0
689,26,4,120727.97,1,0,1,208718.432,0,5,915,Germany,Male,PLATINUM,0
622,38,5,0.0,2,0,0,147429.078,0,1,773,Germany,Male,SILVER,0
577,32,1,0.0,2,1,0,13878.345999999998,0,2,899,France,Female,SILVER,0
684,54,6,0.0,2,1,1,132859.04,0,3,335,Germany,Male,SILVER,0
850,53,7,65407.16,2,0,0,255702.082,1,1,480,Spain,Female,PLATINUM,1
731,33,5,137388.01,2,1,0,231015.95199999996,0,3,935,Spain,Female,PLATINUM,0
850,42,3,0.0,2,1,1,247651.788,0,2,634,France,Female,GOLD,0
521,29,3,60280.62,1,1,0,215994.974,0,3,700,Spain,Male,DIAMOND,0
630,42,6,0.0,2,1,0,227792.10199999998,0,1,986,France,Male,GOLD,0
668,47,7,106854.21,1,0,1,221157.62799999997,1,3,629,Germany,Male,GOLD,1
555,31,8,145875.74,1,1,0,192502.722,0,3,239,Germany,Male,GOLD,0
671,58,1,178713.98,1,1,1,30490.493999999995,0,4,953,Spain,Male,SILVER,0
591,29,1,97541.24,1,1,1,274913.638,0,2,850,Spain,Male,PLATINUM,0
705,36,1,111629.29,1,1,1,30545.023999999998,0,5,812,Spain,Male,PLATINUM,0
499,39,6,0.0,2,1,1,113987.59999999999,0,3,351,Spain,Male,GOLD,0
662,20,9,104508.77,2,0,0,102365.54199999999,0,5,944,Spain,Male,DIAMOND,0
683,30,2,0.0,2,0,1,140710.57599999997,1,2,526,Germany,Female,PLATINUM,1
468,36,3,61636.97,1,0,0,150917.38799999998,0,4,928,France,Male,GOLD,0
499,28,4,141792.61,1,1,1,30817.674,0,2,695,Germany,Female,PLATINUM,0
506,40,3,0.0,1,1,1,202098.81199999998,0,1,479,France,Female,PLATINUM,0
708,33,8,0.0,2,0,1,21360.561999999998,0,3,304,Germany,Female,PLATINUM,0
577,25,3,0.0,2,0,1,174326.60599999997,0,3,659,France,Male,PLATINUM,0
806,18,3,0.0,2,1,1,121807.35599999999,0,2,768,Spain,Male,GOLD,0
654,37,2,145610.07,2,0,0,260835.82599999997,0,5,458,Germany,Male,SILVER,0
850,33,7,118004.26,1,1,0,257592.348,0,5,782,France,Female,SILVER,0
702,38,2,0.0,1,1,1,226659.082,0,2,364,Spain,Female,GOLD,0
516,65,9,102541.1,1,1,0,254101.588,0,4,933,Spain,Female,PLATINUM,0
780,34,1,0.0,1,1,1,90740.656,0,1,885,Germany,Male,PLATINUM,0
557,34,3,83074.0,1,1,0,185757.508,0,2,496,Germany,Male,GOLD,0
568,33,7,0.0,2,1,0,200845.85399999996,0,1,392,France,Male,PLATINUM,0
570,21,7,116099.82,1,1,1,207337.66799999998,0,5,888,Spain,Male,DIAMOND,0
690,26,5,157624.84,1,1,1,69453.97799999999,0,5,881,Germany,Female,DIAMOND,0
664,44,8,142989.69,1,1,1,161648.514,1,3,750,Germany,Female,DIAMOND,1
550,46,7,0.0,2,1,0,182841.49,0,5,473,Germany,Female,GOLD,0
850,53,2,94078.97,2,1,0,51787.756,0,4,325,Germany,Male,GOLD,0
590,37,0,64345.21,1,0,1,86478.06199999999,1,5,282,Spain,Female,GOLD,1
564,30,0,100954.88,2,0,0,187860.21,0,1,747,Germany,Female,PLATINUM,0
790,50,8,121438.58,1,1,1,247075.49199999997,1,4,352,Germany,Male,GOLD,1
683,30,4,114779.35,1,0,0,256455.058,0,1,403,Germany,Male,SILVER,0
661,51,6,146606.6,1,1,1,95245.65999999999,0,5,259,France,Male,DIAMOND,0
696,49,5,97036.22,2,1,0,213446.17599999998,1,1,594,Germany,Male,PLATINUM,1
793,38,9,0.0,2,1,0,123530.02799999999,0,1,690,Spain,Male,SILVER,0
663,28,8,61274.7,2,1,0,190491.23,0,4,244,Spain,Female,PLATINUM,0
584,35,2,114321.28,2,0,0,22357.613999999998,0,3,855,France,Female,DIAMOND,0
432,38,7,0.0,2,1,0,210828.232,0,1,716,Spain,Male,PLATINUM,0
794,54,1,75900.84,1,1,1,269031.524,0,4,322,Germany,Female,GOLD,0
553,41,1,0.0,2,1,0,126865.23399999998,0,2,534,Germany,Male,PLATINUM,0
667,34,5,0.0,2,1,0,229377.896,0,5,627,Spain,Female,DIAMOND,0
730,36,8,148749.29,2,1,0,128578.04999999999,0,3,694,France,Female,GOLD,0
534,41,9,0.0,2,1,0,19434.876,0,2,222,Germany,Male,DIAMOND,0
604,30,5,0.0,2,1,0,106116.17,0,1,468,Germany,Male,PLATINUM,0
580,29,9,61710.44,2,1,0,179323.91999999998,0,1,520,Spain,Male,DIAMOND,0
754,39,3,74896.33,1,0,0,48217.224,0,1,787,France,Male,PLATINUM,0
660,39,5,135134.99,1,1,0,243171.19999999998,1,1,816,Germany,Female,DIAMOND,1
608,34,4,88772.87,1,1,1,236365.81399999998,0,1,626,France,Female,GOLD,0
735,43,9,98807.45,1,0,0,258413.05599999998,1,4,730,Germany,Female,SILVER,1
753,39,7,155062.8,1,1,1,23060.077999999998,0,3,674,Germany,Female,GOLD,0
739,40,4,0.0,2,0,0,242665.30999999997,0,4,804,Germany,Male,GOLD,0
640,66,9,116037.76,1,0,1,258505.46999999997,0,1,909,France,Female,DIAMOND,0
663,28,4,0.0,2,1,1,173572.49599999998,0,2,540,France,Male,PLATINUM,0
701,36,7,95448.32,2,1,0,264734.098,0,1,692,Germany,Male,PLATINUM,0
726,36,2,0.0,1,1,0,273284.36,0,5,560,Spain,Male,SILVER,0
456,33,1,188285.68,1,0,0,81724.516,0,5,516,Germany,Female,PLATINUM,0
610,25,2,0.0,2,1,0,173228.362,0,3,923,Germany,Female,SILVER,0
793,54,2,128966.13,1,0,0,26101.760000000002,1,5,835,Germany,Male,SILVER,1
568,30,8,73054.37,2,1,1,37831.799999999996,0,5,560,France,Male,PLATINUM,0
635,43,5,78992.75,2,0,0,214586.43399999998,0,5,368,Germany,Male,SILVER,0
534,52,1,0.0,3,1,1,145664.574,1,5,278,Germany,Male,SILVER,1
621,43,5,0.0,1,1,1,66624.82999999999,0,1,777,Germany,Female,SILVER,0
830,40,8,77701.64,1,0,1,27332.332,0,4,671,Germany,Female,DIAMOND,0
759,26,4,0.0,2,1,0,189567.468,0,3,275,Germany,Male,DIAMOND,0
753,33,5,122568.05,2,1,1,115964.19,0,4,491,Germany,Male,GOLD,0
741,21,9,0.0,2,0,1,194978.356,0,5,781,Germany,Female,SILVER,0
705,43,7,79974.55,1,1,1,144366.66199999998,0,1,475,Germany,Female,SILVER,0
660,29,6,180520.29,1,1,1,173405.812,0,2,988,Germany,Female,SILVER,0
660,63,8,137841.53,1,1,1,59921.405999999995,0,2,985,France,Male,GOLD,0
573,31,0,134644.19,1,1,1,98549.086,0,5,603,Germany,Male,SILVER,0
553,41,9,110112.54,2,0,0,114673.33399999999,0,3,611,Germany,Male,GOLD,0
618,30,3,133844.22,1,1,1,43984.702,0,5,422,France,Male,GOLD,0
599,41,2,91328.71,1,1,0,162029.69199999998,0,1,381,France,Female,GOLD,0
558,31,7,0.0,1,1,0,277591.71199999994,0,5,239,France,Male,PLATINUM,0
689,58,5,0.0,2,0,1,69803.404,0,3,478,Germany,Female,SILVER,0
583,48,3,91246.53,1,1,0,84039.44399999999,1,4,401,Germany,Male,SILVER,1
737,43,0,80090.93,1,1,0,55903.0,1,5,394,France,Male,SILVER,1
683,30,8,110829.52,2,0,0,34929.376,0,2,698,Germany,Male,PLATINUM,0
535,45,2,0.0,2,0,1,238885.16999999995,0,4,921,France,Female,GOLD,0
711,43,2,39043.29,2,1,1,245608.166,0,2,258,Germany,Male,DIAMOND,0
592,34,6,102143.93,2,1,1,143695.572,0,2,962,Germany,Female,GOLD,0
748,39,3,0.0,2,1,1,173612.92799999999,0,2,511,Spain,Male,PLATINUM,0
837,49,8,103302.37,1,1,1,71379.398,0,3,999,France,Male,PLATINUM,0
547,29,6,104450.86,1,1,1,52039.39199999999,0,2,546,Germany,Female,SILVER,0
616,23,8,73112.95,1,1,1,87841.27,0,1,606,Germany,Male,GOLD,0
694,39,5,77652.4,1,1,1,35585.626,0,3,350,Germany,Male,GOLD,0
693,47,8,107604.66,1,1,1,112223.978,0,5,446,Spain,Male,SILVER,0
677,49,3,0.0,2,1,1,262951.394,0,3,643,Germany,Female,GOLD,0
608,30,2,91057.37,2,1,0,186177.438,0,4,379,Germany,Female,GOLD,0
514,38,4,112230.38,1,1,0,23418.953999999998,1,1,336,Germany,Male,GOLD,1
679,42,1,0.0,2,0,0,100567.40999999999,0,1,726,Germany,Male,SILVER,0
691,26,9,136623.19,1,1,0,214534.19999999998,0,3,550,France,Male,GOLD,0
773,63,9,111179.83,1,1,1,130342.428,0,4,960,Spain,Male,DIAMOND,0
764,41,7,0.0,2,0,0,188844.67599999998,0,3,784,France,Male,SILVER,0
698,55,8,155059.1,2,1,1,202433.006,0,2,976,Germany,Male,GOLD,0
732,43,6,0.0,2,1,0,92039.14199999999,0,3,767,France,Female,PLATINUM,0
546,42,9,86351.85,2,1,0,80347.18199999999,0,2,544,Germany,Female,GOLD,0
620,43,2,0.0,2,1,0,28953.139999999996,0,5,540,Spain,Female,GOLD,0
692,28,8,95059.02,2,1,0,62203.25199999999,0,1,588,Germany,Female,GOLD,0
536,35,8,0.0,1,1,0,240591.33599999998,1,1,418,Germany,Female,SILVER,1
544,38,8,0.0,1,1,1,137507.068,0,3,661,Germany,Male,GOLD,0
726,38,4,0.0,2,0,0,9517.471999999998,0,5,523,Germany,Female,DIAMOND,0
500,30,2,125495.64,2,1,1,96345.458,0,3,276,Germany,Male,SILVER,0
631,26,1,149144.61,1,0,1,173192.12999999998,0,3,887,France,Male,PLATINUM,0
632,30,2,72549.0,2,0,1,255835.31999999998,0,3,845,Germany,Male,DIAMOND,0
742,28,2,191864.51,1,1,0,151856.186,1,5,489,Germany,Female,SILVER,1
621,32,1,0.0,2,1,1,236306.25799999997,0,5,781,Germany,Male,GOLD,0
653,46,0,119556.1,1,1,0,109565.182,1,2,975,France,Male,PLATINUM,1
529,35,5,0.0,2,1,1,262218.89999999997,0,2,395,Spain,Male,PLATINUM,0
576,45,5,133618.01,1,0,0,189357.81799999997,0,3,291,Spain,Male,SILVER,0
413,39,1,130969.77,2,1,1,222463.506,0,1,827,Germany,Male,PLATINUM,0
653,60,2,120731.39,4,1,1,193439.15399999998,1,4,663,Germany,Female,GOLD,1
510,32,9,103324.78,1,1,1,64593.77999999999,0,3,244,Germany,Male,GOLD,0
791,33,3,0.0,1,1,1,202194.488,1,5,653,Germany,Female,SILVER,1
581,39,1,121523.51,1,0,0,226332.76999999996,1,3,875,Germany,Male,SILVER,1
458,43,1,106870.12,2,1,0,140805.118,0,3,322,Germany,Female,DIAMOND,0
489,51,3,0.0,2,0,1,243752.59199999998,1,3,683,France,Female,GOLD,1
850,32,8,0.0,2,1,1,77846.31999999999,0,2,341,France,Female,SILVER,0
759,40,4,0.0,2,1,0,174476.82599999997,0,1,685,Germany,Male,SILVER,0
612,46,9,161450.03,1,1,1,135760.4,1,2,882,Germany,Male,PLATINUM,1
652,26,1,131908.35,1,1,1,250992.706,0,1,343,Germany,Female,PLATINUM,0
678,49,8,0.0,2,0,1,137341.966,0,3,401,Spain,Female,DIAMOND,0
767,34,8,0.0,2,1,0,132689.878,0,1,911,France,Female,GOLD,0
679,33,4,96110.22,1,1,0,1657.522,0,2,681,Spain,Male,SILVER,0
668,25,8,0.0,2,1,1,189171.92599999998,0,2,765,Spain,Male,SILVER,0
769,40,9,133871.05,1,1,1,70810.22799999999,0,4,887,France,Female,PLATINUM,0
487,31,1,0.0,2,1,0,222265.182,0,3,546,Spain,Female,SILVER,0
602,34,8,98382.72,1,1,0,55373.799999999996,0,4,240,Spain,Male,GOLD,0
539,30,0,0.0,2,1,0,225386.524,0,4,231,France,Male,DIAMOND,0
728,28,4,142243.54,2,1,0,46319.314,0,4,903,Germany,Female,SILVER,0
611,34,4,0.0,2,1,0,239345.81199999998,0,4,911,Spain,Male,DIAMOND,0
728,69,1,0.0,2,1,1,184541.80399999997,0,4,341,Germany,Female,PLATINUM,0
687,44,8,95368.14,2,1,1,2517.99,0,3,619,Germany,Male,GOLD,0
576,30,7,132174.41,2,0,0,131288.842,0,1,546,Germany,Male,GOLD,0
724,37,10,68598.56,1,1,0,221022.948,0,1,260,France,Female,GOLD,0
669,38,9,121858.98,1,1,0,183072.476,0,2,981,Germany,Female,DIAMOND,0
751,48,9,0.0,1,1,0,192526.788,1,3,702,France,Female,SILVER,1
551,45,6,0.0,2,1,1,71615.802,0,1,692,France,Female,GOLD,0
541,29,7,127504.57,1,0,0,120658.48799999998,0,4,647,Germany,Male,DIAMOND,0
613,45,9,142765.24,2,1,0,48664.51,0,3,647,Germany,Female,SILVER,0
736,29,4,0.0,2,0,0,72402.014,0,2,240,France,Male,DIAMOND,0
656,27,4,118627.16,2,1,1,225184.41999999998,0,4,563,Germany,Male,SILVER,0
718,28,4,65643.3,1,1,0,40280.386,0,5,887,Germany,Male,GOLD,0
648,35,7,0.0,2,1,1,109825.904,0,2,853,Spain,Male,SILVER,0
524,52,2,87894.26,1,1,0,243474.188,1,4,771,France,Male,SILVER,1
815,56,3,0.0,3,1,1,131962.424,1,3,688,France,Female,GOLD,1
696,28,4,172646.82,1,1,1,163075.00199999998,0,4,441,Germany,Male,DIAMOND,0
785,32,3,124493.03,2,0,1,73632.306,1,1,839,Germany,Female,DIAMOND,1
753,32,5,159904.79,1,1,0,208350.59600000002,0,1,767,Germany,Male,GOLD,0
543,42,5,0.0,2,0,0,142682.476,0,2,266,France,Female,SILVER,0
597,53,4,88381.21,1,1,0,97153.594,1,3,369,France,Female,GOLD,1
802,38,7,0.0,2,0,1,80885.51,0,5,476,Spain,Male,GOLD,0
601,47,1,142802.02,1,1,1,80589.22799999999,0,1,712,Germany,Female,SILVER,0
757,51,1,0.0,1,1,1,31984.182,1,2,740,France,Female,SILVER,1
640,63,2,68432.45,2,1,1,157519.536,1,1,384,France,Male,SILVER,1
625,38,7,0.0,1,1,0,230740.62799999997,0,1,480,France,Female,DIAMOND,0
557,33,3,54503.55,1,1,1,534.47,0,5,362,Germany,Male,SILVER,0
540,39,1,82531.11,1,1,0,159744.528,0,3,361,Germany,Male,GOLD,0
812,24,1,92476.88,1,0,0,116560.99599999998,0,4,816,Spain,Female,GOLD,0
626,27,4,115084.53,2,0,1,37685.401999999995,0,3,258,Germany,Male,GOLD,0
810,38,9,153166.17,1,1,1,130581.366,0,2,474,Germany,Female,DIAMOND,0
503,36,9,0.0,2,1,1,22799.538,0,5,916,Spain,Female,SILVER,0
684,37,1,126817.13,2,1,1,42009.162,1,1,511,Germany,Male,GOLD,1
808,41,0,0.0,1,1,1,111859.29199999999,0,3,398,Germany,Male,GOLD,0
597,29,1,132144.35,1,1,0,221335.86199999996,0,1,718,France,Female,DIAMOND,0
571,38,1,121405.04,1,1,1,216796.908,0,4,585,France,Male,GOLD,0
692,36,3,79551.12,1,0,1,249588.898,0,2,591,France,Female,SILVER,0
528,29,3,102787.42,1,1,0,78376.58399999999,0,4,751,Germany,Male,GOLD,0
544,64,3,124043.8,1,1,1,155979.158,1,1,642,France,Female,DIAMOND,1
588,30,3,115007.08,1,0,0,247616.9,0,1,572,France,Male,PLATINUM,0
715,35,4,40169.88,2,1,1,279815.458,0,5,484,Spain,Female,GOLD,0
619,29,5,0.0,2,1,0,272049.14,0,1,775,Germany,Male,DIAMOND,0
642,32,3,0.0,2,1,1,124193.362,0,1,350,France,Male,SILVER,0
563,33,8,0.0,2,0,1,96356.06999999999,0,5,983,France,Male,PLATINUM,0
544,44,1,0.0,2,0,0,96956.936,0,2,926,France,Male,GOLD,0
569,44,4,0.0,2,0,0,188167.69199999998,0,1,592,Germany,Female,SILVER,0
766,32,6,185714.28,1,1,1,143518.5,0,5,807,France,Male,GOLD,0
534,36,4,120037.96,1,1,0,50801.316,0,4,488,France,Male,PLATINUM,0
534,51,3,0.0,2,0,1,29213.834,0,5,253,Spain,Male,GOLD,0
637,28,3,123675.69,1,1,1,233056.77399999998,0,4,711,Germany,Male,DIAMOND,0
623,44,1,83325.77,1,0,1,113175.29199999999,0,1,525,Spain,Male,DIAMOND,0
608,38,9,102406.76,1,0,1,80655.924,0,3,516,Spain,Female,SILVER,0
684,39,4,207034.96,2,0,0,220787.664,1,4,800,Spain,Male,DIAMOND,1
709,26,6,156551.63,1,0,1,6190.078,0,1,772,France,Male,DIAMOND,0
736,46,5,130812.91,1,1,1,109189.15599999999,1,3,610,Germany,Male,SILVER,1
437,49,9,111634.29,2,0,1,233031.448,0,3,805,France,Male,DIAMOND,0
798,34,9,154495.79,1,1,0,267969.232,0,1,370,France,Male,PLATINUM,0
835,35,6,127120.07,1,1,0,40205.765999999996,0,2,525,Germany,Male,PLATINUM,0
692,45,6,142084.04,4,1,0,263643.19,1,5,322,Germany,Male,DIAMOND,1
705,34,7,117715.84,1,1,0,3513.138,0,5,408,France,Male,PLATINUM,0
682,37,5,0.0,2,0,1,157591.55199999997,0,3,897,Germany,Male,PLATINUM,0
639,27,2,0.0,1,1,1,116129.586,0,4,520,Spain,Female,GOLD,0
571,37,9,139592.98,3,1,0,145828.71,1,5,923,Germany,Male,PLATINUM,1
585,67,5,113978.97,2,0,1,130419.55399999999,0,5,580,France,Female,SILVER,0
675,34,8,0.0,2,1,1,258794.09399999998,0,2,977,Germany,Male,GOLD,0
537,26,7,106397.75,1,0,0,145003.522,0,3,445,Germany,Male,DIAMOND,0
529,28,9,0.0,2,1,1,73578.336,0,2,572,France,Male,GOLD,0
738,57,9,148384.64,1,0,0,217080.95399999997,1,5,285,Germany,Female,DIAMOND,1
754,35,4,0.0,2,1,1,13536.774,0,1,474,Spain,Male,SILVER,0
850,28,2,0.0,2,1,1,54298.236,0,2,887,Germany,Female,PLATINUM,0
579,43,2,145843.82,1,1,1,277778.31799999997,1,2,783,Spain,Male,GOLD,1
752,36,2,119912.46,1,1,0,174111.88799999998,0,4,707,France,Female,PLATINUM,0
745,44,0,119638.21,1,1,1,47986.112,1,3,660,Germany,Female,SILVER,1
680,35,9,0.0,2,0,0,201298.68399999998,0,5,590,Spain,Male,PLATINUM,0
416,25,0,97738.97,2,1,1,224747.66199999998,0,1,974,Germany,Female,DIAMOND,0
631,27,10,134169.62,1,1,1,247437.02799999996,0,5,863,Spain,Male,PLATINUM,0
744,41,7,190409.34,2,1,1,193721.07200000001,0,3,915,Germany,Male,PLATINUM,0
655,45,7,57327.04,1,0,1,66303.59999999999,0,3,892,Germany,Female,SILVER,0
850,33,2,83415.04,1,0,1,104899.696,0,3,271,Germany,Female,PLATINUM,0
799,35,7,0.0,2,0,1,197108.11999999997,0,4,695,Spain,Male,PLATINUM,0
762,35,3,119349.69,3,1,1,65974.852,1,5,253,Spain,Female,DIAMOND,1
631,55,9,99685.06,1,1,0,160279.97199999998,0,1,932,Spain,Male,DIAMOND,0
678,38,2,0.0,2,0,0,161111.586,0,1,223,France,Female,PLATINUM,0
708,32,8,187487.63,1,1,1,168176.69999999998,0,3,681,Spain,Female,GOLD,0
497,27,9,75263.16,1,1,1,230770.05599999998,0,5,709,Spain,Male,GOLD,0
684,38,3,134168.5,3,1,0,5568.099999999999,1,5,888,Spain,Female,DIAMOND,1
660,52,4,86891.84,1,1,0,127243.86399999999,0,4,753,Germany,Female,DIAMOND,0
763,32,8,0.0,2,1,0,23430.742,0,4,490,Spain,Female,GOLD,0
765,45,2,91549.78,1,1,1,66010.216,0,3,926,Spain,Male,PLATINUM,0
820,39,9,111336.89,1,1,0,23493.434,1,5,753,Germany,Male,PLATINUM,1
645,29,4,0.0,2,1,1,104099.55399999999,0,4,268,Spain,Female,GOLD,0
605,29,3,116805.82,1,0,0,5744.849999999999,0,5,851,Spain,Female,PLATINUM,0
640,67,3,0.0,1,0,1,60165.48199999999,0,5,461,France,Female,GOLD,0
532,39,0,0.0,2,1,0,132983.22,0,1,777,Spain,Female,PLATINUM,0
616,44,7,193213.02,2,1,1,192364.87799999997,0,1,364,Spain,Female,GOLD,0
731,40,5,171325.98,1,1,1,223620.57799999998,1,2,964,Spain,Female,SILVER,1
733,74,3,106545.53,1,1,1,188440.41199999998,0,1,978,Germany,Male,GOLD,0
581,41,8,0.0,2,0,0,41646.996,0,3,927,Germany,Male,GOLD,0
768,25,6,0.0,2,1,1,29716.937999999995,0,3,928,France,Male,PLATINUM,0
718,39,3,0.0,2,1,1,203512.15399999998,0,2,709,Germany,Female,PLATINUM,0
580,42,2,123331.36,1,0,0,144937.512,1,3,362,Germany,Female,DIAMOND,1
846,37,6,127103.97,1,1,1,58138.015999999996,0,1,290,France,Female,SILVER,0
657,37,2,0.0,2,1,1,10749.471999999998,0,2,398,France,Female,DIAMOND,0
741,38,9,0.0,2,1,0,20145.613999999998,0,5,347,France,Male,GOLD,0
717,25,7,108664.85,2,1,0,266031.58999999997,0,3,433,Germany,Female,PLATINUM,0
594,18,1,132694.73,1,1,0,234780.384,0,3,323,Germany,Male,SILVER,0
637,48,7,130806.99,2,1,1,184823.19,1,1,358,Germany,Female,PLATINUM,1
639,50,6,115335.32,2,1,1,74397.574,0,3,508,France,Female,DIAMOND,0
577,30,8,92472.1,2,0,1,177023.454,0,4,569,France,Female,SILVER,0
837,31,9,104678.62,1,0,1,71376.64,0,2,263,Spain,Male,SILVER,0
719,50,2,0.0,2,0,0,15095.981999999998,0,4,930,Spain,Male,PLATINUM,0
735,39,1,60374.98,1,1,0,56328.236,0,3,351,Spain,Male,GOLD,0
609,37,5,129312.79,1,1,1,37526.348,0,3,922,Spain,Male,PLATINUM,0
696,27,4,87637.26,2,0,0,274570.89,0,5,685,Germany,Male,GOLD,0
666,36,3,0.0,2,1,0,49234.155999999995,0,2,995,Germany,Male,DIAMOND,0
529,31,2,164003.05,2,1,1,85405.522,0,3,407,Germany,Female,SILVER,0
687,36,5,0.0,1,1,0,24789.708,0,4,630,Spain,Female,SILVER,0
455,37,6,170057.62,1,0,1,76172.984,0,5,932,Germany,Female,GOLD,0
504,73,8,0.0,1,1,1,48448.812,0,3,672,France,Female,GOLD,0
678,30,0,0.0,1,1,0,49173.312,0,4,965,Spain,Male,GOLD,0
765,37,7,102708.77,1,1,0,12737.934,0,4,597,Germany,Male,PLATINUM,0
775,25,10,60205.2,2,1,0,19717.354,0,4,490,Germany,Male,GOLD,0
659,38,3,0.0,2,1,0,221989.34,0,5,804,Germany,Female,SILVER,0
792,28,4,130142.79,1,1,0,53482.092,0,3,911,Germany,Female,DIAMOND,0
779,42,5,0.0,2,0,0,36347.674,0,1,530,France,Female,SILVER,0
774,32,9,0.0,2,1,0,14861.271999999999,0,3,752,Spain,Male,DIAMOND,0
788,33,5,0.0,2,0,0,163784.466,0,3,982,Germany,Female,GOLD,0
704,41,9,62078.21,2,1,0,180685.938,0,3,981,Germany,Male,PLATINUM,0
560,30,0,108883.29,1,1,0,39095.93,0,5,469,France,Female,GOLD,0
631,33,4,123246.7,1,0,0,157777.598,0,3,662,Germany,Female,SILVER,0
636,76,9,126534.6,1,1,1,55720.468,0,4,847,Spain,Male,DIAMOND,0
592,37,7,0.0,2,1,1,177431.862,0,5,241,Germany,Female,SILVER,0
675,36,7,89409.95,1,1,1,209174.58000000002,0,4,844,Germany,Male,GOLD,0
567,46,1,68238.51,2,1,1,153416.612,0,3,281,Germany,Female,PLATINUM,0
540,35,7,128369.75,2,1,0,277573.61,0,2,653,Germany,Female,PLATINUM,0
751,30,3,165257.2,1,0,0,188765.86999999997,0,5,485,France,Male,GOLD,0
477,22,5,82559.42,2,0,0,228373.05999999997,1,3,661,France,Male,DIAMOND,1
608,26,1,106648.98,1,0,1,9904.039999999999,0,5,672,Germany,Male,PLATINUM,0
770,68,2,183555.24,1,0,0,223395.19199999998,1,5,561,France,Female,PLATINUM,1
695,45,9,43134.65,1,0,1,108277.49,0,1,582,Germany,Male,GOLD,0
631,36,1,0.0,2,0,0,186412.876,0,3,555,France,Male,SILVER,0
561,24,8,143656.55,1,0,1,253320.44399999996,0,1,689,Spain,Male,DIAMOND,0
527,33,9,132168.28,1,0,0,138242.80999999997,0,3,399,Spain,Male,GOLD,0
627,30,4,79871.02,2,1,0,181772.64599999998,0,4,396,Germany,Female,DIAMOND,0
748,31,1,99557.94,1,1,0,278972.448,0,1,425,Germany,Female,DIAMOND,0
597,33,2,0.0,2,1,1,6595.923999999999,0,3,955,Spain,Female,GOLD,0
526,32,6,131938.92,2,1,1,2529.302,0,4,414,Germany,Female,SILVER,0
747,61,7,155973.13,1,0,1,206590.964,0,5,527,France,Male,GOLD,0
778,40,8,104291.41,2,1,1,164524.954,0,5,998,Spain,Male,GOLD,0
673,35,6,0.0,2,1,0,138081.30599999998,0,5,222,Spain,Female,SILVER,0
788,36,10,109632.85,1,1,1,22623.782,0,4,283,Spain,Male,GOLD,0
644,46,6,12459.19,1,0,0,219517.27599999998,1,1,896,Spain,Female,PLATINUM,1
748,23,8,85600.08,1,0,0,187723.79399999997,0,4,872,Spain,Female,DIAMOND,0
648,19,1,0.0,2,0,1,30957.604,0,4,303,Germany,Female,GOLD,0
750,38,7,97257.41,2,0,1,251851.256,0,3,324,Spain,Female,DIAMOND,0
746,24,3,137492.35,2,0,1,238213.92599999998,0,3,642,Germany,Male,PLATINUM,0
763,31,7,143966.3,2,1,1,196383.14399999997,1,4,647,Germany,Male,DIAMOND,1
593,44,5,0.0,1,1,0,179280.772,0,2,569,Spain,Male,SILVER,0
686,41,10,0.0,1,1,0,186336.03,0,1,466,Germany,Female,DIAMOND,0
627,41,6,0.0,3,1,1,194196.05,1,4,223,France,Female,DIAMOND,1
593,69,2,187013.13,2,0,1,148273.166,0,1,952,Germany,Male,GOLD,0
731,40,7,118991.79,1,1,1,218483.09600000002,0,2,253,France,Female,PLATINUM,0
635,36,9,81231.85,2,1,0,275438.512,0,3,839,Germany,Female,GOLD,0
498,45,7,109200.74,2,0,1,232401.61599999998,0,5,662,Germany,Male,PLATINUM,0
631,35,9,112392.45,2,1,0,34276.121999999996,0,2,549,France,Male,DIAMOND,0
477,36,3,117700.86,1,0,0,103673.79999999999,0,3,775,Germany,Female,GOLD,0
730,26,6,0.0,2,1,1,260147.18,0,4,325,Spain,Male,GOLD,0
635,29,1,0.0,1,0,1,34826.756,0,1,798,France,Male,GOLD,0
746,29,4,105599.67,1,1,1,60363.63799999999,0,3,425,France,Female,DIAMOND,0
519,48,10,71083.98,1,1,0,193157.59999999998,0,2,824,Germany,Male,SILVER,0
764,39,9,138341.51,1,1,0,70117.116,1,2,699,Germany,Female,GOLD,1
660,19,5,127649.64,1,1,1,56531.11,0,1,863,Germany,Male,GOLD,0
522,34,9,126436.29,1,1,0,243962.92799999996,1,3,973,Spain,Male,GOLD,1
655,40,0,81954.6,1,1,1,278332.816,1,3,535,Germany,Female,SILVER,1
701,35,2,0.0,2,1,1,92086.30799999999,0,5,939,France,Female,PLATINUM,0
589,46,10,0.0,2,0,1,235732.118,0,3,821,Spain,Female,DIAMOND,0
655,38,3,250898.09,3,0,1,113490.59999999999,1,1,336,Spain,Male,SILVER,1
575,28,7,0.0,1,1,1,14947.469999999998,0,1,750,Spain,Male,PLATINUM,0
779,40,2,75470.23,1,1,1,74066.614,0,1,921,Germany,Female,PLATINUM,0
688,34,9,91025.58,2,0,1,229311.19999999998,0,4,985,Germany,Female,SILVER,0
658,32,8,0.0,1,1,1,112589.95199999999,0,1,867,Germany,Male,GOLD,0
525,37,0,0.0,1,0,1,184145.408,0,5,642,Spain,Female,SILVER,0
576,46,4,137367.94,1,1,1,46845.153999999995,0,4,513,Germany,Male,DIAMOND,0
754,35,6,98585.94,2,0,1,148578.57599999997,0,3,765,Germany,Male,PLATINUM,0
581,49,10,0.0,2,0,0,58288.02599999999,0,1,242,Spain,Male,GOLD,0
799,70,8,70416.75,1,1,1,51091.92799999999,0,4,958,France,Male,PLATINUM,0
846,41,5,0.0,3,1,0,4831.657999999999,1,1,994,France,Female,GOLD,1
542,26,2,0.0,2,1,1,76832.356,0,2,303,Spain,Female,PLATINUM,0
693,41,9,181461.48,3,1,1,263116.202,1,3,430,Germany,Female,GOLD,1
606,38,7,128578.52,1,1,1,271444.914,0,4,260,Spain,Male,SILVER,0
699,40,2,0.0,1,1,0,109757.248,0,2,231,Spain,Male,DIAMOND,0
690,36,10,0.0,2,1,0,78279.102,0,2,876,Spain,Male,GOLD,0
479,26,1,0.0,2,1,1,26778.758,0,4,671,Germany,Female,DIAMOND,0
586,35,7,164769.02,3,1,0,167754.94999999998,1,3,290,France,Female,SILVER,1
681,42,3,118199.97,2,1,0,13249.031999999997,1,2,219,Germany,Male,PLATINUM,1
737,22,10,111543.26,2,0,0,148873.99,0,2,258,Germany,Female,PLATINUM,0
692,36,3,0.0,2,1,1,11610.107999999998,0,5,767,Germany,Female,SILVER,0
727,34,10,0.0,2,1,1,278107.27599999995,0,4,768,France,Male,GOLD,0
768,40,8,0.0,2,0,1,96727.644,0,5,334,France,Female,GOLD,0
850,30,2,141040.01,1,1,1,8384.48,0,2,615,Spain,Male,DIAMOND,0
648,56,6,157559.59,2,1,0,197402.722,1,4,320,Spain,Female,SILVER,1
511,57,8,122950.31,1,1,1,253777.264,0,2,757,Spain,Female,GOLD,0
814,48,7,0.0,2,1,1,186033.21,0,1,260,France,Female,GOLD,0
492,35,4,141359.37,2,1,0,55342.342,0,3,807,Germany,Male,PLATINUM,0
454,50,10,92895.56,1,1,0,216096.59999999998,1,3,445,Germany,Female,DIAMOND,1
667,44,5,140406.68,2,0,1,80044.866,0,1,273,Germany,Female,PLATINUM,0
756,32,0,109528.16,2,1,1,78661.83399999999,0,3,516,Germany,Male,GOLD,0
716,44,3,109528.28,1,1,0,38293.282,1,1,771,Germany,Female,DIAMOND,1
846,38,5,0.0,1,1,1,262677.624,0,3,225,Germany,Female,PLATINUM,0
747,38,2,129728.6,1,1,0,125020.35599999999,0,2,747,Germany,Male,PLATINUM,0
850,22,2,0.0,2,1,1,13573.328,0,1,793,Spain,Male,GOLD,0
850,41,1,176958.46,2,0,1,176143.82,0,2,751,Germany,Male,GOLD,0
628,29,3,113146.98,2,0,1,174663.712,0,2,354,Germany,Male,PLATINUM,0
797,33,10,83555.58,1,0,0,97688.996,0,4,513,Germany,Female,SILVER,0
759,41,9,0.0,2,0,1,266426.768,0,4,498,Germany,Male,GOLD,0
650,64,7,142028.36,1,1,0,45200.126,1,3,602,Germany,Female,PLATINUM,1
504,46,2,163764.84,1,1,1,231186.56999999998,1,2,461,Spain,Female,GOLD,1
801,38,5,0.0,2,1,0,92773.778,0,3,940,Germany,Male,PLATINUM,0
645,19,9,128514.84,1,0,0,246371.86599999998,0,5,796,France,Male,GOLD,0
683,30,4,66190.33,1,1,1,161276.758,0,4,823,Germany,Male,SILVER,0
527,47,1,0.0,1,1,0,29852.023999999998,1,3,590,Germany,Male,PLATINUM,1
757,31,8,149085.9,2,1,1,275923.30399999995,0,2,376,Germany,Male,SILVER,0
591,30,8,124857.69,2,0,0,70694.98,0,2,650,Spain,Male,DIAMOND,0
664,57,6,0.0,2,1,1,21440.712,0,5,564,France,Male,SILVER,0
678,55,4,129646.91,1,1,1,257790.13999999998,1,5,482,Germany,Male,SILVER,1
717,36,2,164557.95,1,0,1,115286.42199999999,0,2,321,Spain,Female,GOLD,0
730,43,1,103960.38,1,1,1,271125.224,0,2,348,Spain,Female,DIAMOND,0
557,28,7,146445.24,2,1,0,258059.83599999998,0,1,743,France,Female,GOLD,0
633,43,3,144164.29,1,1,1,222120.04399999997,0,1,918,Germany,Male,SILVER,0
756,62,3,0.0,1,1,1,15693.656,1,3,600,France,Male,SILVER,1
702,40,3,148556.74,1,0,1,204493.806,0,2,489,France,Male,SILVER,0
602,35,8,0.0,1,1,1,31514.005999999998,0,2,615,France,Male,DIAMOND,0
699,32,3,0.0,2,1,1,239093.61599999998,0,1,221,France,Male,GOLD,0
650,43,6,0.0,2,1,1,22837.674,0,1,489,France,Female,GOLD,0
845,52,0,0.0,1,1,0,44432.46399999999,1,4,408,Spain,Female,DIAMOND,1
597,44,8,78128.13,2,0,1,152829.256,0,1,220,France,Male,PLATINUM,0
737,45,2,0.0,2,0,1,248788.938,0,2,614,Spain,Female,GOLD,0
530,33,9,75242.28,1,0,1,142387.538,0,4,273,Germany,Male,SILVER,0
779,49,9,106160.37,1,0,0,163666.41799999998,0,4,905,Germany,Male,PLATINUM,0
561,37,5,0.0,2,1,0,116345.54999999999,0,5,650,Germany,Male,PLATINUM,0
574,33,8,100267.03,1,1,0,144223.778,0,2,949,Germany,Male,DIAMOND,0
583,42,4,0.0,2,1,0,24430.523999999998,0,5,322,Germany,Female,DIAMOND,0
598,27,10,171283.91,1,1,1,117805.56799999998,0,5,508,Germany,Female,GOLD,0
803,37,1,0.0,2,0,0,10452.279999999999,0,4,663,Spain,Female,SILVER,0
667,31,5,0.0,2,1,1,28500.365999999998,0,4,823,Spain,Male,PLATINUM,0
376,46,6,0.0,1,1,0,220282.166,1,2,979,France,Female,PLATINUM,1
809,50,10,118098.62,1,1,1,141023.028,1,4,833,Germany,Male,DIAMOND,1
696,35,4,174902.26,1,1,0,96726.79000000001,0,2,720,Germany,Female,PLATINUM,0
472,19,9,0.0,2,1,0,4849.76,0,5,745,Germany,Male,PLATINUM,0
555,27,8,102000.17,1,1,1,163474.8,0,5,586,Germany,Female,SILVER,0
505,43,6,127146.68,1,0,0,192607.218,0,5,903,Germany,Male,GOLD,0
728,45,3,108924.33,2,1,0,118035.55999999998,1,4,947,Germany,Male,PLATINUM,1
571,49,4,180614.04,1,0,0,747.1999999999999,0,3,651,Germany,Male,DIAMOND,0
732,40,10,0.0,2,1,0,215879.71199999997,0,5,938,France,Female,DIAMOND,0
628,30,9,132351.29,2,1,1,103851.782,0,2,736,Germany,Female,GOLD,0
731,25,8,96950.21,1,1,0,137044.088,0,5,448,Spain,Male,PLATINUM,0
637,33,7,103377.81,1,1,0,118202.692,0,1,449,Germany,Female,SILVER,0
680,51,5,143139.87,1,0,0,66928.602,1,1,338,Germany,Female,DIAMOND,1
782,35,7,98556.89,2,1,0,164717.104,0,2,625,Germany,Male,DIAMOND,0
663,33,5,157274.36,2,1,1,39959.534,0,2,368,France,Male,GOLD,0
645,48,7,90612.34,1,1,1,208809.782,0,3,803,France,Female,DIAMOND,0
730,34,5,74197.38,2,1,0,135640.728,0,4,402,Germany,Female,PLATINUM,0
850,39,0,104386.53,1,1,0,148256.478,0,1,514,France,Female,SILVER,0
588,31,4,99607.37,2,0,1,50242.842,0,2,842,Germany,Male,DIAMOND,0
490,39,1,0.0,3,1,0,239499.014,1,3,506,Germany,Male,PLATINUM,1
809,39,5,0.0,1,1,0,108803.04999999999,0,5,754,France,Female,DIAMOND,0
844,56,5,99529.7,1,0,1,220137.08399999997,1,1,293,Spain,Male,PLATINUM,1
641,52,4,0.0,1,1,0,127365.35599999999,1,1,742,France,Female,SILVER,1
615,44,9,126104.98,2,0,1,155020.228,0,3,684,Germany,Female,SILVER,0
676,41,4,101457.14,1,1,1,110757.33799999999,0,1,299,Germany,Female,PLATINUM,0
495,42,7,0.0,2,0,0,182581.34199999998,0,3,621,Spain,Female,GOLD,0
534,29,7,174851.9,1,1,1,110864.63399999999,0,1,342,France,Male,DIAMOND,0
548,44,8,0.0,1,1,0,23800.678,0,1,693,Spain,Male,SILVER,0
499,44,6,77627.33,2,1,0,151526.75199999998,0,4,545,Germany,Female,PLATINUM,0
727,31,3,82729.47,2,1,0,84312.514,0,4,303,Germany,Female,DIAMOND,0
632,38,4,0.0,2,0,0,269522.86799999996,0,5,694,Germany,Male,DIAMOND,0
648,34,3,95039.73,2,1,1,205893.218,0,3,681,Germany,Male,DIAMOND,0
710,43,9,128284.45,1,1,0,46210.64599999999,1,5,538,France,Male,PLATINUM,1
826,49,0,0.0,1,0,0,250208.972,1,4,980,France,Female,SILVER,1
651,39,8,0.0,1,1,0,192448.598,0,3,956,France,Female,DIAMOND,0
587,35,3,83286.56,1,1,0,175789.92799999999,0,5,620,Spain,Female,DIAMOND,0
588,24,0,0.0,2,1,1,196835.51199999996,0,3,715,France,Female,PLATINUM,0
596,32,4,0.0,2,0,1,205121.09,0,3,826,Spain,Male,PLATINUM,0
770,33,6,0.0,2,1,1,176599.65999999997,0,2,497,Germany,Female,DIAMOND,0
706,48,10,104478.12,3,0,1,221563.194,1,1,574,Germany,Female,GOLD,1
543,46,5,140355.6,1,1,1,119136.49199999998,0,2,880,Spain,Female,GOLD,0
627,62,3,143426.34,2,1,1,200361.01999999996,0,4,875,Germany,Male,DIAMOND,0
727,61,0,128213.96,2,1,1,264235.71199999994,1,1,708,France,Male,SILVER,1
799,32,3,106045.92,2,1,1,25128.199999999997,0,2,535,France,Female,SILVER,0
850,34,2,0.0,2,1,1,240404.324,0,4,589,France,Female,SILVER,0
603,57,6,105000.85,2,1,1,122392.136,1,3,281,Spain,Male,DIAMOND,1
625,49,4,128504.76,1,1,0,177552.682,1,2,583,Germany,Female,SILVER,1
754,47,1,185513.67,1,1,0,38429.362,0,4,472,Germany,Female,DIAMOND,0
598,41,3,91536.93,1,1,0,268071.29199999996,1,1,980,Germany,Male,SILVER,1
430,49,3,137115.16,1,1,0,205138.60399999996,1,1,404,Germany,Male,GOLD,1
700,47,4,0.0,1,1,0,170532.92799999999,1,2,810,Spain,Male,GOLD,1
752,30,4,81523.38,1,1,1,51655.189999999995,0,1,403,Germany,Male,SILVER,0
651,45,4,0.0,2,0,0,270227.894,0,4,344,Spain,Male,DIAMOND,0
547,22,7,141287.15,1,1,0,165414.906,0,5,282,Spain,Female,PLATINUM,0
535,33,2,133040.32,1,1,1,154434.69199999998,0,4,322,Germany,Male,DIAMOND,0
762,44,7,159316.64,1,0,0,34707.182,0,2,932,Germany,Female,DIAMOND,0
587,36,1,70784.27,1,1,0,42826.748,0,3,509,Germany,Female,PLATINUM,0
722,46,6,0.0,1,1,1,131499.75199999998,1,3,747,Germany,Male,GOLD,1
850,34,3,129668.43,2,1,1,124256.586,0,5,468,Germany,Female,SILVER,0
686,27,1,115095.88,2,0,0,110086.444,0,2,873,Germany,Female,DIAMOND,0
656,46,9,143267.14,2,0,0,270354.202,0,1,717,Germany,Male,GOLD,0
699,49,2,0.0,1,0,0,148079.014,0,4,370,France,Female,PLATINUM,0
737,36,9,0.0,1,0,1,264154.25999999995,1,3,848,Germany,Male,SILVER,1
498,34,2,0.0,2,1,1,207954.53599999996,0,1,549,France,Male,DIAMOND,0
705,33,7,68423.89,1,1,1,90836.56999999999,0,1,660,Spain,Male,DIAMOND,0
618,37,5,96652.86,1,1,0,138175.96,1,3,383,France,Female,DIAMOND,1
608,34,7,86656.13,1,0,1,83861.406,0,1,252,Spain,Male,SILVER,0
644,33,9,141234.98,1,1,0,133957.27,0,4,796,France,Male,GOLD,0
520,34,8,120018.86,2,1,1,495.73199999999997,0,5,249,Germany,Male,SILVER,0
683,38,3,126152.84,1,0,0,21545.25,0,4,611,Spain,Male,PLATINUM,0
670,32,3,0.0,2,1,0,64660.97999999999,0,5,325,Spain,Female,SILVER,0
850,28,8,67639.56,2,1,1,271958.406,0,5,990,Germany,Male,GOLD,0
767,44,2,152509.25,1,1,1,191696.21,0,4,777,Germany,Female,GOLD,0
549,25,6,193858.2,1,0,1,30255.154,0,3,737,Spain,Male,PLATINUM,0
776,29,5,0.0,2,1,1,200637.08599999998,0,1,580,France,Female,GOLD,0
645,49,2,0.0,2,0,0,14047.409999999998,0,3,553,Spain,Male,SILVER,0
651,32,8,144581.96,1,1,1,122668.29999999999,0,1,853,France,Female,SILVER,0
811,28,4,167738.82,2,1,1,13879.787999999999,0,4,513,Germany,Female,GOLD,0
724,31,2,160997.54,2,0,1,90778.904,0,4,406,Germany,Male,DIAMOND,0
850,30,9,121535.18,1,0,0,56453.858,0,1,531,Germany,Male,GOLD,0
798,39,6,119787.76,1,1,1,229962.66199999995,0,2,558,Germany,Female,GOLD,0
537,28,0,88963.31,2,1,1,265790.902,0,5,561,France,Male,SILVER,0
717,42,5,0.0,2,1,0,241746.29399999997,0,3,594,France,Male,GOLD,0
753,57,7,0.0,1,1,0,223280.11199999996,1,2,647,France,Male,DIAMOND,1
593,31,8,112713.34,1,1,1,247631.446,0,2,710,Spain,Male,GOLD,0
710,37,6,135795.63,1,0,1,65148.03999999999,0,5,677,Germany,Male,PLATINUM,0
647,40,9,0.0,2,0,1,129315.094,0,1,852,Germany,Female,GOLD,0
521,43,8,0.0,1,1,1,130467.12599999999,0,2,400,France,Male,PLATINUM,0
850,28,9,0.0,2,1,0,260164.974,0,3,437,Germany,Female,SILVER,0
505,43,5,136855.94,2,1,0,239513.72799999997,0,1,650,Germany,Male,SILVER,0
556,37,9,145018.64,2,1,0,127314.228,1,1,545,Germany,Male,SILVER,1
769,27,2,0.0,1,1,1,81041.47,0,4,801,France,Female,SILVER,0
502,57,3,101465.31,1,1,0,61010.63399999999,1,5,882,Germany,Female,SILVER,1
716,50,2,119655.77,1,1,1,18136.838,1,4,496,Germany,Male,PLATINUM,1
593,32,9,134096.53,2,1,0,75518.47,1,3,620,Germany,Female,DIAMOND,1
678,27,5,87099.85,2,1,0,209386.33000000002,0,2,957,Spain,Female,SILVER,0
680,32,5,92961.61,1,1,0,163755.63999999998,0,1,618,Germany,Male,GOLD,0
661,31,3,133964.3,1,1,1,232676.94,0,2,508,Germany,Female,PLATINUM,0
787,35,1,106266.8,1,1,1,23265.010000000002,0,5,511,France,Female,DIAMOND,0
712,27,10,0.0,1,1,0,132377.832,0,3,410,Spain,Male,GOLD,0
737,41,1,101960.74,1,1,1,172981.19199999998,0,5,463,Germany,Male,SILVER,0
584,48,2,213146.2,1,1,0,105240.75,0,4,814,Spain,Female,DIAMOND,1
627,33,5,0.0,2,1,1,145247.948,0,4,499,Germany,Male,PLATINUM,0
850,29,10,0.0,2,1,1,132756.05599999998,0,1,251,Spain,Female,GOLD,0
595,45,9,106000.12,1,0,0,268043.544,1,1,470,Germany,Female,PLATINUM,1
492,30,10,77168.87,2,0,1,205395.308,0,5,552,Germany,Female,GOLD,0
587,47,6,71026.77,1,1,0,81162.374,0,1,678,Germany,Male,PLATINUM,0
750,33,3,161801.47,1,0,1,214619.558,1,1,263,Spain,Female,PLATINUM,1
849,27,0,0.0,2,0,1,221063.60399999996,0,1,626,Germany,Male,SILVER,0
678,60,10,117738.81,1,1,0,206500.664,1,4,599,Germany,Female,DIAMOND,1
778,65,7,0.0,1,1,1,109029.12199999999,0,1,656,Germany,Female,DIAMOND,0
655,34,7,118028.35,1,1,0,71731.848,1,2,573,Germany,Male,SILVER,1
639,34,5,139393.19,2,0,0,47545.112,0,2,883,Spain,Male,DIAMOND,0
599,39,4,0.0,1,1,0,271997.48,1,3,543,Spain,Female,PLATINUM,1
602,32,7,184715.86,2,1,0,159309.786,0,5,879,Germany,Male,GOLD,0
563,35,3,106250.72,1,0,0,55379.848,0,4,798,France,Male,SILVER,0
679,40,1,0.0,1,1,1,23671.065999999995,0,5,713,France,Male,PLATINUM,0
582,35,8,121309.17,2,1,1,40265.937999999995,0,2,810,Germany,Male,GOLD,0
564,44,3,111760.4,3,1,1,146626.45799999998,1,3,785,Germany,Female,DIAMOND,1
655,56,5,0.0,2,1,1,58510.77999999999,0,2,979,Spain,Female,PLATINUM,0
699,36,2,123601.56,2,1,0,144995.99,0,3,500,Germany,Male,GOLD,0
673,32,0,0.0,1,1,1,102037.662,0,4,726,Spain,Female,GOLD,0
653,30,4,0.0,2,1,0,169045.45599999998,0,5,739,Spain,Male,DIAMOND,0
627,35,7,0.0,2,0,1,270246.41599999997,0,1,978,Germany,Female,GOLD,0
743,23,3,110203.77,1,1,0,133831.83,0,1,476,France,Male,PLATINUM,0
470,30,3,101140.76,1,1,1,71284.31,0,3,437,Germany,Male,SILVER,0
781,35,1,0.0,2,0,0,58980.06,0,1,423,Spain,Male,PLATINUM,0
706,35,5,0.0,2,1,1,114420.718,0,2,712,France,Male,SILVER,0
683,40,4,95053.1,1,1,1,163558.156,1,5,777,Spain,Male,PLATINUM,1
679,36,3,0.0,2,1,1,3155.7739999999994,0,5,773,Germany,Female,SILVER,0
726,34,3,0.0,2,1,0,274818.844,0,3,544,France,Male,PLATINUM,0
636,35,2,0.0,2,1,1,32396.243999999995,0,5,798,Germany,Female,DIAMOND,0
702,46,9,98444.19,1,0,1,153403.59199999998,0,1,511,France,Female,PLATINUM,0
850,46,9,117640.39,1,1,0,124503.95199999998,0,2,935,Germany,Male,PLATINUM,0
678,36,0,107379.68,1,1,1,118259.25199999998,0,2,282,France,Male,PLATINUM,0
652,37,4,0.0,2,1,0,200765.53599999996,0,4,590,Germany,Female,SILVER,0
792,36,5,92140.15,1,0,1,94471.13799999999,0,3,328,Spain,Male,SILVER,0
746,24,4,0.0,1,0,1,131762.0,0,5,334,France,Female,PLATINUM,0
643,31,3,167949.48,1,1,0,200442.27599999998,0,2,906,France,Female,GOLD,0
684,48,10,126384.42,1,1,1,277396.10399999993,0,1,462,Germany,Female,GOLD,0
678,28,2,109137.12,1,1,1,82355.174,0,2,433,France,Male,GOLD,0
762,20,1,139432.55,1,1,1,119864.56199999999,0,5,415,France,Male,GOLD,0
661,35,2,117212.18,1,1,1,116287.84199999999,0,3,821,Germany,Male,DIAMOND,0
773,43,8,81844.91,2,1,1,50286.844,0,5,368,Germany,Male,PLATINUM,0
570,23,2,0.0,1,0,0,278378.372,0,4,534,France,Male,DIAMOND,0
446,39,1,90217.07,1,1,0,267905.672,0,3,562,Germany,Female,GOLD,0
586,56,9,100781.75,2,1,1,76242.774,0,3,877,Germany,Female,PLATINUM,0
577,44,8,115557.0,1,0,1,178524.46399999998,0,1,336,Spain,Female,DIAMOND,0
604,36,6,116229.85,2,1,1,111501.732,0,3,684,Germany,Male,PLATINUM,0
670,45,5,47884.92,1,1,1,76091.336,0,5,723,Germany,Female,DIAMOND,0
850,29,1,154640.41,1,1,1,229670.31399999998,0,4,838,Germany,Male,DIAMOND,0
599,46,9,123444.72,1,1,1,43930.312,1,3,726,Germany,Male,DIAMOND,1
713,39,10,0.0,2,1,1,176784.558,0,5,238,Germany,Female,PLATINUM,0
681,23,7,157761.56,1,0,0,206878.77599999998,0,2,874,France,Male,DIAMOND,0
628,38,3,0.0,2,1,1,68509.622,0,3,914,France,Female,GOLD,0
758,33,7,0.0,1,1,0,263433.876,0,1,816,France,Female,GOLD,0
633,37,2,0.0,2,1,0,255176.438,0,3,918,France,Male,DIAMOND,0
667,33,4,127076.68,2,1,0,96631.324,0,5,910,Germany,Female,PLATINUM,0
552,49,4,0.0,1,1,1,266430.464,1,1,759,France,Male,SILVER,1
734,39,3,92636.96,2,1,1,175954.80599999998,0,2,659,Spain,Female,SILVER,0
707,43,10,0.0,2,1,0,165730.47999999998,0,1,479,Spain,Male,GOLD,0
537,38,3,0.0,2,0,0,197447.214,0,3,412,France,Male,GOLD,0
534,34,7,121551.58,2,1,1,98265.59999999999,0,3,351,France,Female,SILVER,0
578,40,6,63609.92,1,0,0,104966.85399999999,1,5,783,Spain,Male,SILVER,1
517,29,5,0.0,2,1,0,144779.032,0,1,584,Spain,Female,PLATINUM,0
850,66,4,0.0,2,0,1,90106.12,0,5,518,Germany,Male,SILVER,0
660,40,8,167181.01,1,1,1,259234.716,0,2,736,France,Female,DIAMOND,0
749,43,1,124209.02,1,1,1,234066.272,0,4,608,Spain,Female,PLATINUM,0
602,22,7,141604.76,1,1,0,42546.439999999995,0,2,943,Spain,Female,PLATINUM,0
674,38,10,83727.68,1,1,0,63600.368,0,1,450,Germany,Female,DIAMOND,0
658,25,3,0.0,2,0,1,243542.75999999998,0,4,399,France,Male,GOLD,0
517,37,5,113308.84,1,0,1,44139.024,0,2,728,Germany,Male,DIAMOND,0
749,37,10,185063.7,2,1,1,188352.618,0,5,765,Germany,Male,PLATINUM,0
721,40,9,118129.87,1,1,1,224403.71,0,4,236,France,Male,DIAMOND,0
764,24,7,106234.02,1,0,0,161961.932,0,2,429,France,Female,SILVER,0
667,32,0,103846.65,1,1,0,28799.965999999997,0,3,225,Germany,Male,DIAMOND,0
767,35,6,115576.44,1,0,1,39106.43,0,3,633,France,Female,PLATINUM,0
699,22,9,99339.0,1,1,0,95631.654,1,4,551,France,Male,DIAMOND,1
725,45,8,116917.07,1,0,0,242865.20199999996,1,5,489,Germany,Male,GOLD,1
668,39,0,122104.79,1,1,0,158140.338,1,5,749,Germany,Female,DIAMOND,1
722,40,6,0.0,2,1,1,156665.32599999997,0,2,846,Germany,Male,GOLD,0
546,34,4,165363.31,2,1,1,36056.782,1,2,440,Germany,Male,SILVER,1
701,23,5,186101.18,2,1,1,107270.862,0,4,908,Germany,Male,SILVER,0
542,43,6,113567.94,1,1,0,125375.54999999999,0,5,237,Spain,Male,SILVER,0
616,57,7,116936.81,1,1,1,146146.104,0,2,336,Germany,Female,PLATINUM,0
731,31,1,132512.26,1,1,1,259668.59,0,3,960,France,Male,SILVER,0
632,32,1,0.0,2,1,0,27350.91,0,1,523,Spain,Female,GOLD,0
556,38,2,114756.14,1,1,0,270514.67,0,4,820,France,Male,DIAMOND,0
570,32,9,117337.54,2,0,1,87950.274,0,4,1000,France,Male,DIAMOND,0
756,27,1,131899.0,1,1,0,130638.20599999998,0,4,448,Germany,Male,SILVER,0
633,29,6,117412.35,1,0,0,42489.515999999996,0,4,341,Germany,Male,SILVER,0
738,38,7,0.0,2,0,0,96933.38799999999,0,2,677,France,Female,PLATINUM,0
505,37,10,122453.97,2,1,1,73786.586,0,5,254,Germany,Female,DIAMOND,0
657,32,3,118829.03,2,1,1,102393.654,0,2,343,Germany,Male,DIAMOND,0
738,35,5,161274.05,2,1,0,254016.81799999997,0,5,566,France,Male,SILVER,0
513,39,7,89039.9,2,1,1,205449.36199999996,0,1,675,Spain,Male,DIAMOND,0
773,36,4,105858.71,1,0,1,6168.629999999999,0,2,564,Germany,Female,DIAMOND,0
652,47,0,126597.89,2,1,1,54333.306,1,1,696,Germany,Female,PLATINUM,1
847,31,5,0.0,2,1,1,106872.33799999999,0,4,791,Spain,Male,SILVER,0
822,50,7,0.0,2,1,1,14102.919999999998,0,2,206,Germany,Male,SILVER,0
850,41,3,99945.93,2,1,0,99666.03399999999,0,2,252,Spain,Female,GOLD,0
727,21,8,153344.72,1,1,1,228629.218,0,5,279,Germany,Male,PLATINUM,0
602,48,7,76595.08,2,0,0,177948.196,0,3,558,Germany,Female,PLATINUM,0
811,35,7,0.0,1,1,1,264.466,0,5,997,Germany,Female,SILVER,0
728,39,6,152182.83,1,0,0,225700.04,0,4,256,Germany,Male,DIAMOND,0
573,44,8,0.0,2,0,0,87409.24399999999,0,1,547,Spain,Male,DIAMOND,0
850,27,8,111837.78,2,1,1,155143.10599999997,0,1,521,Germany,Female,GOLD,0
516,33,7,127305.5,1,1,1,168067.304,0,4,924,Germany,Female,GOLD,0
617,40,5,190008.32,2,1,1,149882.088,0,4,486,Germany,Male,GOLD,0
840,39,1,94968.97,1,1,0,118297.66799999999,0,5,932,France,Female,SILVER,0
681,49,8,142946.18,1,0,0,262207.714,1,4,393,Germany,Male,DIAMOND,1
542,25,8,139330.1,1,0,0,76136.318,0,4,629,Germany,Male,DIAMOND,0
719,42,4,0.0,1,1,0,39867.204,1,5,570,Germany,Female,PLATINUM,1
694,34,5,127900.03,1,1,0,142447.91999999998,0,5,325,Germany,Male,GOLD,0
510,44,6,0.0,2,1,1,245740.634,0,3,736,France,Male,SILVER,0
645,38,1,68079.8,1,0,1,232785.846,0,1,746,Spain,Male,PLATINUM,0
683,42,8,0.0,2,0,1,277403.86,0,1,919,France,Female,PLATINUM,0
621,30,2,101014.08,2,1,1,231375.23399999997,0,3,730,Germany,Female,SILVER,0
755,30,6,154221.37,2,0,1,87778.97,0,2,356,Germany,Female,GOLD,0
771,41,10,108309.0,4,1,1,192529.574,1,2,759,Germany,Female,SILVER,1
665,23,9,143672.9,1,1,1,161221.262,0,3,640,Germany,Female,SILVER,0
676,34,4,89437.03,1,1,1,265372.33,0,4,366,Germany,Female,GOLD,0
418,28,7,98738.92,1,1,0,171081.308,0,3,465,Germany,Male,GOLD,0
660,40,5,131754.11,2,1,1,54281.254,0,4,560,France,Male,GOLD,0
612,35,3,0.0,1,1,1,67367.208,0,4,334,Germany,Female,GOLD,0
716,18,3,128743.8,1,0,0,276265.98199999996,0,5,243,Germany,Female,GOLD,0
721,42,4,102936.72,1,0,0,1678.0320000000002,0,2,791,Germany,Male,DIAMOND,0
562,39,6,130565.02,1,1,0,13811.607999999998,1,5,481,Germany,Female,DIAMOND,1
619,23,5,132725.1,1,1,1,201493.66199999998,0,3,531,Germany,Male,PLATINUM,0
850,32,5,106290.64,1,1,0,170790.822,0,4,946,Germany,Female,DIAMOND,0
670,40,2,164948.98,3,0,0,247854.19999999998,1,3,955,Germany,Male,SILVER,1
715,37,9,165252.52,1,1,0,119415.81999999999,0,2,612,France,Male,PLATINUM,0
618,31,4,0.0,2,1,0,40861.456,0,1,690,Germany,Female,DIAMOND,0
571,34,1,101736.66,1,0,1,273927.32399999996,0,1,696,Germany,Female,SILVER,0
700,39,5,144550.83,2,1,1,265545.202,0,4,956,Germany,Female,DIAMOND,0
600,49,6,0.0,1,0,1,207338.032,1,3,269,France,Female,PLATINUM,1
714,45,8,150900.29,2,0,1,195859.80999999997,0,5,734,Spain,Male,DIAMOND,0
601,28,6,0.0,2,1,0,20546.392,0,4,541,Spain,Male,PLATINUM,0
717,33,10,102185.42,2,1,0,32539.701999999997,0,3,390,Germany,Female,GOLD,0
673,77,10,76510.52,2,0,1,83448.924,0,4,363,Germany,Female,GOLD,0
770,31,3,155047.56,2,1,1,260505.07599999997,0,4,948,Germany,Male,DIAMOND,0
655,44,8,87471.63,1,0,1,264046.572,0,4,712,France,Male,SILVER,0
443,50,3,117206.3,1,1,0,59991.25199999999,1,1,792,Germany,Male,PLATINUM,1
662,33,0,103471.52,1,1,1,227799.19999999998,0,3,243,Germany,Male,DIAMOND,0
828,47,1,109876.82,2,1,0,117071.02999999998,1,3,829,Spain,Male,SILVER,1
587,39,10,0.0,2,1,1,238588.23,0,5,317,Germany,Male,GOLD,0
527,29,2,27755.97,1,1,0,136470.816,1,3,525,Spain,Female,PLATINUM,1
572,37,1,133043.66,1,0,0,155755.32599999997,0,4,444,Germany,Male,GOLD,0
621,50,5,0.0,2,1,0,268474.156,1,5,344,Germany,Female,DIAMOND,1
636,31,6,0.0,2,1,1,3350.654,0,3,875,France,Male,SILVER,0
764,48,1,75990.97,1,1,0,221668.33399999997,1,2,298,Spain,Female,DIAMOND,1
603,35,9,145623.36,1,1,0,228469.26799999998,0,2,669,Germany,Female,PLATINUM,0
512,42,9,93955.83,2,1,0,20774.956,0,5,580,Germany,Male,PLATINUM,0
556,46,10,0.0,2,0,0,152872.936,0,3,950,France,Female,PLATINUM,0
755,38,4,111096.91,1,1,1,27683.032,0,5,764,Germany,Male,PLATINUM,0
593,39,0,117704.73,1,1,0,277121.89999999997,0,4,694,Germany,Female,DIAMOND,0
642,35,4,125476.31,1,1,1,128500.71399999998,0,4,467,Germany,Male,PLATINUM,0
611,46,6,0.0,2,1,0,64255.862,0,4,406,Spain,Male,DIAMOND,0
517,46,4,0.0,1,1,0,31336.891999999996,0,1,465,Spain,Male,PLATINUM,0
662,30,9,0.0,2,0,1,221053.76199999996,0,5,479,Spain,Female,SILVER,0
757,28,7,120911.75,2,1,1,183764.24399999998,0,1,411,France,Male,SILVER,0
697,36,7,0.0,2,1,1,104679.448,0,2,471,France,Male,DIAMOND,0
665,55,8,136354.16,1,1,1,131292.846,0,4,940,Germany,Female,GOLD,0
637,30,6,122641.56,2,1,0,91880.21399999999,0,4,816,Germany,Male,SILVER,0
638,43,3,145860.98,1,1,1,199883.914,1,3,578,Germany,Female,GOLD,1
563,61,1,82182.1,1,1,0,149572.688,1,1,401,Spain,Male,GOLD,1
546,52,2,0.0,1,1,0,192280.31799999997,1,4,325,France,Female,SILVER,1
692,42,2,0.0,2,1,0,203327.10199999998,0,3,498,France,Female,PLATINUM,0
512,40,8,153537.57,2,0,0,32356.582,0,4,447,Germany,Female,DIAMOND,0
692,31,2,0.0,2,1,0,128575.83799999999,1,4,720,France,Female,SILVER,1
806,25,7,0.0,2,1,0,25861.66,0,4,767,Spain,Male,PLATINUM,0
813,36,6,98088.09,1,0,1,37377.108,1,2,233,Germany,Female,GOLD,1
534,62,2,0.0,2,0,0,59883.368,1,2,589,France,Male,SILVER,1
559,70,9,0.0,1,1,1,172210.46399999998,0,4,765,Germany,Female,DIAMOND,0
745,35,8,0.0,2,1,1,163228.54,0,1,879,Spain,Female,PLATINUM,0
613,20,3,0.0,2,1,1,209474.27799999996,0,1,817,Germany,Male,GOLD,0
759,42,4,105420.18,1,0,1,169987.68399999998,0,3,435,Germany,Male,GOLD,0
701,35,10,159693.9,2,1,1,99658.09599999999,0,3,752,Spain,Male,DIAMOND,0
842,44,3,141252.18,4,0,1,179944.62399999998,1,5,741,Germany,Male,PLATINUM,1
640,36,4,0.0,1,0,0,242238.04399999997,0,4,362,Spain,Male,SILVER,0
727,31,2,52192.08,2,0,1,224551.85799999998,0,2,759,Germany,Female,DIAMOND,0
654,37,6,83568.55,1,1,0,65880.408,0,3,752,Germany,Male,GOLD,0
706,56,3,139603.22,1,1,1,120952.05399999999,0,4,560,Germany,Female,SILVER,0
622,30,4,107879.04,1,0,1,275667.468,0,5,623,Germany,Female,GOLD,0
710,49,10,129164.88,1,1,1,270588.408,0,5,890,Germany,Male,DIAMOND,0
667,40,1,146502.07,1,1,0,26843.046,0,3,230,Spain,Female,DIAMOND,0
806,67,1,0.0,2,0,1,145538.812,0,3,918,France,Female,PLATINUM,0
602,26,8,113674.2,1,1,0,277020.624,1,3,368,Germany,Female,DIAMOND,1
637,51,1,104682.83,1,1,0,77388.74399999999,1,3,302,Germany,Male,GOLD,1
495,39,8,120252.02,2,1,1,14239.321999999998,0,1,781,Germany,Male,GOLD,0
576,63,9,70655.48,1,0,0,110553.12,1,2,615,Germany,Male,GOLD,1
439,28,7,110976.23,2,1,0,193952.74399999998,0,4,566,Germany,Male,PLATINUM,0
596,57,6,0.0,2,1,1,101377.79999999999,0,1,627,Spain,Male,DIAMOND,0
599,40,10,137456.28,2,1,1,19773.354,0,2,623,Germany,Male,SILVER,0
667,45,3,0.0,2,0,0,229132.014,0,1,814,Spain,Male,SILVER,0
530,42,0,99948.45,1,0,1,136289.068,0,4,478,Germany,Female,DIAMOND,0
636,35,9,95478.17,1,0,0,237016.43599999996,0,2,413,France,Male,PLATINUM,0
722,49,3,168197.66,1,1,0,197086.798,1,1,383,France,Female,SILVER,1
630,23,4,137964.51,1,0,1,244413.76999999996,0,1,978,Germany,Female,DIAMOND,0
642,36,2,124495.98,3,1,1,81080.908,1,1,508,Germany,Female,PLATINUM,1
702,36,9,90560.48,2,1,0,243991.41799999998,0,2,941,Germany,Male,PLATINUM,0
687,47,1,91219.29,1,0,0,222398.686,1,2,268,Germany,Female,GOLD,1
696,47,1,106758.6,1,1,1,112842.65199999999,0,1,962,Spain,Male,SILVER,0
749,42,9,222267.63,1,0,0,141567.38999999998,1,4,763,Spain,Male,GOLD,1
751,37,3,99773.85,2,1,0,76827.28799999999,0,2,403,Spain,Female,PLATINUM,0
785,38,9,107199.75,1,0,0,204972.914,0,5,237,Germany,Female,SILVER,0
607,35,2,0.0,2,1,1,159881.41999999998,0,3,680,France,Male,SILVER,0
520,34,3,0.0,2,1,1,146600.544,0,5,867,France,Male,DIAMOND,0
694,29,5,99713.87,1,0,0,157260.046,0,1,385,France,Female,DIAMOND,0
578,30,4,169462.09,1,1,0,157076.954,1,5,872,Germany,Male,DIAMOND,0
731,42,9,101043.63,1,1,1,269060.72799999994,0,4,882,Spain,Male,PLATINUM,0
565,44,1,0.0,2,0,1,125458.934,0,1,691,Germany,Female,SILVER,0
682,30,9,0.0,2,1,1,2889.788,0,5,456,France,Male,SILVER,0
527,53,8,0.0,1,1,1,72411.19799999999,0,1,488,Spain,Male,SILVER,0
633,40,4,150578.0,1,0,1,48553.868,1,2,683,Germany,Male,PLATINUM,1
552,55,3,0.0,1,1,1,56482.516,0,4,466,Spain,Male,SILVER,0
652,37,4,92208.54,1,0,1,276794.72,1,3,822,Germany,Female,PLATINUM,1
707,36,6,0.0,1,0,0,138350.09199999998,0,3,552,Germany,Female,PLATINUM,0
513,72,3,98903.06,1,1,1,113766.736,0,5,842,Spain,Male,DIAMOND,0
583,36,8,0.0,2,0,1,7815.226,0,4,623,Germany,Male,PLATINUM,0
709,34,2,111669.68,1,1,0,79856.524,0,4,585,Germany,Female,DIAMOND,0
694,39,9,0.0,2,0,0,139908.656,0,4,483,Spain,Female,PLATINUM,0
584,26,0,146286.22,1,1,0,147162.49,0,1,256,Germany,Female,SILVER,0
610,35,7,81905.95,1,1,1,86287.466,0,3,402,France,Female,GOLD,0
790,25,5,152885.77,1,1,0,81515.70599999999,0,4,938,Germany,Female,SILVER,0
777,35,3,0.0,2,1,1,24175.808,0,2,616,Spain,Female,GOLD,0
624,62,7,125163.62,2,1,1,211991.09999999998,0,5,513,France,Female,GOLD,0
587,45,6,0.0,1,0,0,222173.734,0,3,732,Spain,Male,PLATINUM,0
590,76,5,160979.68,1,0,1,19403.012,0,4,924,Germany,Female,PLATINUM,0
586,42,6,126704.49,2,1,0,58370.22,0,4,233,Germany,Male,GOLD,0
820,34,10,97208.46,1,1,1,83389.67599999999,0,2,827,Spain,Male,GOLD,0
493,35,8,178317.6,1,0,0,276415.096,0,1,738,Germany,Female,SILVER,0
813,59,2,135078.41,1,1,0,262705.484,1,1,709,Germany,Male,GOLD,1
646,26,4,139848.17,1,1,0,230589.77799999996,0,2,915,France,Male,DIAMOND,0
709,49,4,154344.49,2,1,1,54327.397999999994,0,2,330,Germany,Male,DIAMOND,0
590,43,7,81076.8,2,1,1,255693.15,1,1,253,France,Male,DIAMOND,1
430,31,5,0.0,1,1,0,133932.224,0,1,533,France,Male,GOLD,0
678,60,2,0.0,2,1,1,61365.183999999994,0,4,394,Germany,Female,SILVER,0
751,51,7,148074.79,1,1,0,204990.974,1,5,518,Germany,Female,SILVER,1
790,29,3,46057.96,2,1,1,265703.724,0,3,312,Spain,Male,SILVER,0
497,32,8,0.0,2,1,0,94325.188,0,3,418,France,Male,GOLD,0
698,40,7,105061.74,3,1,0,150956.43399999998,1,1,448,France,Female,DIAMOND,1
778,45,1,162150.42,2,1,0,244358.77799999996,0,2,250,Germany,Female,DIAMOND,0
778,42,6,0.0,2,1,1,148691.416,0,5,499,France,Male,PLATINUM,0
624,36,6,0.0,2,0,0,118664.944,0,3,747,France,Male,GOLD,0
850,33,7,134678.13,1,1,0,158464.12999999998,0,3,596,Germany,Female,GOLD,0
697,38,1,182065.85,1,1,0,69319.9,0,1,605,France,Female,GOLD,0
587,36,1,0.0,2,0,1,24004.839999999997,0,1,937,Germany,Male,GOLD,0
748,60,0,152335.7,1,1,0,177455.66199999998,1,5,468,France,Male,SILVER,1
667,42,7,0.0,1,0,1,151703.516,1,3,967,France,Male,DIAMOND,1
688,40,8,150679.71,2,0,1,274731.932,0,4,645,Germany,Female,GOLD,0
713,59,3,0.0,2,1,1,87795.112,0,5,245,France,Female,SILVER,0
541,39,6,109844.81,1,1,0,35419.922,0,4,884,Germany,Female,DIAMOND,0
816,31,8,0.0,2,1,1,39785.36,0,4,834,France,Male,SILVER,0
603,46,2,0.0,2,1,0,244284.956,0,1,393,Spain,Male,DIAMOND,0
573,27,4,0.0,2,1,1,220584.44,0,1,832,Germany,Female,PLATINUM,0
484,41,5,0.0,1,1,1,103989.29000000001,0,5,634,France,Male,SILVER,0
547,49,2,0.0,1,0,0,91668.70199999999,1,5,618,Germany,Female,DIAMOND,1
488,39,9,140553.46,1,0,0,17431.615999999998,0,3,243,Spain,Female,PLATINUM,0
695,42,0,0.0,2,0,1,197029.496,0,1,875,France,Female,PLATINUM,0
486,24,1,0.0,1,1,0,138338.86399999997,0,5,937,Spain,Male,DIAMOND,0
614,39,8,125997.22,1,1,1,179284.07599999997,1,5,817,Germany,Female,DIAMOND,1
723,28,4,0.0,2,1,1,173455.232,0,5,467,France,Male,SILVER,0
452,35,7,0.0,2,1,0,229953.338,0,5,634,Germany,Female,SILVER,0
648,43,7,81153.82,1,1,1,202360.99,1,5,890,Spain,Female,PLATINUM,1
670,33,2,141204.65,2,1,0,106775.444,0,5,814,France,Male,GOLD,0
729,37,10,0.0,2,1,0,141222.55599999998,0,3,829,Spain,Male,SILVER,0
694,22,4,0.0,2,1,1,16151.007999999998,0,1,988,Germany,Female,GOLD,0
654,28,7,0.0,2,1,0,211857.91799999998,0,2,660,France,Female,PLATINUM,0
613,46,8,167795.6,1,0,1,62161.53199999999,0,2,411,France,Female,DIAMOND,0
641,50,6,153590.73,2,1,1,183290.09199999998,0,4,656,Germany,Male,SILVER,0
708,34,3,0.0,1,0,1,170056.032,1,5,552,Germany,Male,DIAMOND,1
719,35,1,100829.94,1,1,1,231027.558,0,3,657,Spain,Male,GOLD,0
651,25,8,0.0,2,1,1,177480.68,0,2,886,Germany,Female,PLATINUM,0
684,60,2,116563.58,1,1,0,168375.78,1,1,969,Germany,Male,SILVER,1
645,55,7,0.0,2,1,1,25732.062,0,2,971,France,Female,GOLD,0
562,27,3,0.0,2,1,0,39406.842,0,1,942,France,Female,GOLD,0
571,34,1,99325.04,2,0,1,260488.00999999998,0,3,922,Germany,Male,DIAMOND,0
686,35,2,109342.82,2,0,1,120475.578,0,5,663,Germany,Male,PLATINUM,0
623,28,4,0.0,2,1,0,57733.73799999999,0,3,297,France,Female,GOLD,0
850,33,3,100476.46,2,1,1,191169.782,0,1,590,Spain,Male,GOLD,0
680,32,5,0.0,1,1,1,210972.922,0,5,589,Germany,Female,GOLD,0
531,42,2,0.0,2,0,1,126767.458,0,2,556,France,Female,GOLD,0
769,51,9,156773.78,2,1,0,56375.905999999995,0,4,401,Germany,Male,PLATINUM,0
663,37,7,0.0,1,1,1,259309.88199999998,0,5,885,France,Female,PLATINUM,0
653,41,8,102768.42,1,1,0,77944.39,0,4,285,France,Male,DIAMOND,0
642,55,7,0.0,2,1,1,142137.06399999998,0,1,918,Germany,Female,PLATINUM,0
713,47,1,95994.98,1,1,0,276555.922,0,5,757,Germany,Male,GOLD,0
702,23,7,98775.23,1,1,0,160460.544,0,5,291,Germany,Female,GOLD,0
816,25,2,150355.35,2,1,1,50094.17599999999,0,5,402,Germany,Female,GOLD,0
757,71,0,88084.13,2,1,1,216087.45799999998,0,4,522,France,Female,PLATINUM,0
499,57,1,0.0,1,0,0,183936.332,1,3,251,France,Female,GOLD,1
755,36,8,0.0,2,1,0,247548.81799999997,0,2,549,Germany,Male,GOLD,0
842,35,9,119948.09,1,1,0,67520.158,1,4,732,Germany,Female,PLATINUM,1
515,29,4,151012.55,2,1,0,13694.357999999998,0,1,935,Spain,Male,PLATINUM,0
728,33,9,150412.14,2,1,0,239084.71199999997,0,2,499,Germany,Female,DIAMOND,0
727,58,5,106913.43,1,1,0,36248.399999999994,1,2,557,Germany,Male,DIAMOND,1
498,37,8,108432.88,2,1,1,20826.069999999996,0,3,457,Germany,Male,DIAMOND,0
763,61,1,66101.89,1,1,1,201588.77799999996,0,2,366,Germany,Female,PLATINUM,0
589,59,2,0.0,2,1,1,176639.336,1,4,292,Germany,Female,SILVER,1
713,52,0,185891.54,1,1,1,64932.397999999994,1,4,544,France,Female,PLATINUM,1
590,45,2,81828.22,1,1,0,73050.158,0,1,691,Germany,Female,SILVER,0
765,34,8,136729.51,2,0,0,65896.49399999999,0,2,762,Germany,Female,DIAMOND,0
751,47,5,142669.93,2,1,0,227880.34399999998,0,3,627,Germany,Male,PLATINUM,0
543,43,9,0.0,2,1,1,110416.29800000001,0,5,380,Germany,Male,SILVER,0
756,37,3,132623.6,1,1,1,82578.59999999999,0,1,677,France,Male,GOLD,0
705,43,10,146547.78,1,0,1,14116.569999999998,1,1,669,Germany,Female,GOLD,1
601,32,8,93012.89,1,1,0,121755.38799999999,0,2,799,Germany,Male,GOLD,0
625,42,6,100047.33,1,1,0,130816.93,0,4,431,Germany,Male,GOLD,0
498,73,2,170241.7,2,1,1,231586.14399999997,0,2,539,Germany,Male,GOLD,0
593,41,6,0.0,1,1,0,91253.924,0,1,939,France,Female,SILVER,0
636,37,1,115137.26,1,1,0,73492.614,0,4,564,Spain,Male,SILVER,0
624,51,10,123401.43,2,1,1,178970.34999999998,0,4,242,France,Male,SILVER,0
717,31,4,129722.57,1,0,0,57662.23999999999,0,5,585,France,Male,GOLD,0
566,21,3,0.0,2,1,1,5092.057999999999,0,4,541,Germany,Female,DIAMOND,0
672,52,8,170008.84,1,0,0,78985.38799999999,1,4,555,France,Male,SILVER,1
649,45,5,92786.66,1,1,0,242727.25999999998,1,1,919,France,Female,GOLD,1
485,30,7,0.0,1,1,0,149909.31799999997,0,1,829,Spain,Female,DIAMOND,0
772,41,10,96032.22,1,1,1,106170.79800000001,0,3,317,Spain,Male,DIAMOND,0
502,42,0,132002.7,1,0,1,39501.971999999994,1,3,403,Germany,Female,SILVER,1
649,45,7,0.0,2,0,1,105300.894,0,1,873,Germany,Male,DIAMOND,0
574,34,5,112324.45,2,1,1,25205.802,0,4,674,France,Female,GOLD,0
597,38,1,0.0,2,1,0,57839.606,0,3,476,Spain,Male,DIAMOND,0
678,37,2,113383.07,1,1,1,189188.54399999997,0,2,767,Germany,Female,DIAMOND,0
619,52,8,0.0,2,1,1,172553.954,0,1,239,Spain,Male,PLATINUM,0
524,64,5,0.0,1,1,0,190526.496,1,2,364,Spain,Female,GOLD,1
791,33,10,130229.71,2,0,0,75642.902,1,1,414,Germany,Female,PLATINUM,1
777,29,2,0.0,2,1,0,174300.832,0,2,695,Germany,Male,DIAMOND,0
710,45,1,0.0,2,1,1,50631.524000000005,0,2,829,Germany,Male,SILVER,0
626,48,2,0.0,2,1,1,134127.97199999998,0,3,682,Spain,Female,DIAMOND,0
708,59,2,0.0,1,1,0,251557.35399999996,1,4,421,Germany,Female,SILVER,1
850,38,3,0.0,2,0,1,251120.06399999998,0,2,729,Spain,Female,DIAMOND,0
468,22,1,76318.64,1,1,1,272711.36799999996,0,5,819,France,Female,GOLD,0
661,37,7,109908.06,2,1,0,161067.73799999998,1,2,311,Germany,Male,SILVER,1
450,29,7,117199.8,1,1,1,60887.88199999999,0,2,483,Germany,Male,GOLD,0
534,42,9,144801.97,1,0,1,17491.746,1,3,771,Germany,Female,SILVER,1
576,71,6,140273.47,1,1,1,270404.35,1,4,785,Germany,Female,PLATINUM,1
624,26,9,74681.9,2,0,0,43738.88999999999,0,4,316,Germany,Male,PLATINUM,0
697,56,5,110802.03,1,1,1,70337.434,1,1,238,Spain,Male,DIAMOND,1
545,47,5,0.0,2,1,1,54573.195999999996,0,4,373,Spain,Female,PLATINUM,0
821,38,8,0.0,2,0,1,176752.96,1,2,974,Spain,Female,PLATINUM,1
607,44,0,0.0,2,1,1,113611.12599999999,0,4,430,Germany,Male,DIAMOND,0
801,42,6,0.0,2,1,1,134141.062,0,1,361,Germany,Male,SILVER,0
711,25,7,0.0,3,1,1,13565.992,0,3,865,France,Female,PLATINUM,0
580,39,3,119688.81,1,1,0,191872.764,0,4,804,Germany,Male,DIAMOND,0
586,43,8,132558.26,1,1,0,93880.56199999999,1,2,230,Germany,Female,SILVER,1
619,38,10,84651.79,1,1,1,258670.964,0,4,591,Germany,Male,SILVER,0
701,28,1,103421.32,1,0,1,106841.62199999999,0,5,499,Spain,Male,PLATINUM,0
723,49,0,153855.52,1,1,1,253222.164,1,3,965,Germany,Female,PLATINUM,1
638,34,7,0.0,2,1,1,278572.692,0,4,577,Germany,Female,SILVER,0
641,42,3,121765.37,2,1,1,233138.57599999997,0,5,433,Germany,Male,SILVER,0
553,32,7,64082.09,1,0,1,152838.41199999998,0,4,353,France,Male,SILVER,0
716,66,5,121411.9,1,0,0,14113.56,1,1,388,Germany,Male,GOLD,1
618,42,8,153572.31,2,1,1,107366.44,0,3,594,Germany,Male,DIAMOND,0
601,40,10,98627.13,2,0,0,109183.766,0,2,726,Germany,Male,DIAMOND,0
615,32,7,92199.84,1,1,1,3872.742,0,3,721,France,Male,SILVER,0
632,41,3,81877.38,1,1,1,47114.094,0,3,532,Germany,Female,SILVER,0
607,40,5,90594.55,1,0,1,254252.55,0,4,762,Germany,Male,DIAMOND,0
735,50,9,0.0,1,0,0,233363.28999999998,1,2,886,Spain,Male,PLATINUM,1
669,33,9,0.0,2,0,1,150124.44199999998,0,2,689,Germany,Female,PLATINUM,0
615,35,7,0.0,2,1,0,211113.006,0,1,948,Germany,Male,GOLD,0
808,33,2,103516.87,1,1,0,159485.91999999998,0,1,834,Germany,Female,SILVER,0
729,42,4,97495.8,2,0,0,2818.5,0,3,583,Germany,Female,GOLD,0
662,37,6,0.0,2,1,0,71735.83799999999,0,5,526,Germany,Female,PLATINUM,0
746,37,4,0.0,2,0,1,239470.384,0,5,219,Germany,Female,PLATINUM,0
841,52,3,112383.03,1,1,0,119737.91799999999,1,4,778,Germany,Female,PLATINUM,1
624,45,5,151855.33,1,1,0,96326.80999999998,0,5,335,Germany,Female,GOLD,0
803,42,5,0.0,1,1,0,275068.562,1,1,534,France,Male,GOLD,1
782,52,4,0.0,1,1,1,73878.74799999999,1,4,741,Spain,Male,GOLD,1
717,33,0,115777.23,1,1,1,114126.34,0,1,569,Germany,Female,DIAMOND,0
606,23,10,70417.79,1,0,1,127269.45599999998,0,4,437,Spain,Female,DIAMOND,0
544,23,1,96471.2,1,1,0,49786.358,0,4,487,Germany,Male,DIAMOND,0
645,40,6,131411.24,1,1,1,272533.55399999995,0,4,323,France,Male,SILVER,0
835,45,3,100212.13,1,1,0,213623.66799999998,0,2,398,Spain,Male,GOLD,0
665,37,5,160389.82,1,0,1,256973.91199999995,0,2,661,France,Female,GOLD,0
660,33,4,0.0,1,1,0,41545.229999999996,0,4,400,Spain,Male,DIAMOND,0
418,46,9,0.0,1,1,1,113435.29999999999,1,2,768,Germany,Female,GOLD,1
416,35,8,0.0,1,0,0,167612.892,0,2,244,Spain,Male,DIAMOND,0
735,43,10,123180.01,2,1,1,275357.592,1,3,683,Germany,Male,PLATINUM,0
730,38,5,118866.36,1,1,1,228659.5,0,1,308,Spain,Male,DIAMOND,0
472,40,4,0.0,1,1,0,98230.908,0,4,545,Spain,Male,DIAMOND,0
605,33,4,0.0,2,0,1,117195.924,0,3,550,France,Female,DIAMOND,0
614,41,7,179915.85,1,0,0,20547.89,1,3,451,Spain,Female,GOLD,1
850,54,7,108185.81,2,0,0,33745.76,1,3,431,Spain,Male,PLATINUM,1
573,44,9,0.0,2,1,0,149988.838,0,2,760,Spain,Male,PLATINUM,0
539,39,6,62052.28,1,0,1,83672.196,0,4,693,Spain,Female,GOLD,0
721,40,7,0.0,2,1,1,171627.672,0,4,351,Germany,Female,PLATINUM,0
523,36,8,113680.54,1,0,0,18491.416,0,5,961,Spain,Female,PLATINUM,0
725,47,1,104887.43,1,0,0,121286.58399999999,1,3,312,Germany,Female,GOLD,1
613,39,8,118201.41,1,1,0,32656.825999999997,0,1,333,Spain,Male,DIAMOND,0
646,32,8,105397.8,1,1,0,109371.57599999999,1,1,311,Germany,Male,PLATINUM,1
559,50,5,162702.35,1,0,0,210782.9,1,3,815,Germany,Male,DIAMOND,1
620,39,9,159492.79,1,1,0,112830.27599999998,1,1,637,Germany,Male,PLATINUM,1
599,38,9,89111.63,1,0,0,220150.44,0,3,600,Germany,Male,SILVER,0
542,37,8,0.0,1,1,1,1144.8839999999998,0,3,842,Spain,Male,GOLD,0
734,51,1,118537.47,1,1,1,163692.43,0,2,697,Germany,Male,DIAMOND,0
684,35,3,99967.76,1,1,1,247649.91199999995,0,1,606,Germany,Male,SILVER,0
614,41,8,121558.46,1,1,1,853.3199999999999,0,5,698,France,Female,SILVER,0
473,35,7,131504.73,1,1,0,265399.60199999996,0,5,852,Germany,Female,DIAMOND,0
584,35,6,161613.94,2,1,1,207548.424,0,3,416,France,Male,GOLD,0
708,33,3,0.0,2,1,0,194073.49399999998,0,5,729,Spain,Male,DIAMOND,0
630,43,9,0.0,2,1,1,48088.256,0,4,649,Germany,Male,GOLD,0
659,78,2,151675.65,1,0,1,69985.13799999999,0,5,364,Spain,Male,GOLD,0
744,39,4,95161.75,1,1,0,27188.678,0,3,920,Spain,Male,GOLD,0
783,41,5,106640.5,1,1,0,247739.34399999998,0,5,498,Germany,Female,PLATINUM,0
598,60,4,0.0,1,1,0,276832.996,1,3,361,France,Male,DIAMOND,1
501,40,5,114655.58,1,0,0,177165.288,0,4,844,Germany,Male,GOLD,0
383,48,8,95808.19,1,0,0,192797.814,1,1,609,Spain,Female,SILVER,1
717,50,9,90305.76,1,1,1,174492.198,0,3,404,France,Male,GOLD,0
685,33,6,0.0,1,1,0,81856.564,0,4,993,Germany,Male,DIAMOND,0
609,45,4,89122.3,1,1,1,278974.772,0,3,573,Spain,Female,DIAMOND,0
714,49,5,140510.89,1,1,0,198695.916,0,1,455,Germany,Female,DIAMOND,0
792,25,8,142862.21,1,1,1,182909.61399999997,0,5,298,Spain,Male,PLATINUM,0
508,28,0,96213.82,2,1,0,207093.984,0,2,371,Germany,Male,PLATINUM,0
637,44,0,157622.58,1,1,1,168650.87999999998,0,1,879,Spain,Female,PLATINUM,0
432,27,6,62339.81,2,0,0,75439.53799999999,0,1,522,France,Female,GOLD,0
530,29,5,0.0,2,0,0,170046.694,0,4,696,France,Female,GOLD,0
601,47,1,64430.06,2,0,1,135140.158,0,5,308,France,Male,SILVER,0
695,49,9,159458.53,1,1,0,190192.88999999998,0,5,360,France,Male,GOLD,0
755,40,2,137430.82,2,0,0,247491.02599999998,0,1,399,Germany,Male,SILVER,0
559,25,5,0.0,2,1,1,228524.70799999998,0,3,897,Spain,Male,SILVER,0
634,35,3,0.0,2,1,1,27336.672,0,2,332,Spain,Male,SILVER,0
642,22,10,111812.52,2,1,1,256278.64399999997,0,1,729,Germany,Male,GOLD,0
717,36,2,102989.83,2,0,1,68874.798,0,5,313,Spain,Male,SILVER,0
546,20,6,0.0,1,0,1,28727.389999999996,0,4,524,Germany,Female,GOLD,0
501,40,2,0.0,2,0,0,198740.688,0,5,872,Germany,Female,GOLD,0
521,27,4,121325.84,1,1,1,229928.18,1,3,575,France,Male,PLATINUM,1
678,35,4,0.0,1,1,0,175740.648,0,1,749,Germany,Female,DIAMOND,0
782,39,8,0.0,2,1,1,47544.53799999999,0,3,424,Germany,Male,PLATINUM,0
625,69,1,107569.96,1,1,1,255286.03,0,1,850,Spain,Female,PLATINUM,0
611,41,2,114206.84,1,1,0,229701.24,0,1,645,Germany,Female,DIAMOND,0
650,34,4,106005.54,1,0,1,200208.448,0,4,387,France,Male,PLATINUM,0
685,50,6,94238.75,2,1,1,70944.69799999999,1,4,941,Germany,Female,DIAMOND,1
755,38,1,0.0,2,1,0,29043.734,0,4,644,Germany,Female,GOLD,0
472,26,5,0.0,2,1,0,151791.324,0,2,893,France,Female,SILVER,0
526,36,0,0.0,2,1,0,136889.682,0,2,606,Germany,Female,PLATINUM,0
489,46,8,92060.06,1,1,0,206127.13,1,2,865,Germany,Female,DIAMOND,1
465,24,5,117154.9,1,1,1,178856.628,0,3,532,Germany,Male,GOLD,0
507,36,4,83543.37,1,0,0,196203.202,0,1,691,Germany,Male,DIAMOND,0
567,38,6,127678.8,2,0,0,63607.045999999995,0,1,871,France,Male,GOLD,0
824,49,8,133231.48,1,1,1,95054.51799999998,0,1,927,Germany,Male,PLATINUM,0
663,34,7,0.0,2,1,1,252613.13599999997,0,3,912,Germany,Male,SILVER,0
592,40,2,200322.45,1,1,1,158557.62199999997,0,5,482,Spain,Female,PLATINUM,0
653,37,7,135847.47,1,1,0,202848.134,0,5,529,Germany,Male,SILVER,0
621,36,7,116338.68,1,1,1,218055.872,0,2,280,Spain,Female,SILVER,0
768,44,6,60603.4,1,1,1,249279.35799999998,0,4,570,Spain,Female,DIAMOND,0
658,32,9,0.0,2,1,0,219499.65,0,4,384,Germany,Female,DIAMOND,0
615,59,8,0.0,2,1,1,231822.16999999995,0,2,948,France,Male,DIAMOND,0
684,56,3,127585.98,3,1,1,112845.886,1,3,708,Germany,Female,DIAMOND,1
629,34,8,0.0,2,1,1,252848.02799999996,0,3,835,Spain,Male,SILVER,0
651,45,2,165901.59,2,1,0,32291.313999999995,1,1,834,Germany,Male,DIAMOND,1
701,41,0,150844.94,1,0,1,178687.704,0,4,399,Germany,Male,GOLD,0
468,42,9,181627.14,2,1,0,241750.746,0,1,506,Germany,Male,PLATINUM,0
686,35,4,0.0,2,1,1,223562.16999999998,0,2,624,Spain,Female,GOLD,0
691,30,9,0.0,2,0,1,15363.256,0,1,269,Spain,Male,PLATINUM,0
669,25,1,157848.53,1,0,0,52576.502,1,3,354,France,Male,GOLD,1
483,41,1,118334.44,1,0,0,228422.186,1,3,985,Germany,Male,SILVER,1
550,49,0,108806.96,3,1,0,86040.688,1,5,431,Germany,Male,SILVER,1
805,26,8,42712.87,2,1,1,40421.365999999995,0,4,796,Germany,Female,GOLD,0
637,37,8,0.0,1,1,1,260502.30399999997,0,1,699,Spain,Male,DIAMOND,0
494,40,7,0.0,2,0,1,221315.36599999998,0,4,910,Germany,Male,GOLD,0
644,37,9,0.0,2,1,1,135035.004,0,2,577,Spain,Male,DIAMOND,0
659,67,4,145981.87,1,1,1,183475.47999999998,0,1,513,Germany,Male,PLATINUM,0
678,22,6,118064.93,2,1,1,273608.614,0,3,749,France,Female,GOLD,0
618,38,5,126473.99,1,1,0,128776.486,0,1,696,Spain,Male,SILVER,0
707,35,2,0.0,3,1,1,131822.62,0,2,855,France,Male,SILVER,0
650,32,1,132187.73,2,1,1,249678.90399999995,0,2,960,Spain,Male,PLATINUM,0
637,41,9,0.0,2,1,0,203683.30399999997,0,5,624,France,Female,GOLD,0
706,39,8,112889.91,1,0,1,9428.124,0,5,727,Germany,Female,DIAMOND,0
765,34,9,91835.16,1,0,0,193607.238,0,1,843,Germany,Male,PLATINUM,0
682,46,4,0.0,1,1,1,6530.991999999999,0,5,221,Spain,Male,SILVER,0
790,31,9,0.0,2,1,0,117792.45,0,1,319,France,Female,DIAMOND,0
668,39,4,79896.0,1,1,0,53867.945999999996,0,4,453,Germany,Male,GOLD,0
571,42,4,108825.34,3,1,0,77796.914,1,1,866,France,Female,DIAMOND,1
835,28,2,163569.61,2,1,1,216397.992,0,5,560,Germany,Male,PLATINUM,0
785,36,4,135438.4,1,0,0,266892.814,0,4,834,Germany,Female,SILVER,0
648,45,5,118886.55,1,0,0,72306.37999999999,0,4,609,Germany,Female,SILVER,0
850,29,10,0.0,2,1,1,279700.938,0,5,335,France,Female,PLATINUM,0
627,52,1,76101.81,2,0,1,248148.69,0,4,364,Germany,Male,PLATINUM,0
693,46,3,151709.33,1,1,0,253045.73599999998,0,1,695,Spain,Female,SILVER,0
696,27,2,96129.32,2,1,1,8392.179999999998,0,1,459,Germany,Female,PLATINUM,0
768,47,5,104552.61,1,1,0,67406.912,1,4,245,Germany,Female,PLATINUM,1
850,41,3,0.0,2,1,0,180464.304,0,3,775,Germany,Male,SILVER,0
691,38,5,114753.76,1,1,0,150746.028,0,4,490,Germany,Female,SILVER,0
645,42,6,0.0,1,0,0,209744.814,0,1,750,France,Male,GOLD,0
686,47,5,170935.94,1,1,0,242466.706,1,5,983,Germany,Female,GOLD,1
706,57,7,0.0,1,1,0,25132.624,1,1,701,Spain,Male,GOLD,1
699,40,7,0.0,1,0,1,214041.582,1,3,497,France,Male,DIAMOND,1
569,30,3,139528.23,1,1,1,46537.518000000004,0,4,705,Spain,Female,SILVER,0
691,38,1,0.0,2,0,0,62529.899999999994,0,1,885,Germany,Male,GOLD,0
628,51,3,123981.31,2,1,1,56779.61,0,5,351,Germany,Female,SILVER,0
592,41,0,0.0,2,1,0,92283.498,0,4,576,Spain,Male,GOLD,0
674,42,9,0.0,2,1,0,6024.808,0,1,632,Germany,Female,SILVER,0
711,28,5,0.0,2,1,1,131558.944,0,3,979,Spain,Female,DIAMOND,0
776,38,2,169824.46,1,1,0,237023.38,0,5,844,Germany,Female,SILVER,0
728,37,0,0.0,2,1,1,101100.31999999999,0,1,851,Germany,Male,PLATINUM,0
661,39,6,132628.98,1,0,0,54352.738,0,5,581,Spain,Male,DIAMOND,0
594,38,6,63176.44,2,1,1,20267.512,0,4,890,Germany,Male,GOLD,0
648,34,0,0.0,1,1,1,235119.53399999999,0,1,445,France,Male,PLATINUM,0
718,67,7,0.0,3,1,1,115909.912,0,5,710,Germany,Female,PLATINUM,0
763,53,4,0.0,1,1,0,108100.208,1,5,569,France,Female,GOLD,1
762,26,6,130428.78,1,1,0,242727.246,0,4,858,Germany,Male,GOLD,0
728,32,5,61825.5,1,1,1,218589.90199999997,0,5,433,Germany,Male,GOLD,0
791,25,7,0.0,1,1,0,125547.79199999999,0,5,740,Spain,Male,PLATINUM,0
648,35,7,0.0,2,0,0,172073.61399999997,0,2,878,Spain,Male,DIAMOND,0
559,38,3,145874.35,1,1,0,78850.946,1,2,707,Spain,Male,SILVER,1
651,28,10,79562.98,1,1,1,104577.31799999998,0,3,251,Germany,Male,SILVER,0
708,42,9,176702.36,2,1,1,146741.636,0,1,942,Germany,Male,SILVER,0
715,45,4,0.0,2,1,1,77076.502,0,4,320,Germany,Male,PLATINUM,0
612,63,2,126473.33,1,0,1,206578.90999999997,0,5,633,France,Female,DIAMOND,0
834,28,6,0.0,1,1,0,104017.54199999999,0,2,397,Germany,Female,PLATINUM,0
651,44,2,0.0,3,1,0,143557.49,1,2,992,Germany,Male,GOLD,1
629,34,6,0.0,2,1,0,266501.80799999996,0,3,741,Spain,Male,DIAMOND,0
685,43,9,108589.47,2,0,1,272746.914,0,4,376,Germany,Male,GOLD,0
485,51,7,144244.59,2,1,0,71573.396,0,4,633,Germany,Male,PLATINUM,0
846,34,10,142388.61,2,0,1,95766.09599999999,1,5,451,France,Female,SILVER,1
578,36,1,157267.95,2,1,0,198161.466,0,5,940,Spain,Male,PLATINUM,0
833,34,3,144751.81,1,0,0,233076.93399999998,0,3,908,France,Female,SILVER,0
702,50,3,0.0,2,0,0,132944.77599999998,0,4,726,Germany,Male,GOLD,0
722,46,5,0.0,2,1,0,251887.19399999996,0,2,310,France,Male,PLATINUM,0
590,24,7,126431.54,1,1,0,82308.55399999999,0,3,667,Germany,Male,SILVER,0
825,40,6,132308.22,1,0,0,163986.5,0,2,465,Germany,Male,PLATINUM,0
585,44,7,163867.86,1,1,1,157281.508,0,1,473,Germany,Male,PLATINUM,0
551,31,9,82293.82,2,1,1,128206.34999999999,0,3,748,Germany,Male,PLATINUM,0
630,35,1,0.0,2,0,0,261571.70799999998,0,1,548,Spain,Male,PLATINUM,0
598,20,8,180293.84,2,1,1,41388.78,0,1,664,Germany,Male,SILVER,0
725,44,5,0.0,1,1,1,164313.596,0,4,865,Germany,Male,SILVER,0
501,35,6,99760.84,1,1,1,19043.128,0,1,310,Germany,Male,SILVER,0
616,34,10,0.0,2,1,0,35942.178,0,4,279,Germany,Male,SILVER,0
585,54,8,87105.32,1,1,1,77499.59599999999,0,2,302,France,Male,DIAMOND,0
712,30,6,0.0,2,1,0,213400.158,0,4,472,Spain,Female,PLATINUM,0
418,35,7,0.0,2,1,1,124444.40999999999,0,3,530,Germany,Male,DIAMOND,0
623,48,5,118469.38,1,1,1,222041.34999999998,0,4,346,France,Male,PLATINUM,0
568,28,1,127289.28,1,0,0,63871.114,0,4,235,Spain,Male,GOLD,0
554,35,8,0.0,2,1,1,247506.24399999998,0,4,398,France,Female,SILVER,0
674,45,6,72494.69,1,0,1,196073.492,0,3,839,France,Female,DIAMOND,0
641,65,6,38340.02,1,1,0,45665.878,1,3,537,France,Male,DIAMOND,1
850,40,9,99816.46,1,1,1,229600.52399999998,1,3,873,France,Female,PLATINUM,1
466,30,3,0.0,1,1,0,271593.44,0,2,671,France,Female,PLATINUM,0
666,31,3,123212.08,2,1,1,157035.234,0,1,981,Germany,Male,PLATINUM,0
675,34,1,124619.33,2,0,1,229149.58399999997,0,1,674,Germany,Male,PLATINUM,0
705,46,7,0.0,2,1,0,164197.69,0,2,946,Spain,Male,GOLD,0
738,31,9,79019.8,1,1,1,26063.721999999998,0,4,467,Spain,Male,PLATINUM,0
662,35,6,0.0,2,0,0,3408.46,1,4,730,Spain,Female,DIAMOND,1
587,33,8,148163.57,1,0,0,172110.55999999997,0,3,454,Germany,Male,DIAMOND,0
850,28,8,99986.98,1,1,0,275230.56999999995,0,3,895,France,Male,PLATINUM,0
825,37,6,118050.79,1,0,1,73236.61,0,5,822,Germany,Male,SILVER,0
666,43,7,137780.74,2,1,1,166755.07,1,3,817,France,Male,SILVER,1
728,37,3,122689.51,2,0,0,149783.542,1,4,950,Germany,Male,GOLD,1
607,48,4,112070.86,3,1,0,243010.61999999997,1,5,948,France,Female,SILVER,1
620,40,5,108197.11,2,1,0,69626.27599999998,0,5,951,Germany,Male,SILVER,0
529,43,6,93616.35,2,0,0,137703.12399999998,0,5,286,Germany,Male,GOLD,0
711,34,4,133467.77,2,1,1,60182.295999999995,0,5,267,Germany,Male,DIAMOND,0
532,52,3,110791.97,1,1,0,208201.67799999999,1,4,846,Germany,Male,DIAMOND,1
802,60,3,92887.06,1,1,0,55278.081999999995,1,4,848,France,Female,PLATINUM,1
762,34,8,98592.88,1,0,1,268521.406,1,3,279,Germany,Female,DIAMOND,1
772,26,7,152400.51,2,1,0,111194.59999999999,0,1,695,Germany,Male,PLATINUM,0
706,28,6,124923.35,2,1,1,70433.79599999999,0,3,536,Germany,Female,DIAMOND,0
686,39,4,157731.6,2,1,0,227963.84,0,1,323,Germany,Female,GOLD,0
578,23,8,0.0,2,1,0,156989.97199999998,0,3,240,Spain,Male,DIAMOND,0
483,27,1,77805.66,1,1,1,2957.6459999999997,0,2,279,Germany,Male,PLATINUM,0
572,19,1,138657.08,1,1,1,22641.548,0,3,263,Germany,Female,PLATINUM,0
719,35,8,0.0,1,1,1,231242.36,0,5,569,Spain,Female,DIAMOND,0
523,27,8,61688.61,2,1,0,205897.824,0,4,316,Germany,Male,GOLD,0
640,42,5,176099.13,1,1,1,11781.622,0,5,380,Germany,Female,PLATINUM,0
610,33,4,111582.11,1,0,0,159535.438,0,4,692,Germany,Male,DIAMOND,0
650,55,9,119618.42,1,1,1,41820.582,0,4,405,Spain,Male,GOLD,0
617,42,0,70105.87,1,1,1,169178.022,0,3,702,Spain,Male,SILVER,0
520,43,3,150805.17,3,0,1,35481.242,1,2,857,Germany,Male,GOLD,1
669,39,3,119452.03,1,1,1,240220.756,0,4,784,Germany,Male,DIAMOND,0
703,36,7,135095.47,1,1,0,201418.524,0,2,764,Spain,Male,SILVER,0
633,43,5,0.0,2,1,1,67564.832,0,5,250,Germany,Male,SILVER,0
686,44,7,55053.62,1,1,0,254475.066,0,3,495,Germany,Female,DIAMOND,0
769,41,1,72509.91,1,1,0,36028.221999999994,0,4,747,Spain,Male,GOLD,0
616,36,6,0.0,1,1,1,18097.847999999998,1,1,906,Spain,Female,DIAMOND,1
698,40,0,92053.44,1,1,1,201169.56199999998,0,4,970,Spain,Female,DIAMOND,0
634,38,2,148430.55,1,1,1,78493.008,0,5,808,Germany,Male,PLATINUM,0
788,32,4,112079.58,1,0,0,125131.02599999998,0,1,645,Germany,Male,SILVER,0
793,36,0,0.0,1,0,0,208605.85799999998,0,2,847,Spain,Female,SILVER,0
738,40,1,115409.18,2,0,0,252654.51999999996,0,5,925,Germany,Female,GOLD,0
471,27,4,0.0,2,1,0,171713.92599999998,0,4,346,Germany,Female,PLATINUM,0
743,30,1,127023.39,1,1,1,194308.246,0,4,546,Germany,Female,GOLD,0
610,57,6,106938.11,2,0,1,261272.45799999998,0,4,913,Germany,Male,DIAMOND,0
594,35,2,133853.27,1,1,1,91521.324,0,1,722,Germany,Male,GOLD,0
670,67,6,158719.57,1,1,1,166065.36,0,3,392,Spain,Male,SILVER,0
769,45,5,126674.81,1,1,0,173781.194,1,5,592,Germany,Female,DIAMOND,1
520,45,1,123086.39,1,1,1,57474.36,1,1,796,Germany,Female,PLATINUM,1
698,63,5,0.0,1,1,1,243022.39399999997,0,5,545,Spain,Female,SILVER,0
605,64,2,129555.7,1,1,1,19057.506,0,1,380,Germany,Female,SILVER,0
676,29,7,131959.86,1,0,0,264991.334,0,2,304,Germany,Male,SILVER,0
564,31,0,110527.17,1,1,1,121900.078,0,2,752,Germany,Male,GOLD,0
635,24,4,140197.18,1,1,1,200125.16199999998,0,4,907,Spain,Male,SILVER,0
425,39,4,0.0,2,1,0,276131.848,0,2,261,Germany,Male,SILVER,0
641,48,3,147341.43,1,1,1,220457.05399999997,1,3,611,Germany,Female,DIAMOND,1
579,39,5,0.0,2,0,1,55863.575999999994,0,2,977,France,Male,GOLD,0
712,29,3,87375.78,2,0,0,232687.34199999998,0,2,584,France,Female,SILVER,0
850,45,5,127258.79,1,1,1,269856.922,1,3,380,Germany,Female,SILVER,1
667,41,6,0.0,2,0,0,234069.47799999997,0,2,298,France,Male,PLATINUM,0
606,25,3,147386.72,3,1,0,63689.856,1,5,405,Spain,Female,SILVER,1
693,30,6,127992.25,1,1,1,70655.07999999999,0,1,483,France,Female,SILVER,0
499,29,6,148051.52,1,1,0,166088.516,0,4,662,Germany,Female,PLATINUM,0
689,40,1,0.0,2,1,1,167240.296,0,4,501,France,Female,SILVER,0
528,43,7,97473.87,2,1,1,223767.424,0,3,654,Spain,Male,PLATINUM,0
569,34,3,0.0,1,1,0,187611.542,0,1,824,Spain,Female,PLATINUM,0
836,37,10,0.0,2,1,0,155869.174,0,1,645,Spain,Female,GOLD,0
599,28,4,126833.79,2,1,0,85195.32599999999,1,5,252,Spain,Female,PLATINUM,1
625,31,4,77743.01,2,1,0,105484.95199999999,0,5,626,Germany,Male,GOLD,0
705,64,3,153469.26,3,0,0,205218.12399999998,1,4,875,Germany,Female,PLATINUM,1
696,32,4,84421.62,1,0,1,73255.594,0,5,491,Germany,Male,PLATINUM,0
581,35,4,0.0,2,0,1,120952.348,0,5,453,Germany,Male,PLATINUM,0
620,41,3,0.0,2,1,1,192247.68399999998,0,2,725,France,Male,PLATINUM,0
662,72,7,140301.72,1,0,1,250977.138,0,4,832,Spain,Female,DIAMOND,0
630,50,3,129370.91,4,1,1,66900.476,1,1,712,Germany,Male,GOLD,1
762,31,7,117687.35,1,1,1,223097.202,0,2,867,France,Male,PLATINUM,0
578,31,5,102088.68,4,0,0,263027.69399999996,1,4,645,Germany,Female,SILVER,1
834,68,9,130169.27,2,0,1,130372.07999999999,0,5,882,Germany,Female,GOLD,0
578,39,2,0.0,2,1,0,98804.45999999999,0,1,550,France,Male,GOLD,0
780,71,9,142550.25,2,1,1,171524.492,0,1,408,Germany,Male,PLATINUM,0
615,61,9,0.0,2,1,0,210333.99,1,4,683,Spain,Male,DIAMOND,1
717,40,0,98241.04,1,1,0,155256.99599999998,0,3,817,France,Male,GOLD,0
630,50,8,0.0,2,0,1,111143.43,0,4,237,Germany,Male,PLATINUM,0
609,53,7,0.0,2,0,1,73280.98999999999,0,5,295,France,Male,SILVER,0
755,38,9,148912.44,1,1,0,112597.624,0,3,416,France,Male,DIAMOND,0
376,29,4,115046.74,4,1,0,167100.63199999998,1,2,282,Germany,Female,DIAMOND,1
731,30,7,0.0,2,1,1,258429.35199999998,0,2,781,Germany,Male,GOLD,0
672,21,1,35741.69,1,1,0,40320.916,0,2,466,Germany,Female,DIAMOND,0
680,36,7,0.0,2,1,0,28167.893999999997,0,5,524,Spain,Male,DIAMOND,0
703,43,8,0.0,2,1,0,13601.524,0,3,880,France,Male,PLATINUM,0
710,46,10,120530.34,1,1,0,233236.78599999996,1,4,977,Germany,Female,DIAMOND,1
499,46,6,0.0,2,1,0,102855.56999999999,0,5,809,Germany,Female,PLATINUM,0
786,32,9,0.0,2,1,0,186372.37399999998,0,1,904,France,Male,SILVER,0
572,51,8,97750.07,3,1,1,270234.964,1,2,740,Germany,Male,PLATINUM,1
793,41,3,141806.46,1,1,0,144104.63799999998,0,3,447,France,Female,GOLD,0
777,30,4,0.0,2,0,1,161871.758,0,1,561,Germany,Female,DIAMOND,0
579,31,2,90547.48,2,1,1,26335.182,0,1,304,Germany,Male,GOLD,0
669,47,0,63723.78,2,1,1,254714.55,0,1,316,Germany,Male,DIAMOND,0
504,44,0,131873.07,2,1,1,221266.408,1,3,646,Germany,Female,GOLD,1
580,65,9,106804.26,3,1,0,151061.966,1,3,950,France,Female,GOLD,1
719,35,3,122964.88,1,1,1,193539.38,0,4,411,Spain,Male,DIAMOND,0
687,21,8,0.0,2,1,1,216689.27599999998,0,5,449,Spain,Female,PLATINUM,0
434,33,3,0.0,1,1,1,3850.5939999999996,0,5,556,Spain,Male,PLATINUM,0
650,26,4,214346.96,2,1,0,180356.462,0,2,888,Germany,Male,GOLD,0
626,36,2,181671.16,2,1,1,80558.59599999999,0,1,267,Germany,Male,DIAMOND,0
509,30,6,0.0,2,1,0,252853.40399999995,0,4,342,Germany,Male,DIAMOND,0
702,60,5,138597.54,2,1,1,58166.22599999999,1,4,476,Germany,Female,GOLD,1
683,41,6,95696.52,2,1,1,258127.596,0,5,459,France,Male,GOLD,0
612,38,7,110615.47,1,1,1,270919.10199999996,0,5,802,France,Female,DIAMOND,0
630,28,9,0.0,2,0,0,45654.09,0,2,625,France,Male,SILVER,0
641,35,2,103711.56,1,0,1,269464.894,1,2,267,Germany,Male,PLATINUM,1
621,34,2,91258.52,2,1,0,62815.36,0,2,607,Germany,Female,DIAMOND,0
530,39,2,0.0,2,1,0,277107.26999999996,0,4,296,France,Male,SILVER,0
768,43,2,129264.05,2,0,0,26825.195999999996,0,3,343,Germany,Female,SILVER,0
581,24,10,159203.71,1,1,1,143539.962,1,4,766,Spain,Female,DIAMOND,1
783,37,1,136689.66,1,1,0,277061.91,0,1,412,Spain,Female,GOLD,0
774,28,1,71264.02,2,0,1,96278.398,0,5,461,Germany,Female,GOLD,0
541,34,3,128743.55,1,1,0,188806.56799999997,0,3,430,Germany,Male,DIAMOND,0
745,38,5,65095.41,2,1,1,196291.388,0,3,603,Germany,Male,PLATINUM,0
552,42,9,133701.07,2,1,0,141512.594,1,4,523,Germany,Male,SILVER,1
582,31,2,0.0,2,1,1,47260.842,0,4,413,Germany,Male,GOLD,0
473,35,6,69617.36,1,1,0,200698.966,0,1,959,Germany,Female,PLATINUM,0
532,66,3,0.0,1,1,1,161332.828,0,1,955,Spain,Female,DIAMOND,0
669,50,4,112650.89,1,0,0,232955.70799999998,1,2,440,Germany,Female,PLATINUM,1
706,31,1,117020.08,2,1,0,76230.34199999999,0,4,401,Germany,Male,GOLD,0
491,68,3,107571.61,1,0,1,159189.386,0,4,786,Germany,Female,PLATINUM,0
616,45,4,122793.96,1,1,1,86817.856,0,5,224,Germany,Female,SILVER,0
579,33,1,0.0,2,1,1,76758.19799999999,0,3,528,Spain,Male,SILVER,0
732,36,7,126195.81,1,1,1,186456.472,0,1,549,Germany,Male,DIAMOND,0
574,34,7,152992.91,1,1,1,188582.68,0,5,705,Germany,Female,DIAMOND,0
674,28,5,0.0,1,1,1,212710.34999999998,0,3,377,France,Male,GOLD,0
605,39,7,0.0,1,0,1,167102.59199999998,0,4,307,Germany,Male,DIAMOND,0
681,29,2,148143.84,1,1,1,72844.946,0,5,394,France,Female,SILVER,0
622,27,9,139834.93,1,1,1,213842.446,0,2,972,Spain,Male,DIAMOND,0
408,40,3,0.0,2,0,0,174838.922,0,5,602,Germany,Male,GOLD,0
739,31,1,0.0,2,1,1,81872.65,0,1,252,Spain,Male,GOLD,0
600,32,1,0.0,1,1,1,142795.62399999998,0,4,324,Germany,Male,SILVER,0
718,34,5,113922.44,2,1,0,43096.108,0,2,503,Spain,Male,DIAMOND,0
658,50,2,0.0,2,1,0,73007.822,0,1,893,Spain,Male,GOLD,0
676,36,4,0.0,2,1,1,4457.634,0,2,539,Spain,Female,PLATINUM,0
495,30,10,129755.99,1,0,0,241864.50999999998,0,2,753,France,Male,DIAMOND,0
850,39,5,114491.82,1,1,0,139580.272,0,2,949,Germany,Female,PLATINUM,0
605,56,1,74129.18,2,1,1,87094.692,1,1,969,Germany,Female,PLATINUM,1
671,42,6,0.0,2,1,0,276098.472,0,5,393,Germany,Female,DIAMOND,0
543,22,8,0.0,2,0,0,178637.10799999998,0,3,251,Germany,Male,PLATINUM,0
588,38,1,124271.26,1,1,0,106371.866,0,3,922,France,Male,DIAMOND,0
638,41,9,144326.09,1,1,0,103586.79000000001,1,2,527,Germany,Female,GOLD,1
629,39,2,129669.32,2,1,0,115898.698,0,4,716,Germany,Male,DIAMOND,0
567,41,9,137891.35,1,1,0,198828.24399999998,1,4,990,Germany,Female,DIAMOND,1
685,40,2,168001.34,2,1,1,234375.406,0,2,272,France,Male,GOLD,0
753,31,6,106596.29,1,0,0,127843.078,0,5,503,Germany,Female,GOLD,0
726,32,8,0.0,2,0,0,259120.88199999998,0,2,233,France,Female,SILVER,0
814,29,8,97086.4,2,1,1,276201.582,0,2,965,Germany,Male,GOLD,0
696,44,8,161889.79,1,0,0,105802.458,0,4,786,Germany,Male,GOLD,0
540,37,0,120825.7,1,1,0,39576.045999999995,0,2,540,Spain,Male,GOLD,0
756,28,6,0.0,1,1,1,230167.50999999998,0,2,458,France,Female,SILVER,0
486,37,1,101438.0,1,0,0,71925.38399999999,0,3,512,Germany,Male,PLATINUM,0
619,41,8,0.0,3,1,1,111828.42199999999,1,2,998,Spain,Female,GOLD,1
821,28,8,0.0,1,1,1,51470.78199999999,0,5,845,France,Female,GOLD,0
489,40,3,221532.8,1,1,0,240628.91199999995,0,5,636,Spain,Male,DIAMOND,0
741,37,9,105261.76,2,1,1,209319.956,0,1,523,France,Male,PLATINUM,0
825,32,9,0.0,2,0,0,13666.442000000001,0,5,583,France,Male,PLATINUM,0
545,47,8,105792.49,1,0,1,94977.27999999998,1,5,830,Germany,Male,SILVER,1
562,29,9,0.0,1,1,1,36217.151999999995,0,1,512,France,Male,SILVER,0
789,40,4,0.0,2,1,0,192378.17799999999,0,2,787,Spain,Female,SILVER,0
744,54,6,93806.31,2,0,1,196111.27799999996,0,2,306,Germany,Male,PLATINUM,0
633,42,1,0.0,2,1,0,79626.868,0,2,930,France,Female,SILVER,0
801,43,4,158713.08,2,0,0,138035.596,0,2,224,France,Male,SILVER,0
629,46,1,130666.2,1,1,1,225590.938,1,1,586,Germany,Male,SILVER,1
640,34,3,77826.8,1,1,1,235977.78999999998,0,4,329,Spain,Female,DIAMOND,0
653,29,2,0.0,2,1,1,58355.53399999999,0,5,718,France,Male,PLATINUM,0
525,30,0,157989.21,2,1,1,140977.73799999998,0,3,236,Germany,Female,DIAMOND,0
599,30,9,105443.68,1,1,1,169589.34199999998,0,3,259,Germany,Male,DIAMOND,0
667,39,9,0.0,2,1,0,96438.31999999999,0,5,535,Spain,Male,PLATINUM,0
754,50,7,146777.44,2,0,1,210974.72799999997,0,1,517,Spain,Female,GOLD,0
617,61,3,113858.95,1,1,1,53395.907999999996,0,1,422,Spain,Male,GOLD,0
745,35,9,92566.53,2,1,0,226142.67799999999,0,4,742,France,Male,SILVER,0
623,46,4,0.0,1,1,0,7783.753999999999,1,3,598,Spain,Male,DIAMOND,1
690,33,5,0.0,2,1,0,193239.75199999998,0,3,787,France,Male,PLATINUM,0
608,41,5,0.0,2,1,1,101462.15,0,5,445,Germany,Female,GOLD,0
582,40,9,0.0,3,1,1,85351.23,0,2,645,France,Female,SILVER,0
771,38,5,137657.71,2,1,0,102194.85399999999,0,3,378,Germany,Female,GOLD,0
583,41,5,77647.6,1,1,0,266616.328,0,2,866,Germany,Female,DIAMOND,0
640,23,3,72012.76,1,1,0,225881.38199999998,0,2,599,Germany,Male,DIAMOND,0
729,42,7,0.0,2,1,0,81590.48,1,1,226,Spain,Female,PLATINUM,1
651,42,2,143145.87,2,1,0,61071.88399999999,0,4,288,Spain,Male,SILVER,0
586,33,7,0.0,2,1,1,235580.95999999996,0,4,554,Spain,Female,SILVER,0
719,49,5,105918.1,1,1,1,22760.226,0,1,221,France,Male,DIAMOND,0
648,38,2,0.0,2,0,1,13387.086,0,1,565,Germany,Female,SILVER,0
785,54,1,0.0,2,1,0,63174.48799999999,1,5,287,Spain,Female,PLATINUM,1
705,31,3,142905.51,1,1,1,81403.958,0,4,551,France,Female,SILVER,0
722,40,6,89175.06,2,0,1,214052.53,0,4,984,Germany,Female,PLATINUM,0
598,47,2,0.0,2,1,1,260578.156,0,1,316,Germany,Male,PLATINUM,0
772,39,4,122486.11,2,1,1,197007.94999999998,0,2,925,Spain,Female,SILVER,0
537,38,10,0.0,1,0,0,73288.158,1,2,958,France,Female,GOLD,1
801,42,4,141947.67,1,1,1,14852.606,0,3,687,Spain,Male,SILVER,0
518,38,3,90957.81,1,0,1,227241.42599999998,0,4,846,Germany,Male,PLATINUM,0
637,45,2,157929.45,1,1,1,203203.28599999996,1,4,546,Spain,Female,DIAMOND,1
624,44,3,0.0,2,1,0,123785.51399999998,0,2,983,France,Male,SILVER,0
595,23,10,101126.66,2,0,0,51874.92,0,4,586,Spain,Female,SILVER,0
850,28,4,0.0,2,1,1,17387.613999999998,0,5,242,France,Male,GOLD,0
620,28,9,71902.52,1,0,1,266306.522,0,5,334,Germany,Male,SILVER,0
542,34,8,101116.06,1,1,0,274968.06999999995,0,4,987,Germany,Male,SILVER,0
569,36,1,67087.69,1,1,0,216700.98,0,5,308,France,Male,PLATINUM,0
620,61,5,0.0,1,0,0,44313.128,1,3,586,France,Male,GOLD,1
686,43,5,154846.24,2,1,1,212680.04,0,5,546,Germany,Female,DIAMOND,0
587,40,2,0.0,4,0,1,148659.58,1,2,826,Germany,Male,PLATINUM,1
599,51,0,0.0,1,1,1,245345.38599999997,0,3,220,Spain,Male,SILVER,0
850,35,7,114285.2,1,0,1,181539.82599999997,0,5,791,Germany,Female,GOLD,0
493,33,8,90791.69,1,1,1,83538.34199999999,0,3,865,Germany,Female,DIAMOND,0
683,30,1,113257.2,1,1,1,91064.02799999999,0,2,263,Spain,Male,GOLD,0
800,46,6,0.0,2,1,0,240714.256,0,2,471,Spain,Female,SILVER,0
663,27,8,0.0,1,1,1,263226.186,0,1,299,Spain,Male,GOLD,0
595,26,8,118547.72,1,1,1,211684.05199999997,0,4,388,Germany,Female,PLATINUM,0
677,39,0,111213.64,2,1,1,206624.564,0,5,667,Germany,Female,SILVER,0
620,28,8,0.0,2,1,1,279888.048,0,4,933,Germany,Male,SILVER,0
714,33,3,35016.6,1,1,0,75148.912,0,3,791,Germany,Male,GOLD,0
539,38,5,0.0,2,1,0,66358.774,0,3,234,France,Male,PLATINUM,0
693,40,0,120711.73,1,0,0,38298.252,1,1,709,Germany,Male,DIAMOND,1
655,37,4,0.0,2,1,1,199397.35799999998,0,3,774,Germany,Male,PLATINUM,0
670,36,3,0.0,1,1,0,197070.86599999998,1,3,534,France,Male,PLATINUM,1
593,50,6,171740.69,1,0,0,29266.054,0,4,602,Germany,Male,SILVER,0
696,41,9,127523.75,1,0,1,267999.388,0,1,824,Spain,Male,DIAMOND,0
585,55,10,106415.57,3,1,1,172160.37199999997,1,1,749,France,Male,GOLD,1
596,54,1,123544.0,1,1,1,168455.65,1,3,600,Germany,Male,DIAMOND,1
792,30,1,127187.86,1,1,1,158989.788,0,3,921,Germany,Male,SILVER,0
615,42,4,0.0,3,0,1,168464.52599999998,0,5,757,Spain,Male,PLATINUM,0
632,23,3,122478.51,1,1,0,206138.07799999998,1,5,390,Germany,Male,PLATINUM,1
644,24,8,92760.55,1,1,0,50270.45,0,5,238,Germany,Female,GOLD,0
625,31,5,0.0,2,0,1,141.09799999999998,0,3,855,France,Male,SILVER,0
645,38,5,101430.3,2,0,1,6175.447999999999,0,1,573,France,Female,GOLD,0
709,40,9,131569.63,1,1,1,145573.812,0,1,295,Germany,Female,DIAMOND,0
632,27,4,193125.85,1,1,1,213747.19,0,4,262,Germany,Male,GOLD,0
692,40,6,163505.16,1,0,0,126608.72599999998,0,4,675,Germany,Male,DIAMOND,0
760,57,1,0.0,2,1,1,35156.63799999999,0,2,687,Spain,Female,PLATINUM,0
649,32,1,0.0,1,0,1,127649.06599999999,1,5,373,Spain,Male,SILVER,1
556,47,2,139914.27,1,1,1,70562.372,0,1,522,Germany,Female,SILVER,0
732,50,6,145338.76,1,0,0,128725.54,1,4,738,Germany,Male,DIAMOND,1
700,42,8,0.0,2,1,1,147443.008,0,4,528,Germany,Female,SILVER,0
607,33,2,108431.87,2,0,1,153022.946,1,5,647,Spain,Female,PLATINUM,1
512,33,3,176666.62,1,1,0,132554.078,0,1,726,Spain,Male,PLATINUM,0
712,53,2,111061.01,2,0,0,37174.03799999999,0,2,345,Spain,Male,GOLD,0
553,32,3,116324.53,1,1,0,108241.28600000001,0,2,831,France,Male,GOLD,0
585,38,5,0.0,1,1,1,122323.98399999998,0,1,822,Germany,Female,GOLD,0
553,37,1,0.0,1,1,0,42661.17,0,5,623,France,Male,DIAMOND,0
672,45,9,0.0,1,1,1,128853.76599999999,1,1,397,Germany,Female,PLATINUM,1
583,54,6,115988.86,1,1,0,80590.572,1,5,878,Germany,Female,DIAMOND,1
669,29,9,0.0,1,1,1,131477.254,0,5,335,Spain,Male,DIAMOND,0
705,32,7,0.0,2,1,0,11105.197999999999,0,3,425,Germany,Male,DIAMOND,0
694,33,4,129731.64,2,1,0,249388.40399999995,0,3,718,France,Female,DIAMOND,0
800,49,7,108007.36,1,0,0,65990.154,0,3,855,Germany,Female,PLATINUM,0
559,40,7,144470.77,1,1,1,26500.13,0,3,255,Spain,Female,SILVER,0
693,25,6,146580.69,1,0,1,20501.69,0,4,459,Germany,Male,DIAMOND,0
666,33,2,124125.26,1,1,0,114653.72,0,4,459,Germany,Male,SILVER,0
685,44,2,119657.53,1,1,0,203556.86999999997,1,4,646,Germany,Female,DIAMOND,1
837,35,0,144037.6,1,1,0,203470.448,0,5,860,Germany,Male,DIAMOND,0
501,39,9,117301.66,1,0,0,254851.33,0,5,721,France,Female,SILVER,0
667,48,2,0.0,1,1,0,60535.87999999999,0,4,487,Germany,Male,SILVER,0
627,43,8,71240.3,1,0,1,178842.824,0,2,415,France,Male,DIAMOND,0
462,39,4,140133.08,2,0,0,183841.23,0,1,627,France,Male,SILVER,0
597,60,0,131778.08,1,0,0,14999.942,1,4,762,France,Female,SILVER,1
731,29,10,0.0,2,1,1,227448.71,0,4,251,Germany,Male,SILVER,0
624,71,7,0.0,2,1,1,152393.562,0,3,666,Germany,Male,GOLD,0
578,59,10,185966.64,1,0,0,13238.588,1,2,422,Germany,Male,GOLD,1
610,27,4,87262.4,2,1,0,255823.098,0,1,647,France,Female,SILVER,0
672,43,4,92599.55,2,1,1,234286.49199999997,0,4,274,Germany,Female,GOLD,0
732,38,5,178787.54,1,1,1,274079.74199999997,0,3,305,Germany,Male,DIAMOND,0
670,27,5,79336.61,1,1,1,36653.112,0,5,245,Germany,Female,DIAMOND,0
432,45,3,110219.14,1,1,0,60280.37999999999,1,5,946,Germany,Female,GOLD,1
565,38,2,158651.29,2,1,1,251238.392,0,4,805,Germany,Female,PLATINUM,0
729,62,4,140549.4,1,1,0,43401.223999999995,1,3,726,Germany,Female,GOLD,1
775,66,9,0.0,2,1,1,94686.27599999998,0,3,826,Germany,Female,PLATINUM,0
554,42,1,0.0,2,0,1,256905.05999999997,0,2,593,Spain,Male,GOLD,0
747,29,7,0.0,2,1,1,198404.00199999998,0,1,338,Germany,Male,DIAMOND,0
697,48,1,0.0,2,1,1,122375.74199999998,0,5,553,Germany,Female,DIAMOND,0
807,28,7,165969.26,3,1,0,218585.982,1,5,255,Spain,Female,PLATINUM,1
610,40,9,0.0,1,1,1,209458.556,0,3,613,Germany,Male,SILVER,0
733,45,2,113939.36,2,1,0,4521.1939999999995,0,1,995,Germany,Male,PLATINUM,0
710,31,1,0.0,2,1,0,28128.819999999996,0,3,572,France,Female,PLATINUM,0
817,34,5,129278.43,1,0,0,231802.97599999997,0,1,703,Germany,Male,DIAMOND,0
661,20,8,0.0,1,1,0,154368.542,0,3,330,Spain,Male,GOLD,0
651,29,3,121890.06,1,1,0,76357.71399999999,1,1,499,Germany,Male,GOLD,1
649,49,2,0.0,1,1,0,118824.39,1,3,226,Spain,Female,DIAMOND,1
695,32,9,0.0,3,0,1,53962.306,0,4,475,Spain,Male,GOLD,0
740,39,9,0.0,2,1,0,26681.122,0,3,993,Germany,Male,DIAMOND,0
712,32,1,0.0,2,1,0,2400.0119999999997,0,4,670,France,Female,PLATINUM,0
600,38,9,0.0,2,1,1,82413.18999999999,0,5,700,France,Female,PLATINUM,0
632,41,0,106134.46,1,0,1,147813.546,0,5,885,Germany,Male,GOLD,0
765,41,2,0.0,2,0,1,267716.854,0,4,547,France,Male,DIAMOND,0
724,39,3,0.0,2,0,1,133802.93399999998,0,2,918,Spain,Male,DIAMOND,0
684,42,3,103210.27,1,1,0,43417.842,0,4,521,Spain,Female,PLATINUM,0
746,34,6,141806.0,2,1,1,256907.81799999997,0,3,236,Germany,Male,SILVER,0
686,35,8,105419.73,1,1,0,49514.043999999994,0,5,887,France,Female,DIAMOND,0
587,38,0,0.0,2,1,0,66394.81,0,3,701,France,Male,DIAMOND,0
594,26,6,135067.52,2,0,0,183711.60399999996,0,3,285,Germany,Female,PLATINUM,0
706,38,8,0.0,2,0,1,65304.153999999995,0,3,826,Spain,Male,GOLD,0
674,41,4,126605.14,1,1,1,233387.90199999997,0,2,595,Spain,Female,GOLD,0
682,38,4,107192.38,1,1,1,21951.838,0,3,459,France,Male,PLATINUM,0
570,33,8,0.0,1,1,1,174512.98799999998,0,5,943,France,Female,PLATINUM,0
634,43,3,212696.32,1,1,0,161391.40399999998,0,3,327,Germany,Male,PLATINUM,0
444,45,4,0.0,2,1,0,226329.9,1,3,482,Germany,Female,DIAMOND,1
736,32,7,0.0,1,0,1,110730.66799999999,0,2,925,Spain,Male,DIAMOND,0
550,33,9,72788.03,1,1,1,145066.28399999999,0,2,487,Spain,Female,PLATINUM,0
563,32,6,0.0,2,1,1,27623.112,0,4,574,Spain,Male,SILVER,0
551,26,2,144258.52,1,1,0,69705.306,0,5,839,Germany,Female,DIAMOND,0
653,38,8,119315.75,1,1,0,210670.69,0,3,978,France,Male,SILVER,0
557,46,4,96173.17,2,1,1,162944.634,0,5,689,France,Female,GOLD,0
482,38,4,124976.19,1,1,0,50202.368,0,1,813,Germany,Male,PLATINUM,0
531,37,1,143407.29,2,0,1,118178.444,0,1,556,Spain,Male,SILVER,0
561,31,1,81480.27,2,1,1,91343.43999999999,0,1,666,Germany,Female,DIAMOND,0
573,30,6,0.0,2,1,0,92681.29400000001,0,2,546,France,Female,PLATINUM,0
570,58,8,0.0,1,0,1,163120.48799999998,1,2,257,Germany,Female,DIAMOND,1
617,45,1,0.0,1,1,0,200632.28399999999,0,4,323,Spain,Female,DIAMOND,0
694,37,3,0.0,2,1,1,205832.10799999998,0,3,245,Spain,Female,DIAMOND,0
632,27,3,107375.82,1,1,1,87799.73199999999,0,2,627,France,Female,PLATINUM,0
537,48,4,131834.8,1,1,0,233082.73,1,3,925,Germany,Male,DIAMOND,1
491,26,4,102251.14,1,1,1,204276.246,0,3,921,Germany,Male,SILVER,0
471,28,5,0.0,2,1,1,31314.757999999998,0,1,583,Spain,Female,PLATINUM,0
526,58,9,190298.89,2,1,1,267784.264,0,1,889,Germany,Male,DIAMOND,0
648,38,10,82697.28,1,1,0,104800.33799999999,0,3,966,France,Male,PLATINUM,0
630,33,9,0.0,2,1,0,90741.42599999999,0,4,864,France,Male,PLATINUM,0
695,56,4,0.0,2,1,0,118517.66399999999,0,4,736,Spain,Female,GOLD,0
701,39,9,0.0,2,0,1,204267.86,0,2,513,France,Female,GOLD,0
556,48,8,168522.37,1,1,1,211849.224,0,2,393,Spain,Female,SILVER,0
455,43,6,0.0,1,1,1,113766.10599999999,0,5,885,Spain,Female,PLATINUM,0
479,33,2,208165.53,1,0,0,71099.734,1,5,765,France,Female,PLATINUM,1
819,28,8,168253.21,1,1,1,143933.796,0,4,230,Spain,Female,PLATINUM,0
669,45,7,149364.58,1,0,1,242850.698,0,5,263,France,Male,SILVER,0
660,48,0,90044.32,2,0,1,262661.958,1,5,351,France,Female,SILVER,1
764,28,10,124023.18,1,1,0,232678.59199999998,0,1,508,Germany,Male,SILVER,0
596,76,9,134208.25,1,1,1,18852.602,0,5,374,Spain,Female,DIAMOND,0
767,31,6,0.0,2,1,1,273950.2,0,1,244,Spain,Male,PLATINUM,0
531,37,7,121854.45,1,1,0,206544.88999999998,0,1,515,France,Male,PLATINUM,0
633,31,1,0.0,1,1,0,68064.394,0,3,804,France,Male,GOLD,0
567,26,2,0.0,2,1,1,110127.17,0,2,387,Germany,Female,PLATINUM,0
781,38,3,128345.69,2,1,0,88521.39,0,2,608,France,Female,SILVER,0
574,30,5,120355.0,1,1,0,192925.69,0,3,420,Spain,Male,SILVER,0
621,46,6,141078.37,1,0,0,48428.12,1,2,956,Germany,Male,SILVER,1
594,30,10,0.0,2,1,1,173715.394,0,2,757,Germany,Female,DIAMOND,0
751,42,4,0.0,2,1,1,114034.64,0,2,997,France,Male,DIAMOND,0
634,31,9,108632.48,1,1,1,251295.34399999998,1,5,760,Spain,Male,DIAMOND,1
608,37,2,130461.02,1,1,0,30769.01,0,5,642,Spain,Male,SILVER,0
653,38,8,102133.38,1,1,1,233144.34399999998,0,3,795,France,Female,SILVER,0
604,26,8,149542.52,2,0,1,277091.12799999997,0,1,683,Germany,Male,SILVER,0
584,32,5,0.0,2,1,0,15354.547999999999,0,1,735,Spain,Male,PLATINUM,0
609,37,1,39344.83,1,1,1,249623.646,1,5,370,Germany,Male,SILVER,1
567,54,5,92316.31,2,1,0,222041.924,1,1,916,Spain,Female,DIAMOND,1
723,21,4,0.0,2,0,0,34800.828,0,1,823,Germany,Male,SILVER,0
716,23,2,94464.81,2,0,1,260276.232,0,5,351,France,Female,PLATINUM,0
724,41,2,127892.57,2,0,1,279518.63,0,4,393,Germany,Male,DIAMOND,0
752,31,4,144637.86,2,1,0,56710.407999999996,0,1,383,Spain,Female,DIAMOND,0
636,48,1,170833.46,1,1,0,154729.392,1,1,654,Germany,Female,PLATINUM,1
565,59,9,69129.59,1,1,1,239002.74199999997,0,5,558,Germany,Male,PLATINUM,0
701,29,2,0.0,2,1,0,247736.02599999998,0,3,225,Germany,Male,PLATINUM,0
650,55,2,140891.46,3,1,1,251783.23,1,5,526,Germany,Female,PLATINUM,1
577,37,2,127261.35,1,1,0,78674.06999999999,0,3,392,France,Male,SILVER,0
622,26,9,0.0,2,1,1,214547.626,0,3,344,France,Male,PLATINUM,0
850,38,2,94652.04,1,1,1,240760.06399999998,0,3,475,Spain,Male,PLATINUM,0
628,37,0,0.0,2,1,1,240406.10199999998,0,4,668,Germany,Male,GOLD,0
750,38,5,151532.4,1,1,1,65192.21,0,2,377,Germany,Male,SILVER,0
512,75,2,0.0,1,1,0,172641.468,0,3,355,France,Female,GOLD,0
660,42,5,0.0,3,1,1,264637.736,1,5,351,Spain,Female,GOLD,1
755,78,5,121206.96,1,1,1,106438.086,0,5,554,France,Female,PLATINUM,0
674,32,7,85757.93,1,1,1,133688.4,0,2,929,France,Female,DIAMOND,0
743,71,0,0.0,2,0,1,41787.71,0,5,330,Germany,Male,PLATINUM,0
550,38,9,140278.99,3,1,1,240054.884,1,5,230,Germany,Male,GOLD,1
587,41,8,85109.21,1,1,0,2195.948,0,4,318,Spain,Male,GOLD,0
841,31,2,0.0,2,1,0,242551.72799999997,0,3,647,Germany,Male,DIAMOND,0
557,42,4,0.0,2,0,1,121314.332,0,2,569,Spain,Male,GOLD,0
655,37,8,163708.58,2,0,0,106777.92199999999,0,2,959,Spain,Male,SILVER,0
589,37,5,0.0,1,1,0,85869.818,0,1,359,France,Male,DIAMOND,0
609,77,1,0.0,1,0,1,26207.263999999996,0,4,590,Germany,Male,PLATINUM,0
712,31,7,0.0,2,1,0,238481.732,0,4,754,Germany,Female,SILVER,0
758,52,7,125095.94,1,1,0,239680.76199999996,1,2,747,France,Female,PLATINUM,1
663,49,7,116150.65,3,1,1,118117.194,1,5,670,Germany,Male,DIAMOND,1
774,36,7,103688.19,1,0,1,166575.436,0,1,275,France,Male,SILVER,0
717,34,1,0.0,2,1,0,167054.236,0,4,533,Spain,Female,DIAMOND,0
791,34,7,0.0,2,1,0,135443.244,0,1,802,France,Male,DIAMOND,0
714,26,3,119545.48,2,1,0,91691.116,0,3,276,Germany,Male,PLATINUM,0
644,51,4,95560.04,1,0,0,101695.37599999999,1,1,672,Germany,Female,PLATINUM,1
826,55,4,115285.85,1,1,0,196191.638,0,2,712,Germany,Male,GOLD,0
699,39,2,109724.38,1,1,1,252046.346,0,2,412,Germany,Male,GOLD,0
516,51,8,120124.35,2,0,1,236297.956,0,2,286,Germany,Male,PLATINUM,0
843,27,5,0.0,2,1,1,94506.92199999999,0,1,557,Germany,Female,DIAMOND,0
554,36,3,157780.93,2,1,0,8539.782,0,3,530,Germany,Female,DIAMOND,0
585,28,6,105795.9,1,1,1,57721.72599999999,0,2,446,France,Female,PLATINUM,0
583,22,2,0.0,2,0,1,8394.503999999999,0,5,307,Spain,Female,DIAMOND,0
660,39,9,134599.33,2,1,0,256349.21799999996,0,4,575,Germany,Male,PLATINUM,0
699,59,3,106819.65,1,0,1,229013.34999999998,0,5,557,Germany,Male,SILVER,0
766,38,7,130933.74,1,0,1,2865.316,0,4,436,Germany,Female,GOLD,0
725,35,7,75915.75,1,1,0,210725.40199999997,0,1,963,Germany,Male,SILVER,0
521,41,8,120586.54,1,0,1,28702.61,0,4,486,Germany,Male,GOLD,0
725,38,6,0.0,2,1,1,222191.19199999998,0,2,306,France,Male,DIAMOND,0
594,28,5,185013.02,1,1,0,23088.567999999996,0,2,817,Germany,Male,GOLD,0
754,35,4,0.0,2,1,0,62777.99399999999,0,1,992,France,Female,GOLD,0
734,29,0,139994.66,1,1,0,24857.608,0,2,965,France,Female,GOLD,0
611,64,9,0.0,2,1,1,74603.01,0,3,483,Germany,Male,GOLD,0
601,41,1,123971.16,1,0,1,241955.98599999998,0,3,543,Germany,Male,GOLD,0
609,48,1,108019.27,3,1,1,258349.50999999998,1,5,559,Germany,Male,PLATINUM,1
766,36,5,78381.13,1,0,1,215379.24,0,2,637,Spain,Male,SILVER,0
589,37,7,85146.48,2,1,0,121101.12599999999,1,2,806,Germany,Male,SILVER,1
584,36,9,0.0,1,1,1,148160.914,0,3,951,Germany,Male,PLATINUM,0
694,30,9,0.0,2,1,1,37759.434,0,5,829,Germany,Female,DIAMOND,0
635,24,4,0.0,2,1,1,98951.278,0,2,506,Spain,Male,GOLD,0
470,30,4,125385.01,1,1,0,95626.50199999998,0,1,536,Spain,Male,GOLD,0
632,40,3,109740.62,1,1,0,198670.436,0,4,336,Spain,Female,PLATINUM,0
579,35,1,0.0,2,1,0,6259.28,0,1,473,France,Male,GOLD,0
619,39,5,0.0,2,1,1,221837.45399999997,0,1,527,Germany,Male,SILVER,0
662,41,4,90350.77,1,1,0,106253.50999999998,1,3,709,Spain,Female,PLATINUM,1
745,40,3,88466.82,1,0,0,162878.98799999998,0,4,645,Spain,Male,SILVER,0
543,57,1,106138.33,2,1,1,168935.248,1,5,677,Germany,Female,GOLD,1
606,35,7,0.0,1,1,0,149586.884,1,5,418,Spain,Male,SILVER,1
599,34,8,0.0,2,1,1,243890.35199999998,0,4,524,France,Male,GOLD,0
673,25,3,108244.82,2,1,1,145018.544,0,1,284,Germany,Female,SILVER,0
605,75,2,61319.63,1,0,1,261332.15399999995,0,2,470,Germany,Male,SILVER,0
682,33,8,74963.5,1,1,1,45893.78399999999,0,4,359,Germany,Female,DIAMOND,0
657,41,5,95858.37,1,1,1,95573.232,0,2,529,Germany,Female,DIAMOND,0
586,33,10,66948.67,2,1,1,197077.642,0,1,825,Spain,Female,SILVER,0
661,42,9,75361.44,1,1,0,38666.367999999995,1,2,828,Spain,Female,PLATINUM,1
552,38,9,134105.01,1,0,0,81005.14,0,2,751,Germany,Female,SILVER,0
566,34,3,0.0,1,0,0,263404.966,0,4,999,Germany,Male,GOLD,0
691,60,6,101070.69,1,1,0,248313.11999999997,1,5,253,Germany,Female,SILVER,1
593,43,10,0.0,2,0,0,74884.22799999999,0,2,602,Spain,Male,SILVER,0
619,38,3,96143.47,1,0,0,138607.88799999998,0,3,759,Spain,Male,DIAMOND,0
625,24,1,0.0,2,1,1,253372.36999999997,0,2,570,France,Female,DIAMOND,0
712,38,7,132767.66,2,1,1,82777.078,0,5,358,Germany,Male,DIAMOND,0
696,33,2,163139.27,1,1,1,9864.503999999999,0,1,514,Germany,Male,DIAMOND,0
506,59,3,190353.08,1,1,0,109727.04999999999,0,4,797,Germany,Female,PLATINUM,0
630,26,7,129837.72,2,0,1,275816.61,0,1,716,Germany,Male,DIAMOND,0
806,59,0,135296.33,1,1,0,255966.49999999997,0,1,486,Germany,Female,SILVER,0
616,37,6,0.0,2,1,0,120754.05199999998,0,2,850,France,Female,PLATINUM,0
848,40,5,148495.64,1,0,0,222410.57200000001,0,3,616,Germany,Female,SILVER,0
613,44,9,100524.69,1,1,1,66233.53,0,4,484,Spain,Male,DIAMOND,0
642,40,1,154863.15,1,1,1,193288.514,0,4,716,Germany,Male,SILVER,0
682,59,0,122661.39,1,0,1,118740.26399999998,0,1,686,Spain,Female,PLATINUM,0
627,37,2,125190.86,1,0,1,118433.56599999999,0,2,582,France,Male,DIAMOND,0
439,66,9,0.0,1,1,0,91764.78399999999,0,1,764,Germany,Female,SILVER,0
683,72,3,140997.26,1,0,1,74041.974,0,3,580,France,Male,SILVER,0
628,51,10,115280.49,2,0,0,17695.054,1,2,573,Germany,Female,SILVER,1
664,48,10,0.0,1,1,0,196257.438,1,1,495,Germany,Male,PLATINUM,1
516,27,1,0.0,1,0,1,157250.61,0,3,638,Spain,Female,PLATINUM,0
631,22,6,139129.92,1,1,1,89261.514,0,1,357,Germany,Female,GOLD,0
591,49,3,0.0,2,1,0,70187.81599999999,0,2,560,Germany,Male,GOLD,0
679,30,1,112543.42,1,1,1,251224.29399999997,0,1,228,France,Female,PLATINUM,0
602,32,10,0.0,2,1,1,162489.088,0,3,592,France,Male,PLATINUM,0
550,57,5,0.0,1,1,1,186917.716,0,5,484,Germany,Male,PLATINUM,0
612,52,5,144772.69,1,0,0,137638.598,1,4,818,Spain,Female,PLATINUM,1
498,61,7,102453.26,1,1,0,262161.584,1,2,727,Germany,Male,DIAMOND,1
850,48,2,0.0,1,1,0,237210.41999999995,1,1,761,Spain,Male,GOLD,1
655,35,1,106405.03,1,1,1,116075.34999999999,0,3,580,Spain,Female,DIAMOND,0
785,47,9,122031.55,1,1,1,47367.899999999994,1,5,560,France,Female,GOLD,1
686,38,2,93569.86,3,0,0,14207.276,1,4,844,Germany,Female,PLATINUM,1
796,50,1,94164.0,1,1,1,265195.636,0,2,971,Germany,Female,DIAMOND,0
727,28,2,110997.76,1,1,0,142022.264,0,2,935,Germany,Female,DIAMOND,0
718,43,0,93143.39,1,1,0,234591.80399999997,0,3,491,Germany,Female,DIAMOND,0
675,38,6,68065.8,1,0,0,194302.8,1,5,543,France,Female,PLATINUM,1
608,48,2,127924.25,2,1,0,45098.653999999995,0,1,794,Germany,Female,DIAMOND,0
583,59,7,127450.14,1,0,1,94588.79400000001,0,2,992,Germany,Male,GOLD,0
622,59,5,119380.37,1,1,1,84616.20199999999,0,1,650,France,Male,PLATINUM,0
642,40,7,0.0,2,1,0,257563.67599999998,0,1,882,Germany,Female,PLATINUM,0
781,27,7,186558.55,1,1,1,245114.80599999998,1,2,403,France,Female,GOLD,1
596,21,4,210433.08,2,0,1,276231.87799999997,1,5,896,France,Male,DIAMOND,1
643,45,2,150842.93,1,0,1,3262.944,1,5,537,Germany,Female,PLATINUM,1
757,55,9,117294.12,4,1,0,131877.45799999998,1,2,918,Spain,Female,DIAMOND,1
733,40,5,125725.02,2,1,1,71111.34,0,3,656,Germany,Male,DIAMOND,0
667,37,9,71786.9,2,1,1,94843.70599999999,0,2,818,Germany,Female,SILVER,0
648,31,7,125681.51,1,0,1,181988.30199999997,0,4,744,Germany,Male,GOLD,0
534,34,5,170600.78,1,0,1,7351.741999999999,0,5,703,Spain,Male,PLATINUM,0
808,32,1,0.0,2,1,1,64695.99399999999,0,4,870,Germany,Male,GOLD,0
682,37,8,148580.12,1,1,0,49265.852,0,5,643,Germany,Female,GOLD,0
595,53,7,0.0,2,1,0,57935.352,1,3,327,France,Female,DIAMOND,1
721,49,1,120108.56,1,0,1,256805.464,0,4,970,Germany,Female,SILVER,0
660,41,1,129901.21,1,1,0,36450.84,1,2,694,Germany,Male,PLATINUM,1
510,38,4,0.0,1,1,0,166493.94199999998,1,2,887,Spain,Female,DIAMOND,1
545,37,9,110483.86,1,1,1,178367.538,0,5,233,Germany,Male,DIAMOND,0
500,56,1,100374.58,1,1,0,165902.12,1,4,950,France,Male,DIAMOND,1
594,49,2,126615.94,2,0,1,172515.636,0,3,650,Spain,Female,DIAMOND,0
746,48,5,165282.42,1,1,0,215316.04399999997,1,4,512,Germany,Male,SILVER,1
689,22,4,136444.25,1,1,0,72787.34999999999,1,1,919,France,Male,DIAMOND,1
457,41,8,73700.12,3,1,1,260065.02799999996,1,5,310,Germany,Male,DIAMOND,1
627,29,5,139541.58,2,1,0,112865.262,0,1,662,Germany,Male,DIAMOND,0
700,38,9,65962.63,1,1,1,141345.672,0,2,419,France,Male,PLATINUM,0
535,35,8,118989.92,1,1,1,189766.408,0,5,895,Spain,Male,DIAMOND,0
762,29,10,115545.33,2,1,0,207574.00199999998,0,3,931,Spain,Male,PLATINUM,0
468,29,1,111681.98,2,1,1,274010.624,0,3,977,Germany,Male,GOLD,0
850,36,10,0.0,2,1,1,141065.042,0,4,795,France,Female,SILVER,0
486,26,2,0.0,2,1,1,43974.159999999996,0,4,551,Germany,Male,PLATINUM,0
579,49,4,169377.31,1,1,1,172964.07,0,1,650,Germany,Male,PLATINUM,0
778,29,6,150358.97,1,1,0,87450.614,1,4,371,Germany,Female,DIAMOND,1
642,39,4,0.0,1,1,1,107564.736,0,4,445,France,Female,PLATINUM,0
797,30,10,69413.44,1,1,1,104507.598,0,4,856,Germany,Male,GOLD,0
479,35,4,138718.92,1,1,1,66167.506,1,1,751,Germany,Male,GOLD,1
496,36,7,0.0,2,0,0,151352.59199999998,0,4,289,Germany,Female,GOLD,0
792,34,1,0.0,1,0,1,120877.448,0,4,836,France,Male,DIAMOND,0
641,40,7,0.0,1,1,0,177810.338,0,4,596,France,Female,GOLD,0
562,57,3,0.0,3,1,0,9191.958,1,2,571,France,Female,SILVER,1
590,29,4,0.0,2,1,0,170600.53399999999,0,1,339,Germany,Female,SILVER,0
602,59,7,0.0,2,1,1,227300.86999999997,0,3,280,Germany,Male,SILVER,0
746,34,4,0.0,1,0,1,91248.23999999999,0,1,416,Germany,Female,SILVER,0
646,44,2,113063.83,1,0,0,74316.48599999999,1,3,661,Germany,Female,SILVER,1
704,31,0,0.0,2,1,0,256268.66199999995,0,1,349,France,Male,DIAMOND,0
689,31,4,0.0,2,1,1,191269.02799999996,0,5,840,Spain,Female,PLATINUM,0
713,25,4,121172.97,1,1,1,78791.572,0,3,993,Germany,Female,GOLD,0
617,54,6,102141.9,1,1,1,63470.364,0,4,746,Germany,Male,PLATINUM,0
646,39,9,111574.41,1,1,1,43188.914,0,2,525,Germany,Male,PLATINUM,0
695,43,1,100421.1,1,1,1,141612.792,0,1,979,Germany,Male,GOLD,0
551,50,1,121399.98,1,0,1,118326.81599999999,1,2,713,Germany,Male,DIAMOND,1
720,29,2,0.0,2,1,0,55910.727999999996,0,5,398,Germany,Male,PLATINUM,0
679,37,7,74260.03,1,1,0,272480.172,0,4,436,Germany,Male,PLATINUM,0
493,48,7,0.0,2,1,0,67978.14,0,3,592,Spain,Female,SILVER,0
752,30,3,0.0,2,1,1,147002.792,0,4,974,Germany,Female,SILVER,0
720,33,3,123783.91,2,1,1,200079.816,0,2,649,Spain,Male,SILVER,0
676,35,0,0.0,2,0,0,195891.21199999997,0,3,543,Spain,Male,SILVER,0
533,51,6,127545.56,2,0,0,111397.628,1,1,658,Germany,Male,PLATINUM,1
786,33,0,83036.05,1,0,1,217001.81199999998,1,2,595,France,Female,PLATINUM,1
743,30,7,77599.23,1,0,0,202184.94,0,5,682,France,Male,GOLD,0
616,28,10,105173.99,1,0,1,41784.518,1,1,947,Germany,Female,SILVER,1
820,49,1,0.0,2,1,1,166737.15,0,1,679,Germany,Female,PLATINUM,0
502,33,5,174673.65,2,1,0,46635.78399999999,0,5,419,Germany,Male,DIAMOND,0
601,41,3,0.0,2,1,0,76094.962,0,5,560,Spain,Female,PLATINUM,0
491,19,2,125860.2,1,0,0,181581.69999999998,0,2,894,Germany,Male,SILVER,0
419,27,2,121580.42,1,0,1,188623.714,0,5,851,Spain,Female,DIAMOND,0
571,33,9,102017.25,2,0,0,180055.686,0,4,798,France,Female,GOLD,0
668,34,5,80242.37,2,0,0,79508.358,0,3,872,Germany,Male,GOLD,0
758,23,5,122739.1,1,1,0,143460.17599999998,1,5,546,Germany,Female,GOLD,1
646,51,4,101629.3,1,0,0,182772.54,0,5,639,France,Female,SILVER,0
713,53,6,115029.4,1,0,0,268144.848,1,2,338,Germany,Male,PLATINUM,1
800,29,2,0.0,2,0,0,234897.96999999997,0,4,311,Germany,Female,PLATINUM,0
823,44,1,0.0,2,0,1,255508.98,0,2,639,Germany,Female,SILVER,0
644,32,8,141528.88,1,1,1,233937.27599999998,1,1,863,Germany,Female,GOLD,1
478,48,0,83287.05,2,0,1,61822.12999999999,1,2,706,Spain,Male,GOLD,1
727,28,5,0.0,2,0,1,27529.312,0,3,351,Germany,Male,GOLD,0
661,42,2,178820.91,1,0,0,41116.998,1,1,426,Spain,Male,PLATINUM,1
691,29,9,116536.43,1,1,0,72798.18599999999,0,1,592,France,Female,DIAMOND,0
741,64,2,69311.16,1,1,1,82947.80799999999,0,1,384,France,Female,GOLD,0
815,24,7,171922.72,1,0,1,249255.54399999997,0,2,458,Germany,Male,DIAMOND,0
695,29,5,0.0,2,1,1,9493.615999999998,0,3,748,France,Male,GOLD,0
499,31,4,0.0,1,1,0,36345.686,0,4,699,Germany,Male,PLATINUM,0
637,40,8,125470.81,1,1,1,244365.638,0,4,658,France,Male,PLATINUM,0
850,45,4,114347.85,2,1,1,152739.656,0,4,744,Spain,Female,SILVER,0
549,49,6,124829.16,1,0,1,130986.904,0,3,411,Germany,Female,DIAMOND,0
745,48,10,96048.55,1,1,0,104329.90999999999,0,1,701,Germany,Male,PLATINUM,0
553,38,1,181110.13,2,1,0,258377.42599999998,0,4,300,Spain,Male,PLATINUM,0
705,48,9,114169.16,1,0,0,242597.48,1,4,866,Germany,Male,DIAMOND,1
640,43,9,172478.15,1,1,0,267533.16,1,4,844,Spain,Male,DIAMOND,1
590,32,9,0.0,2,1,0,194459.80999999997,0,1,452,France,Male,SILVER,0
624,38,8,0.0,2,1,0,133579.774,0,5,735,Spain,Female,PLATINUM,0
631,29,2,0.0,2,1,1,26029.575999999997,0,1,821,Germany,Male,PLATINUM,0
701,37,8,107798.85,1,1,0,23768.422,0,1,228,Germany,Male,SILVER,0
696,30,8,0.0,2,1,1,274603.216,0,3,890,France,Female,SILVER,0
656,28,8,120047.77,1,1,1,192057.746,0,1,590,Spain,Male,PLATINUM,0
619,38,3,0.0,2,0,1,163069.29,0,1,348,France,Female,PLATINUM,0
593,38,5,85626.6,1,1,1,175126.50999999998,0,2,891,Germany,Female,GOLD,0
793,29,8,96674.55,2,0,0,268983.924,0,4,558,Spain,Male,DIAMOND,0
850,56,7,131317.48,1,1,1,166860.62999999998,0,3,657,Germany,Male,SILVER,0
527,37,5,93722.73,2,1,1,194746.222,0,3,453,Spain,Male,PLATINUM,0
806,34,6,0.0,2,0,0,141148.986,0,3,780,Germany,Male,SILVER,0
620,36,7,169312.72,1,1,0,63594.72599999999,0,3,579,Spain,Male,DIAMOND,0
739,60,4,0.0,1,1,1,72307.738,0,1,457,Spain,Male,DIAMOND,0
850,37,7,153147.75,1,1,1,213144.41999999998,0,5,867,Germany,Female,GOLD,0
626,44,2,0.0,1,0,1,242379.10799999998,1,4,307,France,Female,GOLD,1
699,28,7,0.0,2,1,1,31773.691999999995,0,2,638,France,Male,GOLD,0
686,41,5,128876.71,3,1,1,149730.07599999997,1,5,339,France,Male,DIAMOND,1
809,33,9,0.0,1,1,1,173678.90999999997,0,5,452,Spain,Male,GOLD,0
639,27,8,0.0,2,1,0,269161.29,0,2,740,France,Male,PLATINUM,0
543,23,5,0.0,2,1,0,164980.346,0,2,710,Spain,Male,PLATINUM,0
787,43,0,132217.45,1,1,0,29352.041999999998,1,2,314,Germany,Male,DIAMOND,1
641,41,7,104405.54,3,1,0,24352.893999999997,0,5,532,Germany,Male,SILVER,0
586,41,3,63873.56,1,1,0,117270.09599999999,0,2,972,Spain,Male,DIAMOND,0
720,52,7,0.0,1,1,1,20708.568,0,1,678,France,Male,GOLD,0
605,32,9,0.0,2,1,1,78028.93599999999,0,5,446,France,Male,SILVER,0
773,47,2,118079.47,4,1,1,200225.48599999998,1,4,668,Germany,Male,PLATINUM,1
683,39,2,100062.16,2,1,0,152897.00199999998,0,3,829,Germany,Female,SILVER,0
593,29,2,152265.43,1,1,0,47621.216,0,1,907,Germany,Female,SILVER,0
751,48,4,0.0,1,0,1,42246.084,1,3,591,France,Female,DIAMOND,1
634,36,1,69518.95,1,1,0,162748.74599999998,0,5,541,Germany,Female,PLATINUM,0
686,26,7,0.0,2,1,0,2172.246,0,3,414,Germany,Male,DIAMOND,0
572,35,4,152390.26,1,1,0,179388.12399999998,0,4,951,Spain,Male,GOLD,0
544,30,4,73218.89,1,0,1,177530.36599999998,0,2,846,France,Male,SILVER,0
686,47,5,113328.93,1,1,0,173854.25999999998,0,4,666,France,Female,PLATINUM,0
735,34,1,141796.43,1,1,0,64216.88599999999,0,4,602,France,Male,GOLD,0
739,29,3,59385.98,2,1,1,147762.544,0,5,429,Germany,Male,PLATINUM,0
539,40,7,81132.21,1,1,0,234220.748,0,5,235,Germany,Female,GOLD,0
705,44,10,106731.58,1,1,0,192402.81799999997,1,4,531,Germany,Female,PLATINUM,1
425,22,7,169649.73,2,0,1,190926.0,1,2,619,Spain,Female,GOLD,1
560,26,3,116576.45,1,1,0,220609.31799999997,0,4,440,Spain,Female,PLATINUM,0
642,32,7,100433.8,1,1,1,55691.02599999999,0,2,479,Spain,Male,PLATINUM,0
745,59,8,0.0,1,1,1,50589.972,0,2,949,Spain,Female,DIAMOND,0
792,31,6,71269.89,2,0,1,176292.878,0,2,660,France,Male,DIAMOND,0
613,28,7,76656.4,2,1,1,259691.53599999996,0,5,234,Germany,Male,GOLD,0
786,31,9,0.0,2,1,1,25509.504,0,1,400,Spain,Male,SILVER,0
560,49,4,0.0,1,1,1,140120.13999999998,1,1,533,Germany,Male,DIAMOND,1
520,58,3,0.0,2,0,1,45921.02799999999,0,5,253,Germany,Male,DIAMOND,0
629,40,2,121647.54,2,1,1,90804.636,1,1,290,Germany,Male,SILVER,1
659,50,3,0.0,1,1,0,256773.76799999998,1,5,818,Germany,Female,PLATINUM,1
666,66,7,0.0,2,1,1,139724.948,0,5,545,France,Female,GOLD,0
654,32,2,0.0,1,1,1,72777.08799999999,1,5,580,Spain,Female,DIAMOND,1
703,39,1,141559.5,1,1,1,43774.939999999995,1,2,589,Germany,Male,GOLD,1
628,50,4,143054.56,1,0,1,153467.33399999997,1,5,306,Germany,Female,DIAMOND,1
740,43,9,0.0,1,1,0,279021.952,1,4,891,Spain,Male,PLATINUM,1
608,33,4,0.0,1,1,0,111041.132,1,2,820,France,Female,DIAMOND,1
668,35,6,102482.76,1,1,1,75607.496,0,3,421,Germany,Female,SILVER,0
850,31,4,0.0,2,0,0,213232.59199999998,0,5,681,Germany,Male,SILVER,0
713,61,4,149525.34,2,1,0,173144.082,0,2,798,Germany,Female,SILVER,0
553,42,1,0.0,2,0,0,33365.856,0,3,425,France,Male,PLATINUM,0
493,32,8,46161.18,1,1,1,111423.35999999999,0,2,606,Spain,Male,GOLD,0
668,24,7,173962.32,1,0,0,149054.954,1,2,967,Spain,Female,SILVER,1
505,37,0,134006.39,1,1,1,131246.366,0,4,274,Spain,Male,PLATINUM,0
589,32,2,0.0,2,0,1,13271.095999999998,0,2,539,Germany,Male,GOLD,0
850,36,0,0.0,2,1,0,197754.598,0,3,863,Spain,Male,SILVER,0
593,33,1,0.0,2,0,0,13993.159999999998,0,4,357,France,Male,DIAMOND,0
495,34,9,117160.32,1,1,1,162511.936,1,1,715,Germany,Female,DIAMOND,1
607,36,8,158261.68,1,1,1,107457.608,0,5,863,Spain,Male,GOLD,0
454,48,5,144837.79,1,1,1,130427.478,0,2,325,Spain,Female,DIAMOND,0
660,50,1,0.0,3,1,1,268603.81,1,5,967,France,Male,SILVER,1
588,48,1,143279.58,2,1,0,44228.119999999995,1,2,914,Germany,Female,PLATINUM,1
616,29,9,0.0,1,1,1,233793.216,0,2,310,Germany,Male,PLATINUM,0
596,37,2,0.0,1,0,1,169661.204,0,3,862,France,Male,DIAMOND,0
609,37,6,0.0,2,0,1,30858.007999999998,0,1,482,France,Male,GOLD,0
680,42,7,105722.69,1,1,1,126796.536,1,1,269,Germany,Female,DIAMOND,1
721,45,7,138523.2,1,0,0,83461.23,1,1,314,Germany,Female,PLATINUM,1
628,33,3,0.0,1,1,1,263485.55,0,4,240,Spain,Female,GOLD,0
569,41,2,0.0,2,1,0,187996.598,0,5,991,Spain,Male,SILVER,0
567,47,2,0.0,1,0,0,155275.60199999998,1,5,545,France,Female,DIAMOND,1
678,30,1,139676.95,2,0,1,22619.399999999998,0,1,554,Germany,Female,SILVER,0
613,40,4,0.0,1,0,0,211870.33599999998,0,5,828,France,Male,PLATINUM,0
650,37,5,106967.18,1,0,0,34308.041999999994,0,5,652,France,Male,PLATINUM,0
554,24,10,0.0,1,0,0,129067.86799999999,0,5,398,France,Male,SILVER,0
538,25,5,62482.95,1,1,1,143876.80199999997,0,2,933,Germany,Male,GOLD,0
695,35,7,0.0,2,1,0,224558.172,0,5,950,Spain,Male,PLATINUM,0
750,42,8,151836.36,2,1,0,96188.532,0,5,769,Germany,Male,GOLD,0
611,37,4,0.0,2,1,0,175989.764,0,4,629,Spain,Female,SILVER,0
563,41,2,100520.92,1,1,1,27192.92,1,5,271,Germany,Male,DIAMOND,1
551,76,2,128410.71,2,1,1,254421.222,0,1,716,Spain,Male,SILVER,0
713,33,6,94598.48,1,0,0,276542.524,1,5,621,Germany,Male,PLATINUM,1
618,37,5,0.0,1,0,1,250202.63,1,2,595,France,Male,GOLD,1
550,52,5,121016.23,1,1,1,58437.518,1,3,592,Germany,Male,DIAMOND,1
647,28,8,0.0,2,1,1,127492.378,0,4,356,France,Male,GOLD,0
584,32,9,85534.83,1,0,0,236807.13599999997,0,5,226,Spain,Male,PLATINUM,0
763,38,0,152582.2,2,0,0,44664.948,0,4,624,France,Female,SILVER,0
631,22,3,0.0,2,0,0,43109.477999999996,0,1,982,France,Female,PLATINUM,0
685,30,2,0.0,2,1,1,197260.048,0,2,936,Germany,Male,DIAMOND,0
592,71,4,0.0,2,0,1,23833.956,0,3,302,France,Male,PLATINUM,0
685,33,6,0.0,2,0,1,261514.014,0,3,340,France,Female,SILVER,0
613,32,0,0.0,2,0,1,177360.868,0,5,963,Spain,Female,DIAMOND,0
645,31,1,128927.93,1,1,1,4005.014,0,4,847,Germany,Female,PLATINUM,0
752,41,8,0.0,2,1,0,195796.656,1,1,300,Germany,Female,SILVER,1
671,50,8,0.0,1,0,1,3599.154,0,1,678,Spain,Male,GOLD,0
623,34,9,0.0,1,1,0,33972.293999999994,0,1,333,Germany,Female,DIAMOND,0
523,32,4,0.0,2,1,0,235002.22799999997,0,3,480,Spain,Male,DIAMOND,0
714,29,6,92887.13,1,1,1,97424.886,0,2,576,Germany,Male,SILVER,0
689,47,2,118812.5,2,0,0,43584.988,0,3,810,Germany,Male,PLATINUM,0
757,33,5,77253.22,1,0,1,271950.482,0,3,582,Spain,Male,SILVER,0
556,54,4,150005.38,1,1,0,219836.69999999998,1,1,785,France,Female,PLATINUM,1
595,41,2,138878.81,1,0,1,157192.538,0,5,530,Germany,Female,SILVER,0
555,32,10,0.0,2,0,1,236063.34399999998,0,4,606,Spain,Male,GOLD,0
762,56,10,100260.88,3,1,1,108014.38799999999,1,1,721,Germany,Male,DIAMOND,1
850,47,9,137301.87,1,1,0,62107.47799999999,0,1,827,Germany,Female,SILVER,0
739,41,8,0.0,1,1,0,268387.67799999996,1,1,618,Spain,Female,PLATINUM,1
658,45,9,134562.8,1,1,1,222991.138,0,5,528,Germany,Female,DIAMOND,0
650,25,3,86605.5,3,1,0,23324.034,1,2,653,Spain,Female,GOLD,1
659,20,8,0.0,2,0,0,157615.828,0,5,833,France,Male,GOLD,0
562,35,0,0.0,2,1,0,167874.328,0,2,814,Spain,Female,SILVER,0
745,34,9,0.0,2,1,0,70079.75,0,3,848,Spain,Male,SILVER,0
730,62,5,112181.08,1,0,1,86134.418,0,4,916,Spain,Male,DIAMOND,0
508,41,5,82161.7,2,1,0,262902.08599999995,0,1,231,Germany,Female,DIAMOND,0
520,39,1,73493.17,1,0,1,153491.582,1,2,721,Germany,Female,SILVER,1
559,28,3,152264.81,1,0,0,89954.234,0,1,908,Germany,Female,DIAMOND,0
666,27,1,85225.21,1,0,1,90331.016,0,4,871,Germany,Female,SILVER,0
599,27,5,0.0,2,1,0,42779.96,0,3,259,France,Male,SILVER,0
739,19,5,89750.21,1,1,0,270226.92799999996,0,3,585,Spain,Male,PLATINUM,0
745,35,4,98270.34,1,1,0,187079.40199999997,0,5,271,Germany,Male,DIAMOND,0
613,43,4,140681.68,1,0,1,28202.697999999997,0,3,290,Germany,Female,PLATINUM,0
511,46,1,0.0,1,1,1,162106.272,1,1,773,France,Female,DIAMOND,1
596,39,9,0.0,1,1,0,68564.026,0,3,390,France,Male,PLATINUM,0
648,46,9,127209.0,2,1,0,108383.32999999999,1,4,932,Spain,Male,GOLD,1
590,32,5,0.0,2,1,0,82964.762,0,4,676,France,Male,GOLD,0
653,58,1,132602.88,1,1,0,7151.737999999999,0,2,163,Germany,Male,SILVER,1
507,35,1,0.0,2,0,0,128999.15599999999,0,5,313,France,Female,GOLD,0
529,43,5,0.0,2,0,0,111282.282,0,4,400,Spain,Female,GOLD,0
724,34,2,154485.74,2,0,0,109999.896,0,1,518,France,Male,DIAMOND,0
663,29,4,102714.65,2,0,0,29654.134,0,4,368,Germany,Female,PLATINUM,0
638,41,1,131762.94,1,1,1,66760.406,0,4,503,France,Male,PLATINUM,0
710,58,7,170113.0,2,0,1,14707.495999999997,0,5,916,Germany,Male,DIAMOND,0
622,41,9,0.0,2,1,1,218115.946,0,3,292,Spain,Female,PLATINUM,0
632,47,3,0.0,2,1,0,250366.248,0,3,980,Spain,Male,DIAMOND,0
684,46,0,0.0,2,1,1,50942.758,0,3,784,France,Male,GOLD,0
817,55,10,117561.49,1,1,0,134333.16999999998,1,3,226,France,Female,GOLD,1
604,40,1,0.0,2,1,0,172505.038,0,1,940,Germany,Female,PLATINUM,0
590,38,9,0.0,2,1,1,208265.224,0,3,575,Spain,Female,SILVER,0
519,22,8,0.0,1,0,1,234589.28399999999,0,1,941,Germany,Female,DIAMOND,0
531,53,5,127642.44,1,1,0,198117.03,1,3,341,France,Female,SILVER,1
560,31,3,115141.18,1,1,0,55744.45,0,5,558,France,Female,SILVER,0
718,39,7,93148.74,2,1,1,267059.932,0,2,721,Germany,Female,DIAMOND,0
722,37,0,125977.81,1,0,0,224242.388,0,2,983,Germany,Female,GOLD,0
615,61,1,104267.7,1,1,0,87998.896,1,3,613,France,Female,GOLD,1
655,44,6,146498.76,1,1,0,90809.914,1,1,472,Germany,Female,PLATINUM,1
653,35,9,0.0,2,1,1,64353.47,0,4,441,Spain,Male,GOLD,0
627,24,5,102773.2,2,1,0,79525.22799999999,1,1,901,Germany,Male,PLATINUM,1
543,49,6,59532.18,1,1,0,145969.984,0,3,301,Germany,Male,SILVER,0
748,66,8,0.0,1,1,1,228679.30999999997,0,4,671,Germany,Male,GOLD,0
675,33,0,141816.25,1,1,0,90756.06999999999,1,4,290,Germany,Female,GOLD,1
569,42,1,0.0,1,1,1,117096.44,1,2,748,Spain,Female,PLATINUM,1
674,27,4,79144.34,1,0,1,71056.362,0,1,720,France,Female,PLATINUM,0
593,41,6,0.0,2,1,1,138806.086,0,4,313,Germany,Male,SILVER,0
680,34,1,0.0,2,1,0,233864.098,0,3,579,France,Female,DIAMOND,0
636,20,10,124266.86,1,0,0,140808.53399999999,0,5,606,France,Female,DIAMOND,0
834,36,8,142882.49,1,1,0,125991.228,1,3,328,France,Male,DIAMOND,1
768,30,6,0.0,2,1,1,279251.11799999996,0,2,297,France,Male,GOLD,0
818,26,4,0.0,2,1,1,233866.716,0,3,261,Spain,Male,SILVER,0
721,36,2,0.0,2,1,1,149783.91999999998,0,5,534,Spain,Female,SILVER,0
629,61,6,0.0,2,1,1,187156.65399999998,0,5,803,Germany,Female,GOLD,0
643,39,7,0.0,2,1,1,238564.626,0,3,677,Germany,Male,PLATINUM,0
583,40,3,0.0,2,1,0,66834.2,0,5,648,France,Male,PLATINUM,0
705,39,3,92224.56,1,1,1,76339.15,0,2,453,France,Female,GOLD,0
782,53,1,81571.05,1,1,0,256159.64399999997,1,4,389,Germany,Female,DIAMOND,1
589,41,7,92618.62,1,1,1,141665.38999999998,0,5,235,Germany,Female,SILVER,0
575,24,2,0.0,2,1,1,167913.93399999998,0,2,367,France,Male,PLATINUM,0
725,39,5,116803.8,1,1,0,173689.158,0,2,763,Germany,Female,GOLD,0
729,46,5,117837.43,1,1,0,145638.254,1,5,924,Germany,Male,GOLD,1
647,43,9,0.0,2,1,1,109898.746,0,4,555,Germany,Male,DIAMOND,0
770,30,8,0.0,2,1,0,140794.84199999998,0,5,417,Germany,Female,SILVER,0
714,34,10,0.0,2,1,1,112342.79599999999,0,3,688,Germany,Male,DIAMOND,0
727,40,1,93051.64,2,1,0,100626.434,1,1,513,Germany,Male,SILVER,1
682,35,2,181166.44,1,1,1,89247.06599999999,1,4,944,Germany,Female,PLATINUM,1
757,28,3,75381.15,1,1,1,279633.80799999996,0,5,378,Germany,Male,GOLD,0
520,23,3,116022.53,2,1,1,52623.724,0,1,342,Germany,Female,GOLD,0
623,50,7,126608.37,1,0,1,918.8539999999999,1,2,676,Germany,Male,GOLD,1
669,41,0,150219.41,2,0,0,150989.642,0,2,880,France,Female,PLATINUM,0
711,41,3,0.0,2,1,1,271261.598,0,4,876,France,Male,GOLD,0
803,28,3,0.0,2,1,0,223530.59999999998,0,5,570,Germany,Male,DIAMOND,0
689,45,0,57784.22,1,1,0,276940.6,1,3,709,Spain,Female,SILVER,1
683,38,7,109346.13,2,1,0,143747.288,0,4,603,Germany,Male,DIAMOND,0
635,72,4,74812.84,1,0,1,38442.662,0,5,627,Germany,Female,GOLD,0
647,47,10,99835.17,1,0,1,124759.26999999999,0,3,554,Spain,Male,DIAMOND,0
494,30,3,85704.95,1,0,1,39055.484,0,2,520,France,Male,PLATINUM,0
701,39,9,140236.98,1,0,1,205327.78599999996,0,2,342,Germany,Male,PLATINUM,0
530,34,8,0.0,2,0,1,198636.52799999996,0,2,781,France,Female,GOLD,0
665,27,2,147435.96,1,0,0,262526.284,0,1,258,Germany,Female,DIAMOND,0
435,44,3,151739.65,1,1,0,234461.09999999998,0,4,412,Germany,Male,GOLD,0
488,31,8,97588.6,1,0,0,173909.742,0,2,712,France,Female,SILVER,0
611,40,1,0.0,2,1,1,143581.58399999997,0,2,991,Germany,Male,SILVER,0
586,29,2,132450.24,1,1,1,50662.28199999999,0,3,423,Spain,Male,DIAMOND,0
652,48,4,59486.31,1,1,0,229536.85199999998,1,5,751,France,Male,SILVER,1
605,39,10,105317.73,2,1,0,193244.90399999998,0,1,798,Spain,Male,PLATINUM,0
641,57,5,0.0,2,1,1,171443.85199999998,0,3,720,France,Male,SILVER,0
714,52,2,0.0,1,0,1,201678.11199999996,1,1,604,Germany,Female,SILVER,1
665,36,1,0.0,2,0,1,170122.854,0,2,350,Germany,Male,PLATINUM,0
847,66,7,123760.68,1,0,1,74435.024,0,1,757,France,Male,GOLD,0
487,45,2,0.0,2,1,0,108481.02199999998,0,1,360,France,Male,SILVER,0
720,60,9,115920.62,2,0,0,220587.91199999998,1,1,274,Germany,Male,PLATINUM,1
653,32,4,83772.95,1,0,1,33503.91,0,2,567,France,Female,SILVER,0
529,29,8,0.0,2,1,0,27793.953999999998,0,3,476,France,Female,SILVER,0
458,44,7,84386.57,1,1,0,250114.822,0,5,466,Germany,Male,DIAMOND,0
576,36,6,0.0,2,1,1,67654.59999999999,0,2,847,Germany,Male,PLATINUM,0
670,37,2,0.0,2,1,1,75936.636,0,5,407,France,Male,SILVER,0
850,27,6,96654.72,2,0,0,213851.224,0,2,613,Germany,Male,PLATINUM,0
593,35,4,161637.75,1,1,1,28026.843999999997,0,1,391,Spain,Male,GOLD,0
750,39,7,119565.92,1,1,0,121909.82199999999,0,1,918,Spain,Female,SILVER,0
543,25,1,146566.01,1,0,1,225985.472,0,3,706,Germany,Female,PLATINUM,0
647,52,7,130013.12,1,1,1,267143.904,1,4,309,Germany,Male,SILVER,1
748,20,7,0.0,2,0,0,15124.387999999999,0,4,725,Germany,Female,GOLD,0
496,41,1,176024.05,2,1,0,255288.172,0,1,754,France,Female,DIAMOND,0
720,43,6,137824.03,2,1,0,241595.87799999997,0,4,506,France,Female,GOLD,0
739,27,6,0.0,1,1,1,80616.332,0,2,746,France,Female,SILVER,0
661,42,3,0.0,2,1,0,50400.174,0,3,465,Spain,Female,PLATINUM,0
630,26,7,0.0,2,1,1,9334.296,0,2,776,Spain,Male,DIAMOND,0
781,48,0,57098.96,1,1,0,119916.684,1,1,646,Germany,Female,DIAMOND,1
743,73,6,0.0,2,0,1,151029.332,0,4,538,Germany,Female,GOLD,0
699,39,9,0.0,1,1,0,113364.488,0,2,966,France,Male,DIAMOND,0
686,34,1,0.0,2,1,0,122204.87199999999,0,2,980,France,Female,DIAMOND,0
714,33,8,122017.19,1,0,0,227536.238,0,5,504,Spain,Male,DIAMOND,0
699,35,5,0.0,2,1,1,109771.136,0,2,915,France,Male,SILVER,0
519,34,5,0.0,1,1,0,95886.44,0,2,668,France,Male,PLATINUM,0
616,66,1,135842.41,1,1,0,257391.714,1,2,302,Germany,Female,DIAMOND,1
582,40,3,110150.43,1,1,1,268475.70999999996,1,1,686,Germany,Female,GOLD,1
684,33,4,140700.61,1,1,0,144996.10199999998,0,5,987,Germany,Male,PLATINUM,0
565,36,6,106192.1,1,1,0,209420.82599999997,0,5,237,Germany,Male,DIAMOND,0
676,30,5,0.0,2,0,1,221058.9,0,4,608,Spain,Female,SILVER,0
623,40,5,118788.57,1,1,0,270029.36,0,3,731,Germany,Male,SILVER,0
807,31,1,93460.47,2,0,0,241910.76599999997,0,5,597,Germany,Female,PLATINUM,0
608,44,5,126147.84,1,0,1,185409.566,1,1,818,Germany,Female,DIAMOND,1
540,64,1,91869.69,1,0,1,133604.4,0,5,466,Germany,Male,SILVER,0
685,20,4,104719.94,2,1,0,54182.87599999999,0,5,909,Germany,Male,DIAMOND,0
566,22,7,144954.75,2,1,0,143159.4,0,4,698,Germany,Male,DIAMOND,0
704,45,6,0.0,1,1,1,192850.23,0,5,701,France,Female,GOLD,0
743,35,6,79388.33,1,1,1,270719.966,0,3,585,Spain,Male,DIAMOND,0
733,33,3,0.0,1,1,1,10748.421999999999,0,1,855,Germany,Male,SILVER,0
534,38,3,0.0,1,0,0,201528.57799999998,0,5,796,Germany,Male,PLATINUM,0
699,29,9,127570.93,2,1,0,230674.53399999999,0,1,901,Spain,Female,SILVER,0
680,37,10,123806.28,1,1,0,114502.57599999999,1,4,997,France,Female,GOLD,1
598,39,5,0.0,2,1,1,116359.844,0,3,926,Spain,Female,SILVER,0
641,36,5,66392.64,1,1,0,43564.337999999996,0,1,224,Germany,Female,SILVER,0
708,38,8,99640.89,1,1,0,17415.908,0,2,412,Spain,Male,DIAMOND,0
728,34,4,106328.08,1,1,0,124167.90999999999,0,5,709,Germany,Male,GOLD,0
652,28,8,156823.7,2,1,0,277567.12799999997,0,5,749,Spain,Male,PLATINUM,0
550,44,9,0.0,2,1,0,36774.814,0,4,296,France,Male,SILVER,0
679,39,7,91187.9,1,0,1,8520.503999999999,0,4,631,Spain,Female,PLATINUM,0
623,21,10,0.0,2,0,1,190206.81999999998,0,2,285,Germany,Male,PLATINUM,0
501,38,9,88977.39,2,0,1,186779.298,0,5,522,Germany,Male,GOLD,0
584,33,3,0.0,2,0,1,82759.382,0,3,812,France,Male,SILVER,0
605,33,9,128152.82,1,0,0,206966.93399999998,0,1,432,France,Male,DIAMOND,0
702,26,2,71281.29,1,1,1,152260.968,1,5,296,Germany,Male,PLATINUM,1
422,54,3,140014.42,1,0,1,120906.358,0,2,844,France,Male,SILVER,0
634,37,1,89696.84,2,1,1,270466.832,0,2,725,Germany,Male,GOLD,0
764,30,5,0.0,2,0,1,147232.924,0,3,876,France,Male,DIAMOND,0
722,20,6,0.0,2,1,0,273695.79199999996,0,5,543,France,Male,DIAMOND,0
686,45,3,74274.87,3,1,0,90885.472,1,4,228,Spain,Male,GOLD,1
775,32,8,121669.23,1,0,1,176272.74599999998,0,3,541,Germany,Male,SILVER,0
656,35,6,0.0,2,1,0,2094.3779999999997,0,2,631,France,Male,SILVER,0
811,30,6,0.0,2,1,1,252842.848,0,2,227,France,Male,SILVER,0
751,34,9,108513.25,2,1,1,37951.948,0,5,264,Germany,Male,SILVER,0
666,46,5,123873.19,1,1,1,248996.68399999998,0,2,742,France,Male,PLATINUM,0
656,45,7,145933.27,1,1,1,279163.996,0,1,409,France,Female,PLATINUM,0
659,43,1,106086.42,2,1,0,37675.882,0,5,748,Germany,Male,GOLD,0
608,66,8,123935.35,1,1,1,92076.466,0,5,923,Spain,Male,PLATINUM,0
750,47,7,121376.15,2,1,0,76278.04,1,2,803,France,Female,DIAMOND,1
505,49,7,80001.23,1,0,0,189267.15399999998,0,5,726,France,Male,GOLD,0
597,42,4,64740.12,1,1,1,149592.56799999997,0,5,244,France,Female,SILVER,0
772,51,9,143930.92,1,0,1,65360.714,1,1,937,Germany,Female,DIAMOND,1
656,32,5,136963.12,1,1,0,187354.992,0,1,995,Spain,Male,GOLD,0
650,25,7,160599.06,2,1,1,39763.128,0,3,268,Spain,Male,DIAMOND,0
584,41,3,0.0,2,1,1,224148.672,0,4,796,Germany,Female,SILVER,0
583,40,9,112701.04,1,0,0,40914.082,0,3,301,Germany,Male,DIAMOND,0
670,25,7,0.0,2,1,1,202627.732,0,2,940,France,Male,GOLD,0
504,42,3,134936.97,2,0,0,189265.474,0,2,985,France,Male,DIAMOND,0
689,39,4,0.0,2,1,0,274572.43,0,2,969,Germany,Male,GOLD,0
670,57,3,175575.95,2,1,0,138701.44999999998,1,5,843,Spain,Female,DIAMOND,1
485,37,5,0.0,2,0,1,238332.058,0,4,735,Germany,Male,SILVER,0
543,37,3,122304.65,2,0,0,47613.17999999999,0,3,684,Germany,Female,DIAMOND,0
797,37,4,75263.7,1,1,0,120137.478,0,4,300,Germany,Male,PLATINUM,0
630,28,8,106425.75,1,1,1,28497.775999999998,0,5,266,Germany,Female,DIAMOND,0
721,46,1,115764.32,2,0,0,144146.10599999997,0,3,804,France,Male,DIAMOND,0
701,30,2,0.0,2,1,0,161925.88199999998,0,1,528,Spain,Female,DIAMOND,0
716,29,10,87946.39,1,1,1,255559.43599999996,0,1,660,Germany,Female,GOLD,0
667,35,4,97585.32,2,0,0,80113.844,0,4,369,Spain,Male,GOLD,0
665,35,8,110934.54,1,1,0,237018.18599999996,0,1,487,France,Male,PLATINUM,0
812,25,5,54817.55,1,1,0,184339.43399999998,0,3,985,Germany,Male,PLATINUM,0
850,36,6,0.0,2,1,1,266287.93,0,1,978,Germany,Female,GOLD,0
655,36,1,135515.76,1,1,0,120434.544,0,4,779,Spain,Female,DIAMOND,0
624,45,3,68639.57,1,1,0,235218.23399999997,1,2,553,Germany,Female,DIAMOND,1
729,40,5,113574.61,2,1,0,144769.512,0,4,995,Germany,Male,SILVER,0
608,28,4,0.0,2,1,0,15274.481999999998,1,5,391,Spain,Female,PLATINUM,1
651,35,1,163700.78,3,1,1,41431.871999999996,1,4,467,Germany,Female,DIAMOND,1
539,43,3,116220.5,3,1,0,78140.544,1,4,264,Germany,Female,DIAMOND,1
542,32,7,107871.72,1,1,0,175438.696,0,2,668,Germany,Male,DIAMOND,0
648,49,5,0.0,1,1,0,209940.00199999998,1,4,549,Spain,Male,GOLD,1
559,34,4,0.0,2,1,1,93425.77199999998,0,2,784,France,Male,GOLD,0
701,39,9,0.0,2,1,1,154076.432,0,1,693,Spain,Female,GOLD,0
587,42,1,0.0,1,0,0,172224.674,0,5,727,Germany,Male,PLATINUM,0
704,33,0,130499.09,2,1,1,104741.10399999999,0,2,694,France,Female,SILVER,0
790,37,3,0.0,3,0,0,138471.248,0,3,772,Spain,Female,PLATINUM,0
776,33,2,0.0,2,1,1,247704.4,0,2,536,Spain,Male,GOLD,0
584,30,5,0.0,2,1,1,259297.21199999997,0,2,564,Spain,Female,SILVER,0
677,58,1,90022.85,1,0,1,4198.592,0,4,355,France,Female,GOLD,0
850,48,6,111962.99,1,1,0,156473.12,0,5,446,Germany,Female,GOLD,0
719,47,9,116393.59,1,1,0,88286.848,1,5,777,Spain,Female,DIAMOND,1
663,27,9,0.0,2,1,0,211205.406,0,5,769,Germany,Female,DIAMOND,0
518,59,5,138772.15,1,0,1,173435.8,0,4,968,France,Male,PLATINUM,0
582,33,6,0.0,2,0,1,102174.30199999998,0,4,475,Spain,Male,DIAMOND,0
575,47,9,107915.94,2,1,1,88848.052,1,5,232,Germany,Male,DIAMOND,1
526,66,7,132044.6,2,1,1,221727.246,0,4,789,Spain,Male,PLATINUM,0
663,37,7,143625.83,2,0,1,247096.86999999997,0,3,342,Germany,Male,SILVER,0
695,39,4,65521.2,1,1,1,1756.558,0,5,494,Spain,Male,PLATINUM,0
580,35,1,102097.33,1,0,1,235615.19,0,4,778,Germany,Female,DIAMOND,0
678,43,7,178074.33,1,0,0,154583.25999999998,0,3,853,Germany,Female,DIAMOND,0
623,43,4,123536.52,2,0,0,216886.92799999999,0,5,408,Spain,Female,GOLD,0
824,77,3,27517.15,2,0,1,3859.9739999999997,0,5,914,Germany,Male,DIAMOND,0
734,43,7,107805.67,1,0,0,255522.95199999996,0,2,327,Germany,Male,DIAMOND,0
641,53,0,123835.52,2,0,1,224169.90999999997,0,5,223,Germany,Female,SILVER,0
775,27,4,0.0,1,1,1,57145.164,0,1,923,Spain,Male,DIAMOND,0
628,33,8,152143.89,1,1,1,45058.64199999999,0,5,694,Germany,Male,SILVER,0
475,40,7,160818.08,1,0,1,237513.982,1,5,219,France,Male,GOLD,1
551,59,2,166968.28,1,1,0,223292.264,1,4,654,France,Female,SILVER,1
640,50,9,117565.03,2,0,0,115598.678,0,4,463,France,Female,GOLD,0
763,39,7,0.0,2,1,0,27257.25,0,2,311,Spain,Female,PLATINUM,0
756,60,2,0.0,1,1,1,233133.88599999997,1,3,858,France,Male,DIAMOND,1
648,37,6,131753.41,1,1,0,121667.53799999999,0,5,849,Germany,Male,SILVER,0
797,46,8,0.0,1,0,0,227750.66199999998,0,5,968,France,Female,SILVER,0
689,55,1,76296.81,1,1,0,59325.649999999994,1,3,908,Germany,Female,GOLD,1
581,30,0,53291.86,1,0,0,275230.192,0,1,314,Spain,Male,PLATINUM,0
693,37,1,0.0,2,1,1,116029.56999999999,0,1,502,Germany,Male,DIAMOND,0
584,66,5,0.0,1,1,0,69389.73199999999,1,4,770,Germany,Female,GOLD,1
569,25,9,173459.45,2,1,1,62148.48399999999,0,3,255,Germany,Male,GOLD,0
710,38,2,0.0,2,1,0,149.778,0,3,703,Germany,Male,DIAMOND,0
630,32,4,82034.0,1,0,0,204872.03,0,5,708,Spain,Male,GOLD,0
471,58,4,114713.57,1,1,1,50856.041999999994,0,1,904,France,Female,PLATINUM,0
789,51,3,104677.09,1,1,0,103986.532,0,1,759,Germany,Male,DIAMOND,0
584,29,7,105204.01,1,0,1,193901.042,0,2,453,Germany,Female,DIAMOND,0
489,58,4,0.0,2,1,1,268002.048,0,4,486,Spain,Male,SILVER,0
681,38,6,181804.34,2,1,1,80539.794,0,1,309,Germany,Male,SILVER,0
708,41,0,0.0,1,1,0,179775.868,0,5,315,France,Male,GOLD,0
659,67,6,117411.6,1,1,1,63114.52599999999,1,2,815,Germany,Male,SILVER,1
606,27,6,172310.33,1,0,1,156043.48799999998,0,4,232,Germany,Female,DIAMOND,0
647,33,4,0.0,1,1,0,213267.256,0,5,558,Germany,Female,GOLD,0
736,24,0,0.0,2,1,0,153113.022,1,1,446,France,Female,SILVER,1
781,33,3,89276.48,1,1,0,9757.599999999999,0,4,953,France,Male,DIAMOND,0
590,51,10,84474.62,2,1,1,267326.926,0,3,690,Spain,Female,PLATINUM,0
718,36,9,0.0,1,1,0,64288.818,0,1,939,France,Male,DIAMOND,0
683,43,8,0.0,1,1,0,135471.72,0,1,309,France,Male,SILVER,0
726,48,6,99906.19,1,1,0,90067.536,0,4,901,Spain,Female,DIAMOND,0
637,27,7,135842.89,1,1,1,142000.27,0,3,483,Germany,Female,DIAMOND,0
661,47,0,109493.62,1,0,0,263668.614,1,4,761,Germany,Female,GOLD,1
651,45,6,86714.06,1,1,0,120232.84599999999,1,2,773,Germany,Female,PLATINUM,1
595,35,8,0.0,1,1,0,140037.10599999997,1,1,645,Spain,Male,SILVER,1
667,24,4,0.0,2,0,0,252476.76199999996,0,3,392,France,Male,SILVER,0
631,37,2,121801.72,2,0,1,32420.267999999996,0,3,396,Germany,Female,GOLD,0
612,43,4,139496.35,2,1,1,107994.52199999998,0,2,590,France,Female,GOLD,0
627,30,6,112372.96,1,1,1,165255.726,0,3,345,Germany,Male,GOLD,0
579,42,0,144386.32,1,1,1,31510.939999999995,1,2,799,Germany,Male,SILVER,1
567,45,4,0.0,2,0,1,169489.466,0,3,525,France,Female,GOLD,0
596,60,7,121907.97,1,0,1,42454.655999999995,0,5,774,Spain,Male,GOLD,0
744,29,6,123737.04,2,1,0,198196.256,0,3,916,Germany,Male,DIAMOND,0
762,28,3,125155.83,2,1,1,148448.628,0,2,414,Germany,Male,GOLD,0
767,47,5,0.0,1,1,0,170765.244,1,5,273,Spain,Male,GOLD,1
642,40,6,129502.49,2,0,1,120553.92199999999,1,4,269,Germany,Female,GOLD,1
653,55,7,0.0,2,1,1,58768.842,0,2,581,Spain,Male,SILVER,0
834,49,8,160602.25,2,1,0,180998.516,0,2,771,Germany,Female,GOLD,0
742,33,1,137937.95,1,1,1,71956.93999999999,0,4,954,Germany,Male,SILVER,0
657,22,6,0.0,3,0,1,235791.898,1,5,974,Spain,Female,DIAMOND,1
669,33,8,0.0,2,0,1,179968.27,0,1,565,Spain,Female,PLATINUM,0
697,40,7,130334.35,2,0,1,163746.54,0,4,850,Spain,Female,PLATINUM,0
633,42,10,0.0,1,0,1,111186.438,0,2,660,Spain,Male,SILVER,0
686,31,1,0.0,2,1,0,6738.15,0,2,522,France,Female,PLATINUM,0
634,41,4,0.0,2,1,1,230384.63599999997,0,4,311,Spain,Female,DIAMOND,0
640,43,7,132412.38,1,0,0,97433.02,1,5,320,Germany,Male,SILVER,1
598,41,8,0.0,2,1,1,226751.202,0,3,779,Spain,Male,PLATINUM,0
692,46,2,0.0,2,1,1,148391.32599999997,0,1,345,Spain,Male,PLATINUM,0
653,33,1,0.0,2,0,0,74746.328,0,4,572,France,Male,PLATINUM,0
626,32,0,0.0,2,0,0,262056.55599999998,0,4,479,Germany,Female,GOLD,0
548,29,4,0.0,2,0,1,68157.45199999999,0,4,504,Germany,Female,DIAMOND,0
569,28,3,100032.52,1,1,0,7237.893999999999,1,3,683,Germany,Female,DIAMOND,1
784,31,7,0.0,2,1,1,200501.174,0,1,674,Germany,Male,GOLD,0
636,34,3,0.0,2,1,1,62673.74999999999,0,5,524,Germany,Female,SILVER,0
651,46,4,89743.05,1,1,0,219010.798,1,5,860,Spain,Female,PLATINUM,1
672,34,6,0.0,1,0,0,31845.484,0,1,785,Germany,Male,DIAMOND,0
620,32,6,0.0,2,1,0,78609.726,0,1,818,Germany,Male,GOLD,0
841,52,5,0.0,1,0,0,256550.59399999998,1,5,783,Germany,Female,GOLD,1
559,34,0,0.0,1,1,0,256199.51599999997,0,3,472,Spain,Male,GOLD,0
735,44,9,120681.63,1,1,0,104785.87599999999,0,2,520,Germany,Male,SILVER,0
675,40,7,113208.86,2,1,0,48423.304,0,3,587,France,Male,SILVER,0
698,52,1,107906.75,1,1,0,236455.946,1,4,866,Germany,Female,GOLD,1
469,33,1,127818.52,1,1,0,228883.10799999998,0,1,933,France,Male,PLATINUM,0
443,29,9,99027.61,2,1,0,15331.559999999998,0,5,390,Germany,Female,PLATINUM,0
673,41,5,0.0,1,1,1,91935.20599999999,0,5,458,France,Male,PLATINUM,0
645,44,10,0.0,2,0,1,233405.10799999998,0,4,990,Germany,Male,PLATINUM,0
743,46,9,0.0,1,1,0,158825.512,0,2,761,Germany,Female,DIAMOND,0
667,27,7,156811.74,1,1,1,209178.626,0,4,277,France,Male,PLATINUM,0
658,43,7,140260.36,2,1,0,3863.2079999999996,0,4,643,Germany,Female,DIAMOND,0
504,42,7,131287.36,2,1,1,209591.892,0,4,809,Germany,Male,GOLD,0
662,38,2,96479.81,1,1,0,168378.174,0,2,859,Germany,Female,GOLD,0
683,32,0,138171.1,2,1,1,263500.012,0,1,433,Germany,Female,DIAMOND,0
718,35,3,97560.16,1,1,1,74931.43599999999,0,2,747,France,Male,DIAMOND,0
712,29,2,0.0,1,1,1,202140.0,0,4,930,France,Female,GOLD,0
598,64,1,62979.93,1,1,1,213197.998,0,5,291,Spain,Female,GOLD,0
695,35,7,79858.13,2,1,1,179183.724,0,5,408,Spain,Female,PLATINUM,0
763,58,9,187911.55,1,0,1,50170.252,0,5,871,Germany,Female,PLATINUM,0
722,38,3,0.0,2,0,1,235193.60799999998,0,1,242,France,Female,DIAMOND,0
646,43,8,143061.88,1,1,0,86727.64,0,5,320,Germany,Female,DIAMOND,0
634,59,3,95727.05,1,0,0,137130.15999999997,1,3,698,Germany,Female,SILVER,1
678,43,1,133237.21,1,1,0,155460.906,1,1,564,France,Male,GOLD,1
635,33,1,0.0,3,0,0,249309.26199999996,1,5,897,Germany,Male,DIAMOND,1
466,40,4,91592.06,1,1,0,197709.25199999998,1,1,977,Germany,Male,SILVER,1
530,25,9,162560.32,1,1,0,89795.64199999999,0,5,451,France,Male,SILVER,0
755,33,6,90560.3,2,1,1,59665.765999999996,0,4,578,Germany,Female,DIAMOND,0
839,33,10,75592.43,1,1,0,87759.188,0,3,497,Spain,Female,PLATINUM,0
481,44,3,163714.52,1,1,0,134588.20799999998,0,5,530,Germany,Male,PLATINUM,0
782,23,10,98052.66,1,1,1,199637.248,0,3,565,Spain,Male,PLATINUM,0
612,30,9,142910.15,1,1,0,148261.77,1,5,763,Germany,Male,GOLD,1
671,36,2,116695.27,1,0,0,270497.604,0,3,895,Germany,Male,GOLD,0
755,29,9,117035.89,1,1,1,30622.065999999995,0,5,301,Germany,Male,PLATINUM,0
683,38,5,127616.56,1,1,0,173399.498,0,4,806,France,Female,PLATINUM,0
792,47,0,0.0,1,1,1,7796.031999999999,1,4,445,Spain,Male,DIAMOND,1
813,25,5,123616.43,1,0,1,186158.06199999998,0,1,562,Germany,Female,GOLD,0
538,30,8,0.0,2,1,1,57685.12999999999,0,3,495,Spain,Female,GOLD,0
787,42,2,74483.97,2,0,1,61998.474,0,3,569,Germany,Female,GOLD,0
604,34,7,0.0,2,1,1,263324.97,0,4,757,Germany,Male,SILVER,0
619,48,4,0.0,1,0,0,25347.943999999996,1,5,812,France,Female,GOLD,1
656,63,8,0.0,2,0,1,79835.20199999999,0,5,742,France,Male,DIAMOND,0
633,58,2,128137.42,2,1,0,206704.46199999997,1,4,681,Germany,Male,PLATINUM,1
642,30,8,117494.27,1,0,0,86783.94799999999,0,4,486,Germany,Male,DIAMOND,0
572,47,4,99353.42,1,1,0,275184.79,1,5,276,Germany,Male,SILVER,1
490,29,4,0.0,2,1,0,44940.397999999994,0,4,824,France,Male,SILVER,0
850,34,9,92899.27,2,1,0,136467.24599999998,0,4,783,Germany,Female,SILVER,0
627,32,10,0.0,2,1,0,144617.66799999998,0,4,534,Germany,Male,DIAMOND,0
602,35,7,90602.42,2,1,1,72388.574,1,3,764,Germany,Male,GOLD,0
709,22,0,112949.71,1,0,0,217339.16999999998,0,1,925,Germany,Male,SILVER,0
623,41,2,142412.13,1,1,0,40305.572,0,4,729,Spain,Male,DIAMOND,0
552,33,5,140931.57,1,0,1,15305.099999999999,0,5,330,Germany,Male,PLATINUM,0
620,42,4,0.0,2,1,0,8740.234,0,5,402,France,Male,GOLD,0
572,30,6,117696.67,1,1,0,141196.348,0,4,748,France,Male,DIAMOND,0
826,41,5,146466.46,2,0,0,253323.538,0,3,984,Spain,Male,GOLD,0
457,42,4,126772.57,1,0,1,176563.96,0,3,322,Germany,Male,DIAMOND,0
657,37,0,163607.18,1,0,1,61899.97,0,2,979,Spain,Female,GOLD,0
586,36,5,103700.69,1,1,0,271716.584,1,1,791,Germany,Female,PLATINUM,1
622,58,2,0.0,2,1,1,46603.234,0,5,746,Spain,Female,PLATINUM,0
570,37,6,0.0,1,1,1,262876.89999999997,0,2,469,France,Male,SILVER,0
612,58,1,149641.53,1,1,1,161240.792,0,5,405,Germany,Female,GOLD,0
519,21,1,146329.57,2,1,1,272829.17799999996,0,5,398,France,Female,PLATINUM,0
750,36,7,136492.92,3,1,1,37115.405999999995,1,3,635,France,Male,PLATINUM,1
719,42,5,137227.04,3,1,0,208751.332,1,5,512,Germany,Female,PLATINUM,1
761,38,1,120530.13,2,1,0,153167.468,0,2,815,Germany,Female,GOLD,0
487,37,2,0.0,2,1,1,177426.598,0,5,668,Germany,Male,SILVER,0
483,48,1,0.0,2,1,1,154098.13199999998,0,3,471,France,Male,DIAMOND,0
670,42,3,81589.04,1,1,0,263533.92,0,2,984,Spain,Male,GOLD,0
775,30,4,0.0,2,1,0,69087.976,0,3,415,France,Male,DIAMOND,0
791,35,5,129828.58,1,1,1,254700.56399999998,1,4,249,Germany,Male,DIAMOND,1
483,30,9,0.0,2,0,0,190914.758,0,3,970,Germany,Female,PLATINUM,0
827,38,5,0.0,2,0,0,144642.014,0,2,785,France,Male,SILVER,0
850,39,2,148586.64,1,1,1,247522.77799999996,0,2,373,Germany,Female,DIAMOND,0
650,42,4,194532.66,1,1,0,239478.43399999998,1,3,824,Spain,Male,PLATINUM,1
794,46,6,0.0,2,1,0,273471.03599999996,0,4,838,Germany,Male,PLATINUM,0
569,34,0,151839.26,1,1,0,143234.734,1,1,268,Spain,Male,SILVER,1
609,40,6,0.0,2,1,1,136397.876,0,1,717,Germany,Male,DIAMOND,0
589,61,1,0.0,1,1,0,85566.984,1,4,923,Germany,Female,SILVER,1
803,26,4,0.0,2,1,1,253706.85799999998,0,2,1000,Germany,Female,DIAMOND,0
552,34,5,0.0,2,1,1,1906.974,0,3,712,France,Female,SILVER,0
798,37,8,0.0,3,0,0,155111.59199999998,0,4,860,France,Male,SILVER,0
716,38,4,0.0,2,1,0,265565.18,0,3,756,France,Male,GOLD,0
575,49,7,121205.15,4,1,1,235327.74199999997,1,2,227,Germany,Male,DIAMOND,1
734,30,7,123040.38,1,1,1,107119.28399999999,0,2,645,Germany,Female,PLATINUM,0
775,28,9,111167.7,1,1,0,209078.414,0,5,684,Germany,Male,SILVER,0
560,43,4,95140.44,2,1,0,172469.016,1,5,615,Spain,Female,DIAMOND,1
704,24,2,0.0,1,1,0,49855.35,1,3,443,Spain,Female,PLATINUM,1
576,52,9,170228.59,2,0,0,207883.598,1,5,364,Germany,Female,SILVER,1
654,36,2,112262.84,1,1,0,18037.746,0,1,883,Germany,Male,DIAMOND,0
562,36,6,0.0,2,1,0,45998.448,0,1,504,France,Male,DIAMOND,0
760,37,7,0.0,1,0,0,46023.53599999999,1,3,546,Germany,Male,DIAMOND,1
850,31,4,0.0,2,1,1,46330.933999999994,0,1,898,France,Female,PLATINUM,0
850,32,0,116968.91,1,0,0,245147.46799999996,0,2,442,Germany,Female,PLATINUM,0
624,23,6,0.0,2,0,1,275350.914,0,5,888,Spain,Female,SILVER,0
775,77,6,135120.56,1,1,0,52986.295999999995,0,1,538,Germany,Female,GOLD,0
595,23,7,0.0,2,1,1,235335.35799999998,0,5,487,Spain,Male,PLATINUM,0
752,36,3,0.0,2,1,1,67922.14,0,5,784,Spain,Female,GOLD,0
712,45,6,112994.65,1,0,0,277773.15199999994,0,1,847,Spain,Male,SILVER,0
778,37,3,141803.77,1,0,1,251205.57599999997,0,3,397,France,Male,GOLD,0
476,30,3,134366.42,1,1,0,95695.942,0,4,709,Germany,Male,GOLD,0
685,30,2,0.0,3,1,1,241622.00199999998,1,5,894,Spain,Female,PLATINUM,1
538,37,1,134752.08,1,1,0,227531.16999999998,0,2,710,France,Male,SILVER,0
679,29,3,0.0,2,1,1,89176.88399999999,0,5,717,France,Male,PLATINUM,0
596,33,8,0.0,1,1,0,169680.02,1,5,873,Germany,Male,GOLD,1
721,35,10,0.0,2,1,0,100246.96399999999,0,4,383,France,Male,DIAMOND,0
659,32,2,155584.21,1,0,1,215143.032,0,5,313,France,Female,PLATINUM,0
714,51,4,88308.87,3,0,0,8222.542,1,3,738,France,Female,GOLD,1
753,30,1,110824.52,1,1,1,81069.77799999999,0,3,989,Germany,Male,DIAMOND,0
850,30,3,0.0,2,1,0,163384.91999999998,0,5,451,France,Female,SILVER,0
471,26,8,0.0,2,1,1,251533.21799999996,0,4,388,Spain,Male,GOLD,0
514,45,1,178827.79,1,1,0,84540.252,0,5,493,France,Male,DIAMOND,0
659,60,2,0.0,1,1,0,248487.63,1,2,365,Spain,Male,GOLD,1
663,32,3,108586.86,1,1,1,255312.29399999997,0,5,723,Germany,Male,PLATINUM,0
627,70,1,94416.78,1,0,1,203434.3,0,2,784,France,Male,DIAMOND,0
542,33,8,142871.27,2,0,0,108848.004,0,1,888,Germany,Male,GOLD,0
605,32,5,0.0,2,1,1,59004.39199999999,0,3,765,Germany,Female,PLATINUM,0
579,37,5,152212.88,2,0,0,168321.796,0,3,299,Spain,Male,SILVER,0
753,51,4,79811.72,2,0,1,95579.378,1,1,956,Spain,Male,DIAMOND,1
739,29,1,0.0,2,1,1,230293.69199999998,0,5,852,France,Male,DIAMOND,0
850,38,1,106871.81,2,1,0,41081.21399999999,0,3,527,France,Female,SILVER,0
502,37,10,0.0,1,1,1,107314.75199999998,0,5,620,Germany,Male,GOLD,0
690,21,8,0.0,2,1,1,218111.046,0,2,545,France,Male,DIAMOND,0
550,40,8,150490.32,1,0,0,233070.49399999998,1,4,572,Germany,Female,DIAMOND,1
659,29,6,123192.12,1,1,1,79774.974,1,1,783,France,Male,DIAMOND,1
690,26,8,116318.23,1,1,1,116569.26999999999,0,2,713,Spain,Male,PLATINUM,0
622,36,9,0.0,2,1,1,146808.63999999998,0,3,331,Spain,Male,DIAMOND,0
442,34,4,0.0,2,1,0,95695.31199999999,0,5,529,Germany,Male,DIAMOND,0
529,63,4,96134.11,3,1,0,152241.144,1,3,693,Spain,Male,GOLD,1
738,26,3,0.0,2,1,0,94492.824,0,4,656,Germany,Female,SILVER,0
655,36,10,122314.39,1,1,0,12869.323999999999,0,4,517,Germany,Female,PLATINUM,0
756,44,10,137452.09,1,1,0,265376.45999999996,0,5,965,Germany,Male,PLATINUM,0
781,27,5,0.0,2,0,0,102172.85999999999,0,2,905,France,Female,PLATINUM,0
592,31,2,84102.11,2,0,1,162954.336,0,1,677,Germany,Female,PLATINUM,0
591,35,7,183027.25,1,1,1,78455.306,0,2,723,Germany,Male,PLATINUM,0
780,37,10,95196.26,1,1,0,176849.546,1,3,834,Germany,Female,PLATINUM,1
616,42,6,117899.95,2,0,0,210388.53399999999,0,3,653,Germany,Female,PLATINUM,0
538,49,9,141434.04,1,0,0,243305.94999999998,1,5,797,Spain,Female,GOLD,1
603,32,7,0.0,1,1,0,277293.316,1,3,642,Germany,Male,SILVER,1
601,39,3,72647.64,1,1,0,58504.06,1,4,809,Germany,Male,GOLD,1
639,42,4,0.0,2,0,0,234770.31799999997,0,2,968,France,Female,GOLD,0
766,47,9,129289.98,1,1,0,237924.64399999997,1,4,286,Germany,Male,PLATINUM,1
670,45,9,104930.38,1,1,0,218305.53399999999,1,3,720,France,Female,PLATINUM,1
665,44,7,0.0,2,1,1,93183.012,0,3,580,Germany,Female,GOLD,0
497,24,3,0.0,2,1,0,106961.01399999998,0,3,249,Spain,Male,GOLD,0
850,40,1,76914.21,1,1,0,243871.816,0,2,810,France,Male,DIAMOND,0
626,21,1,0.0,2,1,0,92740.12199999999,0,3,775,Germany,Male,GOLD,0
755,43,9,0.0,2,1,0,25308.365999999998,0,3,690,France,Female,DIAMOND,0
850,40,5,0.0,2,1,0,49062.81,0,4,632,Germany,Female,DIAMOND,0
663,42,5,90248.79,1,1,1,110852.62199999999,0,5,995,Germany,Male,DIAMOND,0
703,45,1,0.0,1,1,0,255912.75399999996,1,2,919,Spain,Female,SILVER,1
564,31,5,121461.87,1,1,1,28619.926,1,1,279,Spain,Male,PLATINUM,1
639,35,8,0.0,1,0,0,230250.572,0,4,535,Germany,Female,PLATINUM,0
729,32,7,38550.06,1,0,1,250937.322,0,4,302,Germany,Female,DIAMOND,0
558,39,10,144757.02,1,1,0,32044.424,1,4,254,Germany,Male,DIAMOND,1
610,69,5,86038.21,3,0,0,269855.284,1,1,613,Germany,Female,DIAMOND,1
545,33,7,173331.52,1,1,0,210649.032,0,4,716,Spain,Female,DIAMOND,0
473,32,5,146602.25,2,1,1,102140.73,0,1,628,Germany,Female,PLATINUM,0
743,35,1,146781.24,1,1,0,265045.78,0,2,273,Germany,Female,DIAMOND,0
679,30,4,77949.69,1,1,1,169627.044,0,4,791,Germany,Female,SILVER,0
749,29,7,137059.05,3,1,0,144181.008,1,5,859,Germany,Female,SILVER,1
597,72,6,124978.19,2,1,1,10017.243999999999,0,2,374,Germany,Female,PLATINUM,0
758,39,6,127357.76,1,0,1,79222.79999999999,0,4,404,France,Female,SILVER,0
715,21,8,0.0,2,1,0,96148.282,0,2,827,France,Male,PLATINUM,0
608,44,7,114203.47,1,1,1,108977.504,1,4,268,Germany,Male,PLATINUM,1
639,39,1,141789.15,1,1,0,129453.344,0,3,422,Spain,Female,PLATINUM,0
501,43,6,104533.24,1,0,0,113588.02599999998,1,2,723,Spain,Male,DIAMOND,1
630,40,0,118633.08,1,0,1,84060.44399999999,1,4,475,Germany,Female,DIAMOND,1
648,42,8,121980.56,2,1,0,5652.8279999999995,0,1,238,Germany,Female,GOLD,0
627,30,3,128770.88,2,1,1,56293.614,0,5,315,Germany,Male,GOLD,0
741,40,4,104784.23,1,1,0,189244.264,1,5,417,Spain,Male,DIAMOND,1
624,54,3,116726.22,1,1,0,154712.34,1,5,710,Germany,Male,PLATINUM,1
606,46,8,0.0,2,1,1,257220.11599999998,0,2,939,Spain,Female,DIAMOND,0
485,27,3,0.0,2,1,0,198044.80399999997,0,5,901,France,Female,SILVER,0
766,52,7,92510.9,2,0,1,92686.05399999999,0,5,839,France,Female,DIAMOND,0
692,30,2,0.0,2,0,1,182696.198,0,4,751,Germany,Male,DIAMOND,0
679,33,6,0.0,2,1,1,137237.19,0,5,521,France,Female,PLATINUM,0
497,55,7,131778.66,1,1,1,13976.695999999998,0,5,605,Germany,Female,GOLD,0
512,43,1,0.0,2,1,1,73474.904,0,4,574,France,Male,GOLD,0
779,38,7,0.0,2,1,1,193975.01799999998,0,4,433,Spain,Female,GOLD,0
433,49,10,0.0,1,1,1,122811.25399999999,0,1,682,Germany,Female,PLATINUM,0
732,45,6,98792.4,1,1,0,114103.37999999999,1,3,854,Germany,Female,GOLD,1
761,32,4,103515.39,2,1,1,248686.332,0,2,311,Spain,Female,SILVER,0
720,34,3,118307.57,2,1,1,190583.406,0,2,410,France,Female,GOLD,0
574,36,1,0.0,2,0,1,100407.76799999998,0,2,980,Spain,Male,DIAMOND,0
671,51,3,96891.46,1,1,0,246979.66199999995,1,3,654,Germany,Male,PLATINUM,1
631,46,10,0.0,2,1,1,181327.544,0,2,687,Spain,Female,DIAMOND,0
693,28,8,0.0,2,1,1,221978.34999999998,0,1,846,Germany,Female,PLATINUM,0
629,38,9,123948.85,1,1,0,106489.29800000001,0,5,564,Germany,Female,DIAMOND,0
526,37,5,53573.18,1,1,0,87978.358,0,4,870,France,Female,GOLD,0
655,61,2,183997.7,2,1,1,225719.05199999997,0,5,382,Germany,Female,PLATINUM,0
596,29,6,0.0,2,1,0,163390.478,0,2,447,Spain,Female,SILVER,0
712,32,9,100606.02,1,1,0,231985.28399999999,0,1,542,Germany,Male,DIAMOND,0
566,36,1,142120.91,1,1,0,111477.91799999999,0,5,542,France,Male,GOLD,0
640,47,6,89047.14,1,1,0,162815.75,0,5,441,Spain,Male,DIAMOND,0
678,41,2,148088.11,1,1,0,19731.368,0,1,243,Germany,Male,SILVER,0
777,29,9,131240.61,1,1,1,229259.52599999998,1,2,567,France,Female,GOLD,1
774,36,9,130809.77,1,1,0,213221.392,0,5,560,Germany,Male,SILVER,0
771,27,2,0.0,2,1,1,279353.27599999995,0,2,918,France,Male,PLATINUM,0
723,30,3,124119.54,1,1,0,227092.648,0,4,945,Germany,Male,PLATINUM,0
584,38,9,104584.16,1,1,0,247365.20799999998,0,4,565,France,Male,GOLD,0
468,26,1,131643.25,1,1,0,90225.624,0,1,855,Spain,Male,PLATINUM,0
583,42,7,0.0,2,1,0,201669.66999999998,0,4,443,France,Female,PLATINUM,0
576,63,3,148843.56,1,1,0,97194.782,1,2,930,Germany,Male,DIAMOND,1
564,33,3,109341.87,1,1,0,105900.89199999999,0,5,422,Germany,Male,SILVER,0
684,38,5,133189.4,1,0,0,178358.28399999999,0,4,762,France,Female,PLATINUM,0
516,53,1,156674.2,1,1,0,165918.27599999998,1,4,827,Germany,Female,GOLD,1
435,32,2,57017.06,2,1,1,8284.954,0,3,476,Germany,Male,SILVER,0
717,36,5,0.0,2,1,1,203787.24,0,5,412,Germany,Female,SILVER,0
681,32,3,148884.47,2,1,1,127369.31799999998,0,5,300,France,Male,DIAMOND,0
464,38,3,116439.65,1,1,0,105819.27199999998,0,5,434,Germany,Male,DIAMOND,0
696,42,7,162318.61,1,1,0,169501.64599999998,0,5,587,Germany,Male,GOLD,0
678,50,6,0.0,1,1,0,11494.3,0,4,803,Germany,Female,GOLD,0
734,37,3,80387.81,1,0,1,108196.66799999999,0,5,350,France,Male,SILVER,0
685,38,4,0.0,2,1,1,50253.874,0,4,966,Spain,Male,DIAMOND,0
740,36,4,172381.8,1,1,1,121087.40599999999,0,3,444,France,Male,GOLD,0
654,34,5,0.0,2,1,0,223051.04399999997,0,3,527,Spain,Male,PLATINUM,0
742,39,8,140004.96,1,1,1,130195.09199999999,0,3,436,France,Male,SILVER,0
609,32,4,99883.16,1,1,1,168847.79,0,3,887,Spain,Male,PLATINUM,0
659,33,7,89939.62,1,1,0,191171.126,0,5,458,Germany,Female,GOLD,0
765,56,1,0.0,1,1,0,18535.502,1,3,944,France,Female,PLATINUM,1
569,28,7,0.0,2,1,0,103583.12199999999,0,1,688,France,Male,GOLD,0
644,48,8,0.0,2,0,1,62966.755999999994,1,4,930,Germany,Male,DIAMOND,1
650,34,4,142393.11,1,1,1,15802.071999999998,0,3,981,Germany,Male,DIAMOND,0
603,30,8,0.0,2,1,1,66566.044,0,5,320,France,Male,GOLD,0
575,31,6,0.0,2,1,1,133975.98799999998,0,4,609,Spain,Female,SILVER,0
644,34,10,122196.99,2,1,1,254954.59399999998,0,4,530,Germany,Female,DIAMOND,0
850,22,7,91560.58,2,0,0,14772.931999999997,0,1,713,Germany,Male,GOLD,0
733,44,3,106070.89,1,0,1,142279.40199999997,0,4,705,Spain,Male,PLATINUM,0
640,33,8,81677.22,2,0,0,48910.78399999999,0,2,417,Germany,Male,PLATINUM,0
513,44,1,63562.02,2,0,1,73696.622,1,4,230,Germany,Male,GOLD,1
775,29,10,0.0,2,1,1,95416.50199999998,0,2,913,Spain,Male,DIAMOND,0
544,37,3,84496.71,1,0,0,111975.92599999999,0,5,939,Germany,Male,PLATINUM,0
652,33,3,124832.51,1,1,0,274242.88399999996,0,4,407,Spain,Female,GOLD,0
739,37,7,104960.46,1,0,1,113252.348,0,5,384,France,Male,SILVER,0
850,34,4,71379.53,2,1,1,215616.38599999997,0,4,827,France,Female,DIAMOND,0
562,32,6,161628.66,1,1,0,128090.49999999999,0,5,561,Spain,Male,SILVER,0
673,37,8,0.0,2,1,1,256661.30599999998,0,1,603,Spain,Female,SILVER,0
592,28,5,137222.77,1,0,0,55467.012,0,4,282,Germany,Male,DIAMOND,0
584,54,1,77354.37,1,0,0,193485.172,1,5,668,Germany,Female,SILVER,1
653,27,9,0.0,2,1,0,135016.006,0,3,834,Germany,Female,GOLD,0
613,30,9,111927.45,1,1,1,246129.21799999996,0,1,515,Spain,Male,SILVER,0
714,20,3,0.0,2,0,1,210667.30199999997,0,1,245,Spain,Male,PLATINUM,0
627,73,0,146329.73,1,0,1,61076.937999999995,0,2,871,Germany,Male,DIAMOND,0
518,42,7,151027.05,2,1,0,167143.304,0,3,535,France,Male,SILVER,0
452,52,1,98443.14,2,0,0,128862.57199999999,0,5,821,Germany,Male,SILVER,0
542,39,4,109949.39,2,1,1,57791.11,0,4,339,Germany,Female,SILVER,0
554,66,8,0.0,2,1,1,163461.66799999998,0,1,259,Spain,Male,PLATINUM,0
532,52,9,137755.76,1,1,0,228483.78599999996,1,2,401,Germany,Male,GOLD,1
594,53,4,0.0,1,1,0,7587.235999999999,1,2,985,France,Female,PLATINUM,1
546,27,8,0.0,2,1,1,20816.34,0,2,776,France,Female,SILVER,0
683,35,1,132371.3,2,0,0,260587.998,0,1,504,Germany,Female,GOLD,0
673,42,4,0.0,2,1,0,170032.12,0,3,595,Germany,Female,GOLD,0
792,40,7,0.0,1,1,0,198328.08000000002,0,1,538,Spain,Female,DIAMOND,0
554,54,6,108755.0,1,1,0,57295.047999999995,1,1,415,Germany,Female,DIAMOND,1
645,25,0,174400.36,1,1,0,59752.118,0,5,600,France,Male,GOLD,0
781,23,2,107433.48,1,1,0,243395.49399999998,0,5,815,France,Male,SILVER,0
641,40,5,102145.13,1,1,1,140906.898,0,1,310,Spain,Male,DIAMOND,0
791,35,7,52436.2,1,1,0,225487.44999999998,0,2,650,Germany,Female,SILVER,0
799,28,3,142253.65,1,1,0,63074.583999999995,0,1,395,Spain,Female,SILVER,0
693,29,2,151352.74,1,0,0,276019.246,0,1,248,France,Male,PLATINUM,0
791,28,4,0.0,1,1,0,244224.672,0,2,397,Germany,Male,PLATINUM,0
678,40,3,128398.38,1,1,0,236136.61999999997,0,3,893,Spain,Female,DIAMOND,0
585,50,2,125845.66,1,1,0,13230.033999999998,1,1,767,Germany,Male,PLATINUM,1
597,41,4,145809.53,2,1,1,73261.96399999999,0,5,447,Germany,Female,SILVER,0
530,45,1,0.0,1,0,1,266944.446,1,2,695,Germany,Female,PLATINUM,1
710,38,3,130588.82,1,1,1,217011.696,0,4,290,France,Male,GOLD,0
641,42,7,125437.14,2,0,0,229795.01199999996,0,3,551,France,Female,PLATINUM,0
738,35,6,101744.84,1,0,0,119274.616,0,3,280,Germany,Male,PLATINUM,0
572,39,2,0.0,2,1,1,792.3919999999999,0,5,967,Germany,Female,PLATINUM,0
579,31,6,139729.54,1,0,1,190156.532,0,4,664,Germany,Male,SILVER,0
646,30,7,0.0,2,1,0,215008.758,0,1,801,Germany,Male,PLATINUM,0
586,64,1,0.0,2,1,1,75209.322,0,1,794,France,Male,DIAMOND,0
691,34,7,0.0,2,0,1,226197.76799999998,0,5,591,Germany,Female,PLATINUM,0
473,33,5,125827.43,1,0,1,203993.222,0,5,299,Germany,Female,PLATINUM,0
641,38,3,0.0,2,1,0,163067.666,0,4,975,France,Female,DIAMOND,0
549,25,5,0.0,2,0,0,267215.906,0,3,549,Germany,Female,PLATINUM,0
594,32,4,120074.97,2,1,1,228161.506,0,2,728,Germany,Female,DIAMOND,0
569,41,4,139840.36,1,1,1,228949.58000000002,0,3,970,Spain,Female,SILVER,0
701,32,5,102500.34,1,0,0,148817.878,0,5,763,Germany,Male,PLATINUM,0
689,57,4,0.0,2,1,0,191324.71999999997,1,2,909,Spain,Female,GOLD,1
717,35,7,58469.37,2,1,1,241458.146,0,2,793,Germany,Male,GOLD,0
545,37,3,91184.01,1,1,0,147682.30999999997,0,1,276,Germany,Male,GOLD,0
549,34,4,0.0,2,0,0,195263.998,0,3,339,Germany,Female,PLATINUM,0
776,31,2,0.0,2,1,1,157304.31399999998,0,3,304,Germany,Female,DIAMOND,0
610,49,6,113882.33,1,1,0,274154.334,1,1,441,Germany,Male,GOLD,1
769,29,2,123757.52,2,1,0,118836.724,0,2,503,France,Male,SILVER,0
449,32,0,155619.36,1,1,1,233383.84199999998,0,1,667,Spain,Male,GOLD,0
589,29,2,0.0,2,0,1,137663.378,0,5,885,France,Male,DIAMOND,0
673,30,1,64097.75,1,1,1,108911.69,0,5,936,France,Male,DIAMOND,0
823,34,3,105057.33,1,1,0,12920.088,0,2,329,Germany,Male,PLATINUM,0
638,53,1,123916.67,1,1,0,23335.752,1,3,639,Germany,Female,DIAMOND,1
561,29,9,120268.13,1,1,1,243433.546,0,5,566,France,Male,GOLD,0
632,40,5,147650.68,1,1,1,279559.762,0,1,651,Germany,Male,SILVER,0
643,25,4,115142.9,1,1,1,207353.53,0,5,908,Germany,Male,SILVER,0
692,44,8,0.0,1,0,1,222712.118,0,4,706,Spain,Female,PLATINUM,0
712,47,1,139887.01,1,1,1,134022.62199999997,0,4,583,Spain,Male,GOLD,0
806,36,8,167983.17,2,1,1,149414.992,0,3,498,Germany,Male,PLATINUM,0
706,44,4,129605.99,1,0,0,97826.686,0,3,528,France,Female,SILVER,0
654,36,5,0.0,2,0,0,220148.26999999996,0,2,596,Spain,Female,SILVER,0
619,40,9,103604.31,2,0,0,197340.86999999997,0,1,923,Germany,Male,DIAMOND,0
686,36,5,0.0,2,1,1,214185.796,0,4,966,Spain,Female,GOLD,0
798,29,8,80204.11,2,1,0,98327.508,0,3,965,Germany,Female,SILVER,0
646,73,6,97259.25,1,0,1,146622.524,0,1,250,Germany,Female,PLATINUM,0
751,43,1,114974.24,1,1,0,176303.756,0,2,907,France,Male,DIAMOND,0
568,32,7,169399.6,1,1,0,86725.708,0,4,234,Spain,Female,PLATINUM,0
548,41,4,82596.8,1,0,1,77955.92599999999,0,2,514,Germany,Female,SILVER,0
553,38,3,99844.68,1,0,0,263096.98,0,1,869,Germany,Male,DIAMOND,0
696,33,4,0.0,2,1,1,102735.30999999998,0,3,348,Germany,Female,PLATINUM,0
712,74,5,0.0,2,0,0,212011.148,0,2,942,Spain,Male,GOLD,0
694,57,8,116326.07,1,1,1,164801.50999999998,0,2,988,Spain,Male,SILVER,0
818,72,8,135290.42,2,1,1,89236.608,0,1,726,Germany,Female,SILVER,0
733,42,9,150507.21,1,0,1,237964.76799999998,0,3,296,Germany,Male,SILVER,0
555,26,7,0.0,2,1,0,130386.374,0,3,591,Germany,Female,SILVER,0
731,43,2,0.0,1,1,1,238063.93,1,2,777,France,Male,DIAMOND,1
621,34,8,0.0,1,0,0,67176.70999999999,0,3,309,Spain,Male,DIAMOND,0
625,37,4,142711.81,1,1,0,49890.574,0,2,251,Germany,Female,SILVER,0
729,36,8,152899.24,2,1,0,247997.46199999997,0,4,625,Germany,Male,SILVER,0
693,57,9,0.0,2,1,1,189718.87799999997,0,4,401,Spain,Female,SILVER,0
465,41,9,117221.15,1,1,0,235608.33,0,3,495,France,Male,SILVER,0
555,27,5,0.0,2,0,0,134972.914,0,3,506,Spain,Male,GOLD,0
548,36,3,0.0,1,1,0,92410.65999999999,0,5,409,Germany,Female,SILVER,0
720,43,10,110822.9,1,0,0,102021.716,0,4,987,Germany,Female,SILVER,0
613,42,7,115076.06,1,1,1,111068.05399999999,0,1,589,France,Male,SILVER,0
702,28,1,103033.83,1,1,1,56465.618,0,2,894,Germany,Male,PLATINUM,0
640,46,3,0.0,1,1,1,218779.11199999996,0,1,777,Spain,Female,GOLD,0
741,44,7,0.0,2,1,1,266763.664,0,4,843,France,Female,PLATINUM,0
653,31,2,154741.45,2,0,0,35271.21399999999,0,1,733,Germany,Male,SILVER,0
605,51,3,136188.78,1,1,1,93969.82599999999,1,1,683,France,Female,PLATINUM,1
728,35,8,125884.95,2,1,0,76117.628,1,5,273,Germany,Female,PLATINUM,1
636,32,8,0.0,2,1,0,193992.64399999997,0,2,336,Spain,Female,DIAMOND,0
657,25,2,171770.55,1,1,0,31858.699999999997,0,4,487,Germany,Male,GOLD,0
618,34,5,134954.53,1,1,1,212751.146,0,2,512,France,Male,SILVER,0
514,43,1,95556.31,1,0,1,278998.572,1,4,774,Germany,Male,GOLD,1
742,41,4,92805.72,1,0,1,103256.52999999998,1,1,334,Germany,Female,DIAMOND,1
598,34,4,0.0,2,0,0,85266.96399999999,0,4,239,France,Female,SILVER,0
420,55,4,91893.32,1,1,0,202833.392,1,3,970,Spain,Female,GOLD,1
782,35,4,0.0,1,1,1,167406.476,0,1,980,France,Female,PLATINUM,0
579,28,4,0.0,2,1,1,247710.966,0,3,623,France,Male,DIAMOND,0
685,25,10,128509.63,1,1,0,170202.262,0,3,560,Spain,Female,DIAMOND,0
648,55,1,81370.07,1,0,1,254162.656,0,4,564,Spain,Male,PLATINUM,0
649,41,4,115897.73,1,1,0,200977.272,0,3,536,Germany,Female,GOLD,0
539,38,6,0.0,1,1,1,214047.098,1,3,219,Spain,Male,SILVER,1
804,24,3,0.0,2,1,0,242488.46199999997,0,4,335,France,Male,SILVER,0
850,31,6,67996.23,2,0,0,70196.818,1,3,895,Germany,Male,DIAMOND,1
725,40,8,104149.66,1,1,0,86854.06,0,4,414,Germany,Male,GOLD,0
499,21,3,176511.08,1,1,1,215503.308,0,5,753,Germany,Female,DIAMOND,0
635,29,2,0.0,2,0,0,164058.32,0,1,624,Spain,Male,GOLD,0
622,46,4,107073.27,2,1,1,43393.426,1,3,299,Spain,Female,GOLD,1
671,34,7,106603.74,2,1,1,36957.793999999994,0,4,303,Germany,Male,GOLD,0
850,30,2,0.0,2,0,1,39126.96799999999,0,1,663,Spain,Male,PLATINUM,0
635,28,3,81623.67,2,1,1,219522.90399999998,0,1,659,Germany,Female,DIAMOND,0
463,35,2,0.0,2,1,1,2746.302,0,2,803,Spain,Female,DIAMOND,0
577,43,6,0.0,2,1,1,209255.93399999998,0,3,446,Spain,Male,DIAMOND,0
646,45,3,47134.75,1,1,1,80146.016,0,3,939,France,Female,PLATINUM,0
624,33,6,66220.17,1,0,1,239161.614,0,5,413,Spain,Male,GOLD,0
548,37,9,0.0,2,0,0,137256.41199999998,0,5,967,Germany,Female,SILVER,0
516,43,2,112773.73,2,1,1,195128.21199999997,0,3,239,France,Female,SILVER,0
663,52,0,136298.65,1,1,0,202445.61999999997,1,2,548,Spain,Male,SILVER,1
608,41,1,83807.86,1,0,1,157574.612,1,3,456,Spain,Female,DIAMOND,0
667,34,5,0.0,2,1,1,144087.082,0,4,927,France,Male,PLATINUM,0
536,40,9,0.0,2,1,1,16757.642,0,2,238,Spain,Male,SILVER,0
726,56,8,123110.9,3,0,1,182174.292,1,4,873,Spain,Female,DIAMOND,1
705,31,9,110941.93,2,1,0,228893.71999999997,0,3,468,Germany,Female,DIAMOND,0
721,43,3,88798.34,1,0,0,63869.88199999999,0,2,592,Spain,Male,GOLD,0
835,56,2,0.0,2,1,1,55763.18199999999,0,5,625,France,Female,PLATINUM,0
590,40,2,117641.43,2,0,0,129092.26999999999,0,5,574,Germany,Female,DIAMOND,0
676,34,1,63095.01,1,1,1,56919.13399999999,0,3,974,Germany,Female,SILVER,0
754,28,8,0.0,2,1,1,73676.868,0,4,497,France,Male,DIAMOND,0
779,27,1,0.0,2,1,1,266887.22799999994,0,1,620,France,Male,SILVER,0
558,40,4,161766.87,1,0,0,129344.95599999998,0,2,628,Spain,Male,DIAMOND,0
723,34,5,0.0,2,0,1,16943.842,0,4,607,Germany,Male,DIAMOND,0
695,28,5,171069.39,2,1,1,124180.15999999999,0,3,739,France,Male,SILVER,0
754,39,3,160761.41,1,1,1,33833.441999999995,0,5,721,Germany,Female,PLATINUM,0
651,34,3,0.0,2,1,1,147854.50999999998,0,5,632,Germany,Male,SILVER,0
443,35,9,108308.0,1,1,0,180658.666,1,4,476,France,Female,PLATINUM,1
598,40,2,171178.25,1,1,0,193187.81199999998,1,1,949,France,Female,SILVER,1
850,34,8,199229.14,1,0,0,95363.80599999998,0,3,850,Spain,Male,SILVER,0
660,28,2,170890.05,2,1,0,58477.46,0,3,558,Germany,Male,DIAMOND,0
547,30,9,72392.41,1,1,0,107922.996,0,3,807,Germany,Female,PLATINUM,0
682,44,3,115282.3,1,0,0,33287.96,0,1,588,Germany,Male,PLATINUM,0
673,47,1,183579.54,2,0,1,47681.556,0,5,772,Germany,Male,PLATINUM,0
668,37,6,167864.4,1,1,0,161908.60599999997,0,4,529,Germany,Female,SILVER,0
556,33,3,124213.36,2,1,0,87693.56999999999,0,2,537,Germany,Male,GOLD,0
806,34,2,96152.68,2,1,0,201210.42799999999,0,2,303,Germany,Male,GOLD,0
635,46,8,0.0,2,1,1,85049.824,0,1,635,Spain,Male,GOLD,0
568,26,1,112930.28,2,1,0,30949.021999999997,0,5,438,Germany,Male,GOLD,0
717,38,7,97459.06,1,0,0,264860.99399999995,0,2,676,Germany,Male,PLATINUM,0
572,31,5,98108.79,1,0,1,168010.72999999998,0,1,639,Spain,Male,GOLD,0
645,41,2,138881.04,1,1,0,181926.142,1,2,936,Germany,Female,GOLD,1
701,43,2,0.0,2,1,1,231440.30599999998,0,2,633,Germany,Male,SILVER,0
482,35,5,147813.05,2,0,0,152656.60799999998,0,2,945,Germany,Female,SILVER,0
592,42,1,147249.29,2,1,1,88247.22799999999,0,2,638,France,Male,GOLD,0
646,29,4,105957.44,1,1,0,21674.273999999998,0,1,345,Germany,Female,PLATINUM,0
695,63,1,146202.93,1,1,1,177379.362,1,3,703,Spain,Male,DIAMOND,1
707,44,3,0.0,2,1,1,189122.814,0,2,682,Spain,Male,DIAMOND,0
629,37,6,129101.3,1,1,1,33574.862,0,1,330,Germany,Female,DIAMOND,0
581,37,10,104255.03,1,1,0,121268.11799999999,0,2,559,Germany,Female,DIAMOND,0
827,47,8,143001.5,2,1,0,152583.5,0,4,265,Germany,Female,SILVER,0
682,30,4,0.0,1,0,1,226066.43399999998,0,2,252,France,Male,DIAMOND,0
604,26,3,0.0,2,1,0,217363.06799999997,0,4,679,Spain,Female,SILVER,0
687,31,2,0.0,2,0,1,203590.946,0,3,347,France,Female,SILVER,0
593,39,8,151391.68,1,1,0,38199.439999999995,1,2,246,Germany,Female,SILVER,1
766,27,5,126285.73,1,1,0,248674.838,1,3,969,Germany,Male,SILVER,1
647,35,3,192407.97,1,1,1,56218.39199999999,0,3,962,Germany,Male,DIAMOND,0
760,34,6,121303.77,2,1,1,83070.294,0,4,791,Germany,Male,SILVER,0
711,64,4,0.0,2,1,1,4474.938,0,1,949,France,Male,GOLD,0
580,56,1,131368.3,1,1,0,149701.13799999998,1,1,796,France,Female,SILVER,1
556,43,4,125890.72,1,1,1,104811.958,0,3,285,Germany,Female,PLATINUM,0
666,59,5,0.0,2,1,1,259187.32599999997,0,2,892,Germany,Female,DIAMOND,0
709,36,7,0.0,1,0,1,58934.812,1,3,564,France,Female,SILVER,1
611,49,3,0.0,2,1,1,200099.556,0,4,437,Germany,Male,PLATINUM,0
685,58,1,104796.54,1,1,1,215868.974,0,3,673,France,Male,GOLD,0
554,30,9,0.0,2,1,1,56463.42,0,5,510,France,Female,PLATINUM,0
720,37,8,156282.79,1,1,0,64394.72799999999,0,1,390,Germany,Female,GOLD,0
512,36,1,0.0,1,0,1,189690.164,1,4,795,Spain,Male,PLATINUM,1
570,38,1,127201.58,1,1,0,206050.59199999998,1,2,509,Germany,Male,PLATINUM,1
624,35,7,119656.45,2,1,1,6448.07,0,1,839,Spain,Female,DIAMOND,0
620,41,0,97925.11,1,1,0,119015.448,0,3,836,France,Male,GOLD,0
716,33,2,0.0,2,1,1,130098.14199999999,0,1,531,Spain,Male,PLATINUM,0
529,34,9,0.0,1,1,1,130506.50799999999,0,3,562,Spain,Male,DIAMOND,0
571,31,3,0.0,2,1,1,272550.088,0,2,492,Spain,Female,PLATINUM,0
659,31,7,149620.88,2,1,1,146361.914,0,5,417,Spain,Male,SILVER,0
782,33,2,94493.03,1,0,1,142627.946,0,3,324,France,Female,PLATINUM,0
579,59,3,148021.12,1,1,1,104844.508,0,2,360,Spain,Female,SILVER,0
747,41,9,0.0,1,1,0,45418.316,1,1,717,Spain,Male,PLATINUM,1
627,41,5,100880.76,1,0,1,188546.34999999998,0,4,395,Spain,Male,GOLD,0
641,32,7,0.0,2,1,1,33989.191999999995,0,4,652,Spain,Male,GOLD,0
788,57,8,93716.72,1,1,1,252225.68599999996,1,1,696,Germany,Female,GOLD,1
590,31,8,112211.61,1,1,0,36780.988,0,3,820,France,Male,GOLD,0
790,26,4,141581.71,2,0,0,137647.978,0,3,320,Germany,Female,DIAMOND,0
606,35,2,132164.26,1,0,1,230756.82599999997,0,3,331,France,Male,GOLD,0
712,53,6,134729.99,2,1,1,185798.696,0,2,856,Germany,Male,DIAMOND,0
850,36,7,0.0,1,1,1,57153.06,0,3,944,France,Male,GOLD,0
571,33,3,71843.15,1,1,0,37495.856,0,5,294,Germany,Male,DIAMOND,0
608,45,4,0.0,2,0,0,51391.472,1,1,796,Spain,Male,DIAMOND,1
687,41,10,134318.21,2,1,1,277305.328,0,4,402,Germany,Male,DIAMOND,0
684,63,3,81245.79,1,1,0,97515.63399999999,1,2,870,Germany,Female,PLATINUM,1
557,42,6,177822.03,1,1,0,211337.03399999999,1,3,513,France,Male,PLATINUM,1
776,31,5,0.0,2,1,0,129722.116,0,2,597,Germany,Female,DIAMOND,0
524,40,2,180516.9,1,1,0,252018.388,0,4,626,Germany,Male,GOLD,0
712,44,2,0.0,2,0,0,64049.515999999996,0,5,334,Spain,Female,PLATINUM,0
603,31,1,129743.75,1,1,0,152818.28,0,1,664,France,Male,PLATINUM,0
575,26,7,0.0,2,1,0,157525.682,0,2,346,Spain,Female,PLATINUM,0
701,51,9,0.0,2,0,0,86761.19799999999,0,2,577,Germany,Male,DIAMOND,0
715,31,2,112212.14,2,1,1,254256.00799999997,0,5,641,Germany,Female,PLATINUM,0
551,52,1,0.0,1,0,0,89033.37,1,1,605,Germany,Male,PLATINUM,1
628,29,9,71996.29,1,1,1,48815.443999999996,0,4,221,France,Female,DIAMOND,0
554,26,7,92606.86,2,1,0,269808.566,0,3,675,Germany,Female,SILVER,0
598,35,8,114212.6,1,1,1,104066.99,0,2,629,Germany,Male,PLATINUM,0
516,33,7,115195.58,1,1,1,15702.699999999999,0,4,943,Germany,Male,DIAMOND,0
598,34,0,104488.17,1,0,1,60564.53799999999,0,5,547,Spain,Male,SILVER,0
698,31,8,185078.26,1,0,0,161487.836,1,5,921,Spain,Female,GOLD,1
777,34,5,96693.66,1,1,1,241680.92799999996,0,2,971,Germany,Female,SILVER,0
580,67,3,153946.14,1,1,1,10401.488,0,5,221,Spain,Male,PLATINUM,0
622,40,4,99799.76,2,1,0,276335.98199999996,0,1,457,France,Male,DIAMOND,0
534,55,8,116973.26,3,1,0,170908.09999999998,1,1,840,France,Female,PLATINUM,1
675,38,1,104016.88,1,0,0,30911.362,1,1,917,Germany,Female,DIAMOND,1
669,35,4,108269.2,2,1,0,244972.888,0,5,404,Germany,Female,DIAMOND,0
777,53,10,0.0,2,1,0,266005.158,0,2,306,Germany,Female,PLATINUM,0
774,49,1,142767.39,1,1,1,11515.173999999999,0,1,572,France,Male,SILVER,0
676,30,1,128207.23,1,1,1,77575.238,0,2,523,Germany,Male,GOLD,0
651,45,1,0.0,1,1,0,94851.112,1,3,629,France,Male,SILVER,1
598,44,8,0.0,2,1,0,207898.05999999997,0,4,909,Spain,Male,SILVER,0
695,23,1,0.0,2,1,1,198473.848,0,1,596,Germany,Female,GOLD,0
451,36,2,0.0,2,1,1,252214.388,0,1,465,France,Female,GOLD,0
564,42,7,99824.45,1,1,1,51424.96,0,1,563,Germany,Male,GOLD,0
791,42,10,113657.41,2,0,1,195940.35199999998,1,1,634,Germany,Female,SILVER,1
685,31,7,122449.31,2,1,1,253092.36999999997,0,5,946,Spain,Male,GOLD,0
765,44,6,0.0,2,1,1,223874.95799999998,0,5,877,France,Male,SILVER,0
750,22,5,0.0,2,0,1,147190.90999999997,0,5,950,Germany,Male,GOLD,0
727,47,7,0.0,2,1,0,270642.49,0,4,284,France,Male,PLATINUM,0
681,38,3,0.0,2,1,1,157503.744,0,1,861,France,Male,DIAMOND,0
641,26,4,91547.84,2,0,1,39435.276,0,2,712,France,Female,PLATINUM,0
639,60,5,162039.78,1,1,1,118121.408,1,4,295,Germany,Female,SILVER,1
738,29,9,139106.19,1,1,0,198635.86999999997,1,5,615,Germany,Female,SILVER,1
559,28,3,141099.43,1,1,1,21865.178,0,3,328,Germany,Male,PLATINUM,0
569,42,9,146100.75,1,1,0,45618.613999999994,1,2,812,Germany,Female,PLATINUM,1
544,26,6,0.0,1,1,0,140295.55999999997,1,4,508,France,Female,SILVER,1
515,37,0,196853.62,1,1,1,185893.15399999998,0,3,644,France,Female,PLATINUM,0
654,42,7,99263.09,1,1,1,94666.05999999998,0,3,911,Germany,Male,SILVER,0
587,40,5,138241.9,2,1,0,223200.34,0,5,403,Germany,Male,SILVER,0
682,32,2,105163.88,2,1,1,229853.64399999997,0,3,799,Germany,Male,DIAMOND,0
483,29,9,0.0,1,1,1,114303.23,0,5,239,Germany,Male,GOLD,0
727,36,6,140418.81,1,1,1,158262.22199999998,1,3,357,Germany,Male,PLATINUM,1
498,44,2,120702.67,2,1,1,137461.036,0,3,556,Germany,Female,PLATINUM,0
781,42,3,156555.54,1,1,1,245958.614,0,3,977,Germany,Female,DIAMOND,0
540,25,5,116160.23,1,1,0,18791.338,0,5,906,France,Male,SILVER,0
648,50,9,102535.57,1,1,1,265375.466,0,5,332,France,Female,DIAMOND,0
668,43,1,147167.25,1,0,0,198366.622,0,1,431,Spain,Male,DIAMOND,0
654,29,4,96974.97,1,0,1,197980.698,0,2,342,France,Female,DIAMOND,0
643,51,2,105229.53,1,1,0,48969.85,1,2,848,France,Female,SILVER,1
762,19,6,0.0,2,1,0,77715.238,0,1,931,Spain,Female,DIAMOND,0
697,42,9,132739.26,2,0,0,244549.70999999996,0,1,222,Germany,Male,PLATINUM,0
588,36,2,0.0,2,1,0,129565.4,1,3,343,Germany,Female,DIAMOND,1
727,52,1,154733.97,1,1,0,112378.53799999999,1,3,786,Spain,Female,DIAMOND,1
542,38,8,65942.26,1,1,1,95345.52199999998,1,4,258,Germany,Male,PLATINUM,1
622,52,9,111973.97,1,1,1,227873.806,1,2,918,Germany,Female,GOLD,1
611,53,3,83568.26,1,0,0,1744.686,0,4,765,France,Male,GOLD,0
621,39,6,0.0,2,1,1,82452.474,0,1,502,Germany,Male,SILVER,0
524,32,1,144875.71,1,0,0,262851.056,0,1,606,Germany,Male,DIAMOND,0
700,34,2,76322.69,1,1,0,179405.80599999998,0,1,479,Germany,Female,DIAMOND,0
600,27,3,0.0,2,0,1,175993.558,0,3,339,Germany,Female,PLATINUM,0
706,42,9,0.0,2,1,1,40215.076,0,4,361,Spain,Male,PLATINUM,0
731,49,4,88826.07,1,1,1,47278.174,1,2,489,Germany,Female,DIAMOND,1
712,79,5,108078.56,1,1,1,243781.50199999998,0,2,583,Spain,Female,GOLD,0
551,42,2,139561.46,1,1,0,60824.602,1,5,528,France,Male,GOLD,1
571,38,6,107193.82,2,0,0,54563.116,0,4,670,Germany,Female,PLATINUM,0
554,39,10,160132.75,1,1,0,45968.81,0,5,981,Germany,Female,GOLD,0
706,29,6,185544.36,1,1,0,239467.682,0,2,546,Germany,Female,GOLD,0
536,22,5,89492.62,1,0,0,60123.202,0,2,231,France,Female,DIAMOND,0
682,41,6,0.0,2,0,1,187836.32599999997,1,1,826,Germany,Male,DIAMOND,1
704,33,3,0.0,2,1,0,102241.236,0,4,697,Spain,Male,GOLD,0
730,34,5,122453.37,2,1,0,194451.172,0,4,822,Germany,Male,DIAMOND,0
599,33,4,51690.89,1,1,0,156286.86399999997,1,4,811,Spain,Male,DIAMOND,1
665,42,2,156371.61,2,0,1,219499.916,1,3,553,Spain,Female,DIAMOND,1
594,37,2,0.0,2,0,1,134225.3,0,4,303,Germany,Male,DIAMOND,0
501,29,8,0.0,2,1,0,157744.936,0,5,222,France,Female,SILVER,0
586,38,2,136858.42,1,0,1,264816.516,0,2,840,Germany,Male,DIAMOND,0
654,35,2,90865.8,1,1,1,121485.244,0,5,647,Germany,Female,GOLD,0
583,47,5,102562.23,1,1,0,129806.34,0,3,948,Spain,Male,SILVER,0
653,31,9,143321.97,1,1,0,117166.244,0,3,495,Germany,Male,DIAMOND,0
625,26,3,130483.95,1,1,0,171949.742,0,3,343,Germany,Male,PLATINUM,0
666,74,7,105102.5,1,1,1,64656.458,0,2,832,Germany,Male,DIAMOND,0
703,38,9,99167.54,1,1,0,92024.28799999999,0,4,786,Germany,Female,GOLD,0
577,42,9,0.0,1,1,0,103724.074,0,3,897,France,Male,SILVER,0
644,32,3,136659.74,1,1,1,19877.892,0,3,543,Spain,Male,SILVER,0
657,27,8,0.0,2,0,0,9070.535999999998,0,2,354,Spain,Female,GOLD,0
613,37,3,171653.17,1,0,1,7509.3679999999995,0,4,512,Spain,Male,DIAMOND,0
632,42,4,126115.6,1,1,0,141412.9,0,2,572,France,Male,GOLD,0
690,26,2,0.0,2,1,1,130573.19,0,3,568,Spain,Female,GOLD,0
516,32,3,145166.09,2,0,0,156005.03,0,2,528,Germany,Male,DIAMOND,0
573,40,7,147754.68,1,1,1,154651.244,0,4,319,France,Male,PLATINUM,0
757,30,6,105128.85,2,1,1,88175.98199999999,0,2,871,Germany,Male,DIAMOND,0
741,36,8,116993.43,2,1,0,236357.70799999998,0,3,612,Germany,Male,SILVER,0
580,37,9,0.0,2,0,1,107967.124,0,1,537,Germany,Male,DIAMOND,0
721,36,1,155176.83,2,1,1,69529.718,0,5,667,France,Male,SILVER,0
577,35,5,110080.3,1,1,1,153727.03399999999,0,4,407,Spain,Male,PLATINUM,0
555,37,9,124969.13,1,1,0,84286.67,0,2,904,Germany,Male,GOLD,0
712,34,8,114088.32,1,1,0,129927.454,0,4,319,Germany,Male,DIAMOND,0
719,36,3,155423.17,1,1,1,279792.848,0,2,374,France,Male,SILVER,0
775,52,8,109922.61,1,1,1,135567.64800000002,1,4,347,Germany,Male,SILVER,1
623,35,5,0.0,2,1,0,141683.91199999998,0,2,311,Germany,Female,DIAMOND,0
600,36,4,0.0,2,1,0,201104.50399999996,0,1,767,Spain,Male,GOLD,0
652,34,6,97435.85,2,1,1,146079.46399999998,0,5,604,Germany,Female,SILVER,0
627,55,2,159441.27,1,1,0,140975.554,1,3,485,Germany,Female,DIAMOND,1
847,51,5,97565.74,1,0,0,201872.68399999998,1,3,530,Germany,Male,PLATINUM,1
682,48,7,0.0,2,1,0,91111.64199999999,0,5,936,France,Female,GOLD,0
605,41,10,0.0,2,0,1,136113.326,0,5,411,France,Male,DIAMOND,0
577,39,4,0.0,2,1,0,127927.98799999998,0,5,456,Spain,Female,GOLD,0
731,38,10,123711.73,2,1,0,239891.95199999996,1,1,361,Germany,Female,DIAMOND,1
656,36,8,97786.08,2,0,1,30084.703999999998,0,3,662,France,Male,PLATINUM,0
589,27,4,0.0,2,1,0,201869.07200000001,0,2,908,Spain,Female,GOLD,0
814,49,8,0.0,2,0,0,220966.556,0,3,539,Germany,Male,GOLD,0
793,33,0,0.0,1,0,0,245776.62799999997,0,4,987,Germany,Female,GOLD,0
651,41,1,90218.11,1,1,0,244087.75199999998,0,5,343,Germany,Male,PLATINUM,0
708,23,4,71433.08,1,1,0,145191.598,0,2,455,Germany,Female,SILVER,0
757,38,0,0.0,1,1,0,116583.28399999999,0,1,537,Germany,Male,PLATINUM,0
730,33,7,130367.87,1,1,0,21213.94,1,2,910,Germany,Female,GOLD,1
850,31,6,82613.56,2,1,0,208854.288,0,2,791,Spain,Male,DIAMOND,0
638,48,2,0.0,2,1,1,11101.712,0,1,674,Spain,Male,DIAMOND,0
604,71,2,0.0,2,1,1,69324.548,0,2,687,Germany,Female,DIAMOND,0
430,38,8,153058.64,1,1,0,139143.17799999999,0,2,393,Germany,Female,SILVER,0
573,46,3,65269.23,1,0,1,265999.11,1,4,521,Spain,Male,GOLD,1
553,39,1,142876.98,2,1,0,62123.78799999999,0,4,649,Spain,Female,PLATINUM,0
485,21,5,113157.22,1,1,1,75813.09999999999,0,4,764,Spain,Female,GOLD,0
540,31,7,0.0,1,0,1,256287.24,1,1,457,Germany,Female,GOLD,1
665,41,8,0.0,2,1,0,185028.248,0,2,251,Spain,Male,GOLD,0
630,39,10,105473.74,1,0,0,82411.832,1,5,787,Spain,Male,PLATINUM,1
712,49,5,154776.42,2,0,0,274775.752,0,3,822,Germany,Female,PLATINUM,0
492,49,8,0.0,1,1,1,256026.126,1,5,485,Germany,Female,PLATINUM,1
835,38,7,86824.09,1,0,0,246283.35799999998,0,2,348,Spain,Male,GOLD,0
698,64,1,169362.43,1,1,0,118679.448,1,2,841,Germany,Female,SILVER,1
625,37,1,177069.24,2,1,1,134538.95599999998,0,5,446,Germany,Male,GOLD,0
690,47,2,0.0,2,1,0,211941.022,0,2,289,France,Male,PLATINUM,0
795,32,2,117265.21,1,1,1,277659.122,0,2,333,Germany,Male,PLATINUM,0
759,46,2,0.0,1,1,1,193747.15399999998,0,3,291,Germany,Female,PLATINUM,0
781,48,9,82794.18,1,1,0,174623.952,1,5,834,Germany,Female,DIAMOND,1
600,37,1,142663.46,1,0,1,124152.84599999999,0,3,917,Germany,Male,SILVER,0
777,42,5,147531.82,1,1,1,54362.229999999996,0,3,498,France,Female,DIAMOND,0
733,34,3,100337.96,3,1,0,67997.866,1,4,759,Germany,Male,PLATINUM,1
834,40,7,0.0,2,0,0,63069.23599999999,0,1,886,Spain,Male,DIAMOND,0
667,37,5,92171.35,3,1,0,249363.876,1,2,641,Germany,Female,DIAMOND,1
726,30,7,92847.59,1,1,0,204630.68399999998,0,5,361,Germany,Male,DIAMOND,0
477,30,6,131286.46,1,1,0,271817.23,0,2,325,Germany,Female,DIAMOND,0
743,41,7,0.0,1,1,0,229245.52599999998,1,2,832,Spain,Male,PLATINUM,1
842,44,2,112652.08,2,1,0,177317.97199999998,0,5,939,Spain,Female,DIAMOND,0
621,31,8,100375.39,1,1,1,126552.96399999998,0,5,467,Germany,Female,DIAMOND,0
530,37,8,0.0,2,1,1,418.186,0,4,605,France,Male,DIAMOND,0
652,31,1,132862.59,1,0,0,221291.28599999996,0,1,921,Spain,Male,GOLD,0
598,38,1,101487.18,1,1,1,106357.74,1,1,468,Germany,Male,SILVER,1
729,44,5,0.0,2,0,1,12895.756000000001,0,4,685,Germany,Male,GOLD,0
710,23,6,0.0,2,1,1,187878.35399999996,0,4,416,Spain,Male,SILVER,0
681,36,5,141952.07,1,1,1,259216.71199999997,0,5,385,Germany,Male,SILVER,0
676,64,4,116954.32,1,1,1,127624.27199999998,0,2,855,Spain,Female,GOLD,0
758,32,4,162657.64,2,1,1,161750.182,0,2,708,Germany,Male,GOLD,0
523,26,4,0.0,2,1,0,259699.33399999997,0,3,602,France,Female,DIAMOND,0
759,30,4,101802.67,1,0,0,12186.319999999998,0,3,790,Germany,Male,GOLD,0
523,35,8,138782.76,1,1,1,260581.50199999998,0,4,249,Germany,Male,DIAMOND,0
758,34,3,0.0,2,1,1,173931.62399999998,0,2,375,Germany,Female,PLATINUM,0
497,27,7,149400.27,1,0,0,234546.066,0,4,423,Spain,Male,GOLD,0
584,35,3,146311.58,1,1,1,147635.85799999998,0,1,292,Germany,Male,GOLD,0
430,66,6,135392.31,2,1,1,242007.884,1,1,886,Germany,Female,DIAMOND,1
776,39,2,104349.45,1,0,0,111319.27,0,2,995,Spain,Male,DIAMOND,0
770,46,5,141788.63,2,0,0,230969.09399999998,0,5,791,Germany,Female,PLATINUM,0
738,44,2,0.0,2,1,0,60241.348,1,5,546,Spain,Male,PLATINUM,1
688,26,8,146133.39,1,1,1,245430.464,0,4,866,Germany,Male,PLATINUM,0
730,27,7,0.0,2,1,0,201754.272,0,1,833,Germany,Female,SILVER,0
633,29,7,169988.35,1,1,0,5995.799999999999,0,3,613,France,Female,DIAMOND,0
713,47,1,0.0,1,1,0,150970.112,1,5,571,Spain,Female,DIAMOND,1
835,29,10,130420.2,2,0,0,148802.16999999998,0,5,349,Germany,Female,DIAMOND,0
580,57,0,136820.99,1,0,1,151955.236,0,5,419,Spain,Female,GOLD,0
547,49,8,121537.71,2,1,0,65145.02999999999,1,2,227,Germany,Male,DIAMOND,1
528,39,0,127631.62,1,0,1,31091.92,1,4,654,Germany,Male,PLATINUM,1
715,38,2,96798.79,2,1,1,6391.538,0,2,294,Spain,Male,SILVER,0
630,50,1,81947.76,1,0,1,89063.708,1,1,912,France,Male,GOLD,1
507,29,6,0.0,2,0,1,132708.25999999998,0,2,284,Spain,Female,DIAMOND,0
703,32,6,0.0,2,0,0,47064.12799999999,0,3,639,France,Female,PLATINUM,0
745,47,5,0.0,2,0,0,204120.59399999998,0,1,637,France,Male,PLATINUM,0
718,48,9,0.0,2,1,1,100962.882,0,2,573,Germany,Male,DIAMOND,0
588,59,4,0.0,2,1,1,38424.574,0,3,330,Spain,Male,SILVER,0
712,29,7,147199.07,1,1,1,118920.35999999999,0,3,886,Germany,Female,SILVER,0
507,40,3,120105.43,1,1,0,128920.01399999998,1,5,787,Germany,Male,PLATINUM,1
596,34,4,99441.21,2,0,1,6738.178,0,1,873,Germany,Male,GOLD,0
679,42,2,0.0,1,1,1,235626.97799999997,0,2,501,Spain,Male,GOLD,0
719,40,9,0.0,2,1,0,255128.796,0,1,238,Spain,Female,GOLD,0
697,33,1,87347.7,1,1,0,241549.31399999998,0,5,942,France,Female,PLATINUM,0
664,54,8,0.0,1,1,1,227822.566,1,5,742,Germany,Male,SILVER,1
679,40,7,0.0,2,1,1,229275.206,0,2,610,Spain,Female,GOLD,0
835,23,9,0.0,1,1,0,27726.221999999998,1,4,955,France,Male,SILVER,1
509,18,7,102983.91,1,1,0,240493.81199999998,0,5,434,Germany,Male,DIAMOND,0
696,40,3,153639.11,1,1,1,193707.35199999998,0,1,908,Spain,Male,DIAMOND,0
694,31,4,141989.27,2,1,0,36578.547999999995,0,4,753,Germany,Male,PLATINUM,0
748,41,2,91621.69,1,1,1,99610.03399999999,0,5,896,Germany,Female,SILVER,0
645,25,1,157404.02,2,1,0,130317.25599999998,0,4,855,Germany,Male,DIAMOND,0
621,31,7,136658.61,1,1,1,208179.782,0,4,564,France,Male,GOLD,0
653,25,2,158266.42,3,1,1,279115.13599999994,0,4,630,Germany,Female,GOLD,0
602,49,0,191808.73,1,0,0,136711.28,0,2,538,Germany,Male,DIAMOND,0
601,33,7,114430.18,2,1,1,214231.982,0,2,976,Germany,Female,SILVER,0
573,41,5,0.0,2,0,1,20286.006,0,3,508,Spain,Male,GOLD,0
710,62,3,131078.42,2,1,0,167103.264,1,2,517,Spain,Male,PLATINUM,1
805,39,5,165272.13,1,1,0,19768.79,1,3,317,Spain,Female,SILVER,1
726,28,2,0.0,1,0,0,137299.71399999998,0,1,983,France,Male,SILVER,0
794,41,7,176845.41,3,1,0,233151.764,1,5,226,Germany,Female,GOLD,1
648,37,7,138503.51,2,1,0,80117.18999999999,0,4,470,Germany,Female,PLATINUM,0
545,33,1,132527.9,2,0,1,150416.594,0,5,898,Germany,Male,SILVER,0
638,39,0,122501.28,2,1,1,133025.91999999998,0,1,492,Germany,Female,GOLD,0
664,26,7,116244.14,2,1,1,133218.196,0,2,837,Germany,Male,GOLD,0
824,38,3,0.0,2,1,0,269935.35,0,5,340,Spain,Female,PLATINUM,0
596,47,5,140187.1,2,1,1,244050.81999999998,0,1,281,Germany,Male,PLATINUM,0
673,39,7,82255.51,2,1,0,153378.78399999999,0,4,984,France,Male,PLATINUM,0
503,37,8,0.0,2,1,1,137065.64800000002,0,1,564,France,Female,DIAMOND,0
567,41,1,0.0,2,1,0,4795.607999999999,0,5,684,Spain,Female,SILVER,0
622,26,8,0.0,2,1,1,174965.748,0,1,471,Spain,Female,SILVER,0
672,28,6,0.0,1,0,1,12355.566,0,3,629,Germany,Female,PLATINUM,0
515,58,2,131852.81,1,1,0,114026.35199999998,1,1,929,France,Female,SILVER,1
675,61,5,62055.17,3,1,0,232842.224,1,4,716,France,Female,PLATINUM,1
557,57,1,120043.13,1,1,0,185334.05,1,1,954,Germany,Male,GOLD,1
791,52,7,0.0,1,1,1,171910.5,0,2,450,France,Female,DIAMOND,0
651,47,2,0.0,2,1,1,167747.096,0,5,758,Spain,Male,PLATINUM,0
567,54,9,96402.96,1,0,0,72864.406,1,1,376,Germany,Male,PLATINUM,1
699,36,6,147137.74,1,1,1,47178.06,0,5,504,Germany,Male,PLATINUM,0
504,32,8,170291.22,2,0,1,21937.586,0,2,391,Germany,Male,GOLD,0
742,35,5,136857.0,1,0,0,118328.398,0,4,823,Germany,Male,GOLD,0
579,36,9,129829.59,1,1,1,85283.568,0,5,725,France,Male,GOLD,0
528,23,7,104744.89,1,1,0,238383.158,0,5,517,Spain,Male,GOLD,0
717,64,10,98362.35,2,1,1,30297.293999999998,0,1,682,Germany,Female,SILVER,0
706,38,5,163034.82,2,1,1,189942.038,0,3,826,Germany,Male,DIAMOND,0
618,54,4,118449.21,1,1,1,187017.606,1,1,534,Germany,Female,SILVER,1
796,51,6,0.0,2,0,1,272641.592,0,1,804,France,Male,PLATINUM,0
502,33,7,0.0,2,0,1,5730.527999999999,0,2,959,Germany,Male,SILVER,0
539,37,2,127609.59,1,1,0,138119.70799999998,0,1,620,Germany,Male,DIAMOND,0
525,23,5,0.0,2,1,0,224363.74,0,1,225,Germany,Female,PLATINUM,0
619,44,3,116967.68,1,1,0,7120.237999999999,1,5,716,France,Male,DIAMOND,1
665,28,8,137300.23,1,1,0,126259.76199999999,0,4,638,Germany,Male,GOLD,0
831,44,10,0.0,1,0,1,66836.062,0,2,924,Spain,Female,GOLD,0
758,34,1,154139.45,1,1,1,85035.446,0,1,533,France,Female,PLATINUM,0
517,62,1,43772.66,3,1,0,262873.736,1,1,590,France,Male,SILVER,1
736,54,7,111729.47,2,0,1,118903.686,0,3,421,Germany,Male,PLATINUM,0
567,35,8,153137.74,1,1,0,124137.698,0,2,549,Spain,Male,PLATINUM,0
730,62,2,0.0,2,1,1,228059.74,0,3,540,Spain,Female,GOLD,0
684,41,6,135203.81,2,1,1,170770.032,0,3,682,Germany,Female,DIAMOND,0
608,28,9,0.0,2,1,1,175101.828,0,4,397,France,Female,GOLD,0
638,33,5,129335.65,1,1,1,79234.27999999998,1,4,899,Germany,Female,DIAMOND,1
761,33,6,138053.79,2,1,0,208306.174,0,1,985,Germany,Female,PLATINUM,0
539,38,8,82407.51,1,1,0,18387.773999999998,0,2,327,Germany,Female,SILVER,0
614,37,6,96340.81,2,1,1,195143.13599999997,1,2,662,Germany,Female,DIAMOND,1
538,32,2,0.0,1,1,1,112197.75599999998,0,3,559,France,Female,PLATINUM,0
642,41,7,115171.71,1,1,1,52759.258,0,2,915,France,Female,GOLD,0
618,40,0,0.0,1,1,0,166697.782,0,5,837,France,Female,GOLD,0
680,34,3,143292.95,1,1,0,93151.41399999999,0,1,694,Germany,Male,SILVER,0
553,25,7,128524.19,2,1,0,28970.443999999996,0,5,941,Germany,Female,PLATINUM,0
678,26,5,111128.04,1,1,0,85332.77799999999,1,5,292,France,Male,SILVER,1
741,52,1,171236.3,2,0,0,30583.16,1,5,332,France,Male,PLATINUM,1
757,44,9,0.0,2,1,0,248555.488,0,3,579,Spain,Female,GOLD,0
727,26,9,121508.28,1,1,1,205514.61599999998,0,1,253,Germany,Female,PLATINUM,0
758,42,7,0.0,2,0,1,106708.38399999999,0,2,430,France,Female,SILVER,0
612,33,0,64900.32,2,1,0,143411.56799999997,0,3,955,France,Female,PLATINUM,0
806,31,10,138653.51,1,1,0,267139.718,0,3,662,Germany,Male,GOLD,0
470,48,6,140576.11,1,1,1,163774.47,0,2,296,Spain,Female,DIAMOND,0
671,48,8,115713.84,2,0,0,116510.17599999999,0,2,759,France,Female,PLATINUM,0
689,55,4,0.0,2,1,1,81834.15,0,2,977,Spain,Female,PLATINUM,0
731,46,10,0.0,2,1,0,214236.58800000002,0,2,416,Spain,Male,GOLD,0
697,48,2,108128.96,2,1,1,145537.118,0,3,980,Germany,Female,SILVER,0
681,34,7,0.0,2,0,0,182976.226,0,4,742,Germany,Male,DIAMOND,0
470,25,8,127974.06,2,1,1,256578.09,0,3,360,Germany,Female,DIAMOND,0
780,33,6,145580.61,1,1,1,216452.984,0,4,610,Spain,Female,GOLD,0
510,52,6,191665.21,1,1,1,183852.58399999997,1,4,297,Germany,Female,SILVER,1
746,24,10,68781.82,1,0,1,67211.34599999999,0,1,282,Spain,Male,SILVER,0
673,34,8,42157.08,1,1,0,28853.025999999998,1,2,611,Germany,Female,SILVER,1
527,58,3,137318.42,1,1,1,176617.944,0,4,379,Germany,Male,PLATINUM,0
661,44,1,141136.62,1,1,0,265654.892,1,2,362,Germany,Male,DIAMOND,1
659,31,4,118342.26,1,0,0,226218.86599999998,0,3,391,Germany,Male,SILVER,0
698,50,1,0.0,4,1,0,124008.65999999999,1,3,341,Spain,Female,PLATINUM,1
697,25,4,165686.11,2,1,0,21670.172,0,5,694,France,Female,DIAMOND,0
755,38,1,82083.52,1,0,1,14482.292,0,4,447,Germany,Female,DIAMOND,0
554,45,4,0.0,2,1,1,270791.87,0,2,957,Spain,Female,PLATINUM,0
720,23,0,187861.18,2,1,1,145783.23799999998,0,4,664,Germany,Male,GOLD,0
582,25,9,148042.97,2,1,0,73292.61,0,5,310,Spain,Male,DIAMOND,0
612,42,5,141927.1,1,1,1,60241.572,0,5,299,Germany,Male,GOLD,0
451,31,7,140931.82,1,0,1,28559.278,0,5,458,Germany,Female,PLATINUM,0
519,36,9,0.0,2,0,1,203802.36,0,2,833,France,Male,PLATINUM,0
767,35,2,0.0,2,0,0,201966.932,0,4,348,Germany,Female,PLATINUM,0
847,35,5,111743.43,1,1,1,257032.796,0,5,547,Germany,Female,GOLD,0
712,37,1,106881.5,2,0,0,237156.53399999999,0,2,275,Germany,Female,PLATINUM,0
611,61,3,131583.59,4,0,1,92748.52199999998,1,3,755,Germany,Female,PLATINUM,1
643,34,3,83132.09,1,1,1,29920.232,0,2,893,Spain,Male,DIAMOND,0
474,26,6,0.0,2,0,0,213502.70799999998,0,3,316,Germany,Male,PLATINUM,0
850,36,3,169025.83,1,1,0,243944.08399999997,0,4,492,Germany,Female,GOLD,0
718,31,0,118100.59,2,1,0,144446.21,0,4,870,France,Female,GOLD,0
548,36,2,108913.84,2,1,1,196659.014,0,4,800,Germany,Female,SILVER,0
595,32,0,92466.21,1,1,0,6624.82,0,2,238,Germany,Female,PLATINUM,0
550,62,7,80927.56,1,0,1,90301.938,0,5,679,Spain,Male,GOLD,0
689,40,2,0.0,2,1,1,230691.348,0,4,490,Spain,Male,GOLD,0
637,36,10,145750.45,2,1,1,135340.06399999998,0,1,407,Germany,Female,DIAMOND,0
669,26,4,0.0,2,1,1,276647.076,0,2,829,France,Male,GOLD,0
660,35,7,0.0,2,1,0,18521.04,0,5,759,France,Male,GOLD,0
726,51,8,107494.86,2,1,0,197328.074,1,2,794,Germany,Female,PLATINUM,1
715,38,0,0.0,2,1,1,480.93399999999997,0,2,493,Germany,Female,DIAMOND,0
637,55,1,123378.2,1,1,0,114019.78600000001,1,3,525,Germany,Female,DIAMOND,1
520,35,4,115680.81,1,1,1,126407.97999999998,0,5,275,Spain,Female,PLATINUM,0
725,66,4,86459.8,1,1,1,198082.18399999998,0,5,279,France,Male,DIAMOND,0
678,55,5,0.0,1,0,1,275526.75399999996,1,5,222,Germany,Female,GOLD,1
821,42,3,87807.29,2,1,1,90474.33399999999,0,2,716,Germany,Male,SILVER,0
665,32,10,0.0,1,1,1,31497.43,0,4,709,Spain,Female,PLATINUM,0
521,39,6,0.0,2,0,1,38340.21,0,5,843,France,Female,GOLD,0
850,39,4,127771.35,2,0,1,212448.956,0,4,404,France,Male,PLATINUM,0
658,40,7,140596.95,1,0,1,189657.62799999997,1,2,411,Germany,Female,DIAMOND,1
753,32,6,177729.13,1,1,1,226313.91199999998,0,3,987,Germany,Male,SILVER,0
652,40,4,79927.36,2,1,1,46949.439999999995,0,5,640,Germany,Female,SILVER,0
674,37,3,0.0,1,1,0,221284.86,0,1,716,Germany,Male,GOLD,0
587,44,5,125584.17,2,1,1,58608.13599999999,1,5,228,Germany,Female,SILVER,1
652,37,9,145219.3,1,1,0,222800.96199999997,0,4,910,Germany,Female,PLATINUM,0
617,34,1,61687.33,2,1,0,148366.34999999998,0,4,419,France,Male,DIAMOND,0
600,37,4,0.0,3,1,0,10252.15,1,3,264,France,Female,PLATINUM,1
742,35,2,79126.17,1,1,1,177811.542,0,3,974,France,Female,DIAMOND,0
709,32,7,0.0,2,1,1,279200.22799999994,0,5,529,Germany,Female,GOLD,0
710,33,10,118327.17,2,1,1,270115.348,0,1,809,France,Male,GOLD,0
757,57,3,89079.41,1,1,1,74465.894,1,4,789,Germany,Male,DIAMOND,1
571,40,10,112896.86,1,1,1,169978.542,0,2,305,France,Male,GOLD,0
526,50,5,124233.24,1,0,1,223254.618,1,5,577,Germany,Male,SILVER,1
473,48,8,0.0,2,1,0,99610.72,0,4,304,Spain,Male,SILVER,0
717,28,1,90537.16,1,0,1,104736.386,0,3,448,Germany,Female,GOLD,0
632,41,8,127205.32,4,1,0,131439.818,1,1,658,Germany,Male,SILVER,1
675,29,8,121326.42,1,1,0,186855.52799999996,0,2,329,Germany,Female,SILVER,0
642,34,8,0.0,1,1,0,100934.14,0,3,323,Spain,Male,GOLD,0
733,48,5,0.0,1,0,1,164977.798,0,1,674,Germany,Male,DIAMOND,0
502,64,3,139663.37,1,0,1,141408.15399999998,0,4,691,France,Female,GOLD,0
731,26,3,0.0,2,1,0,52791.206,0,5,271,Spain,Female,DIAMOND,0
785,41,7,0.0,2,1,1,278767.432,0,5,681,Spain,Male,SILVER,0
850,37,9,122506.38,1,0,1,279586.376,1,2,229,Germany,Male,PLATINUM,1
723,38,6,0.0,2,1,1,132196.84,0,2,500,Spain,Male,PLATINUM,0
777,37,10,121532.17,2,1,1,102865.832,0,4,440,Germany,Female,SILVER,0
845,28,9,0.0,2,1,1,78675.372,0,5,243,Germany,Female,SILVER,0
751,54,9,156367.6,2,0,1,162666.88799999998,0,1,676,Germany,Male,SILVER,0
540,67,1,88382.01,1,0,1,83254.79999999999,0,4,409,Spain,Male,GOLD,0
727,32,1,59271.82,1,1,1,64442.202,0,2,973,Germany,Male,DIAMOND,0
736,63,10,0.0,2,0,1,718.78,0,4,663,France,Female,SILVER,0
757,36,7,144852.06,1,0,0,183221.72999999998,0,2,575,Germany,Male,SILVER,0
662,29,5,147092.65,1,1,0,15314.619999999997,0,1,495,France,Male,GOLD,0
677,28,0,143988.0,2,1,0,12272.966,1,4,658,Germany,Male,PLATINUM,1
506,50,3,0.0,2,1,0,16838.506,0,3,295,Spain,Male,DIAMOND,0
625,41,6,97663.16,2,1,0,79995.29199999999,0,4,688,France,Male,DIAMOND,0
631,29,7,0.0,2,0,1,176243.10799999998,0,3,617,France,Male,DIAMOND,0
850,33,0,124781.67,1,0,1,47195.727999999996,0,3,357,France,Male,DIAMOND,0
732,29,1,154333.82,1,1,1,193953.58399999997,0,4,599,Germany,Female,GOLD,0
428,62,1,107735.93,1,0,1,81749.47799999999,0,4,398,France,Female,DIAMOND,0
722,32,4,0.0,2,1,1,159148.072,0,4,630,Spain,Female,SILVER,0
601,42,1,98495.72,1,1,0,56035.664,1,2,225,Germany,Male,DIAMOND,1
607,21,0,0.0,2,1,0,162564.128,0,1,324,France,Female,DIAMOND,0
726,33,7,99046.31,2,1,1,78489.28399999999,0,3,445,Germany,Female,PLATINUM,0
592,38,8,0.0,2,1,0,252611.68,0,2,588,Spain,Male,GOLD,0
581,37,7,0.0,2,1,1,104064.04999999999,0,1,754,France,Male,SILVER,0
613,50,5,101242.98,2,1,0,17506.054,0,4,574,Germany,Female,PLATINUM,0
581,31,6,0.0,2,1,0,263743.094,0,1,644,Spain,Female,SILVER,0
850,38,7,101985.81,2,0,0,61336.77799999999,0,1,493,Germany,Male,SILVER,0
674,36,6,100762.64,1,1,0,255034.60399999996,0,3,397,Germany,Female,PLATINUM,0
699,37,10,0.0,2,0,0,116583.25599999998,0,1,388,France,Male,DIAMOND,0
705,48,1,156848.13,2,1,1,139281.33,1,4,240,Germany,Female,SILVER,1
653,38,9,149571.94,1,1,0,165751.452,0,1,896,Spain,Female,SILVER,0
850,37,4,126872.6,1,1,0,276188.21199999994,0,1,951,Germany,Male,DIAMOND,0
655,78,2,0.0,2,0,1,263824.532,0,5,975,Spain,Female,SILVER,0
684,41,2,119782.72,2,0,0,168413.538,0,2,935,Spain,Male,GOLD,0
626,33,8,0.0,2,1,0,193920.992,0,4,331,Germany,Male,PLATINUM,0
739,27,8,98926.4,1,1,1,149772.97199999998,0,2,474,Spain,Female,GOLD,0
707,37,1,0.0,2,0,1,8464.714,0,2,788,France,Male,GOLD,0
556,42,0,115915.53,2,0,1,175624.658,1,5,569,Germany,Male,DIAMOND,1
676,38,8,0.0,2,1,1,187185.032,0,2,864,Germany,Male,DIAMOND,0
775,70,6,119684.88,2,1,1,104359.828,0,1,237,Germany,Male,GOLD,0
562,45,6,136855.24,1,1,0,65624.59999999999,0,4,942,Germany,Male,SILVER,0
429,39,6,48023.83,1,1,0,104834.386,0,3,659,Germany,Female,GOLD,0
789,33,8,151607.56,1,1,0,6160.159999999999,0,4,513,Germany,Male,SILVER,0
484,50,2,90408.16,2,0,0,67453.798,0,5,959,France,Female,GOLD,0
567,40,4,118628.8,1,0,0,128778.082,0,1,892,Spain,Male,PLATINUM,0
584,35,9,0.0,2,1,0,269348.69399999996,0,3,490,Germany,Male,GOLD,0
648,28,8,90371.09,1,1,1,205607.422,0,4,842,Germany,Female,PLATINUM,0
436,45,3,104339.11,2,1,1,256971.308,1,3,304,Germany,Male,DIAMOND,1
670,31,2,57530.06,1,1,1,254665.634,1,1,839,France,Female,PLATINUM,1
706,34,8,0.0,2,1,1,52486.958,0,1,798,France,Male,DIAMOND,0
603,46,2,0.0,2,1,1,83403.886,0,5,541,France,Male,SILVER,0
768,26,5,51116.26,1,1,1,98651.70599999999,1,4,992,Germany,Female,PLATINUM,1
625,51,7,136294.97,1,1,0,54429.443999999996,1,1,833,France,Female,PLATINUM,1
790,26,5,0.0,1,1,0,28730.106,0,2,426,France,Male,SILVER,0
630,53,5,138053.67,1,0,1,159770.35799999998,0,1,536,Germany,Male,GOLD,0
563,34,6,139810.34,1,1,1,213399.906,0,5,254,France,Female,DIAMOND,0
813,30,1,116416.94,1,0,1,120146.50799999999,0,1,892,Germany,Male,DIAMOND,0
763,67,9,148564.66,1,0,1,122145.95999999998,0,1,595,Spain,Male,PLATINUM,0
743,36,8,92716.96,1,1,1,47186.291999999994,0,5,338,Spain,Female,SILVER,0
721,57,1,0.0,1,1,1,274332.344,0,4,226,Spain,Male,PLATINUM,0
618,32,5,133476.09,1,0,1,216795.75999999998,0,2,734,Spain,Male,SILVER,0
614,44,6,0.0,2,0,1,146917.644,0,3,371,Germany,Male,GOLD,0
697,31,3,108805.42,2,0,1,173371.16199999998,0,1,342,Germany,Male,DIAMOND,0
543,71,1,104308.77,1,1,1,35925.056,0,5,710,France,Female,DIAMOND,0
841,41,1,0.0,2,0,1,270346.278,0,5,842,Spain,Male,SILVER,0
780,76,10,121313.88,1,0,1,90836.262,0,3,908,Germany,Male,DIAMOND,0
681,30,2,128393.29,1,1,1,252845.83,0,1,906,Spain,Male,SILVER,0
603,31,4,0.0,2,0,1,13464.94,0,4,296,France,Male,GOLD,0
506,57,6,0.0,2,0,1,272204.56799999997,1,2,844,France,Female,DIAMOND,1
760,34,2,0.0,2,1,0,229842.416,0,4,814,Germany,Male,SILVER,0
678,40,1,0.0,2,1,1,262295.75999999995,0,3,505,France,Male,PLATINUM,0
774,40,9,93017.47,2,1,0,268267.55799999996,0,1,354,Germany,Male,GOLD,1
791,31,1,130240.33,1,0,0,135180.16999999998,0,1,608,Germany,Male,GOLD,0
754,65,1,136186.44,1,1,1,170156.42599999998,1,4,413,Germany,Male,SILVER,1
592,31,7,124593.23,1,1,0,120526.53799999999,0,2,326,Germany,Male,DIAMOND,0
680,44,3,0.0,2,1,0,121724.112,0,5,254,France,Male,SILVER,0
639,35,10,128173.9,2,1,0,82745.746,0,3,452,Germany,Male,PLATINUM,0
649,36,6,86607.39,1,0,0,27770.126,0,3,998,Spain,Female,PLATINUM,0
850,30,6,86449.39,1,1,1,264347.922,0,2,755,France,Male,GOLD,0
627,25,4,0.0,1,1,1,272054.502,0,5,992,Spain,Female,SILVER,0
606,31,10,0.0,2,1,0,273308.16,0,3,992,Germany,Male,DIAMOND,0
761,36,9,127637.92,1,1,1,113503.10199999998,0,2,860,Germany,Male,GOLD,0
769,60,9,148846.39,1,1,0,269979.338,1,5,310,Germany,Male,GOLD,1
670,35,2,79585.96,1,0,1,278339.06,0,1,817,Germany,Female,PLATINUM,0
630,21,1,85818.18,1,1,1,186358.21999999997,0,2,374,Spain,Female,DIAMOND,0
769,34,7,137239.17,1,1,1,99946.88799999999,1,2,485,Germany,Female,SILVER,1
563,26,7,0.0,2,0,0,8610.635999999999,0,4,743,Spain,Male,DIAMOND,0
652,58,6,0.0,2,0,1,238050.60199999998,0,2,596,Spain,Male,DIAMOND,0
772,48,6,108736.52,1,1,0,258405.538,1,4,811,Germany,Female,GOLD,1
740,36,4,109044.6,1,0,0,132391.636,1,2,887,Germany,Female,DIAMOND,1
687,72,4,0.0,2,1,1,70389.766,0,3,595,Spain,Female,GOLD,0
439,52,3,96196.24,4,1,0,278439.328,1,1,397,Spain,Male,GOLD,1
676,20,1,80569.73,1,0,0,96085.77199999998,0,3,381,France,Male,DIAMOND,0
506,41,3,57745.76,1,1,0,5664.643999999999,0,1,908,Germany,Female,SILVER,0
612,42,10,75497.51,1,0,0,209570.892,0,2,240,Germany,Female,DIAMOND,0
746,30,1,112666.67,1,0,0,16409.559999999998,1,1,585,Spain,Male,DIAMOND,1
664,41,5,0.0,1,1,1,212891.06199999998,0,5,550,France,Female,PLATINUM,0
686,41,7,102749.72,1,0,1,272894.404,0,2,561,Spain,Male,DIAMOND,0
839,51,3,0.0,1,1,1,96756.722,1,5,704,France,Female,PLATINUM,1
630,67,5,0.0,2,1,1,38277.378,0,3,556,France,Male,SILVER,0
561,35,5,0.0,2,1,0,83989.268,0,2,598,Germany,Female,PLATINUM,0
680,34,9,0.0,2,1,1,133976.24,0,4,221,France,Male,PLATINUM,0
710,28,6,0.0,1,1,0,67812.772,0,3,406,Spain,Female,GOLD,0
698,27,6,125427.37,2,0,0,38731.21599999999,0,5,717,Spain,Male,GOLD,0
651,38,2,0.0,3,1,0,93856.748,1,2,431,Spain,Male,PLATINUM,1
713,36,8,133889.35,1,1,1,200586.90999999997,0,1,357,France,Male,SILVER,0
549,52,1,0.0,1,0,1,12105.469999999998,1,4,485,Germany,Female,DIAMOND,1
719,33,7,0.0,2,1,0,28038.226,0,5,282,Spain,Female,GOLD,0
565,31,2,89558.39,2,1,1,6233.156,0,3,772,Germany,Male,SILVER,0
578,34,4,175111.11,1,1,1,104816.62,0,2,311,Germany,Male,SILVER,0
724,36,1,0.0,2,1,0,73462.15,0,3,660,Spain,Male,GOLD,0
408,84,8,87873.39,1,0,0,263893.328,1,2,608,Germany,Female,DIAMOND,1
758,56,1,0.0,2,1,1,14915.731999999998,0,4,408,Spain,Male,PLATINUM,0
674,22,3,0.0,1,1,1,243531.82599999997,0,4,269,Germany,Male,PLATINUM,0
773,25,1,124532.78,2,0,1,16427.998,0,4,692,France,Male,GOLD,0
437,43,6,0.0,1,1,0,207678.35799999998,1,1,692,Germany,Female,DIAMOND,1
560,57,0,0.0,2,0,1,163509.394,0,1,615,France,Male,DIAMOND,0
603,24,3,0.0,1,1,1,278371.442,1,5,652,Germany,Female,SILVER,1
840,43,7,0.0,2,1,0,127287.52999999998,0,2,645,Germany,Female,SILVER,0
700,26,2,0.0,2,0,0,70086.988,0,5,417,Germany,Female,DIAMOND,0
773,64,2,145578.28,1,0,1,260656.99,0,1,630,France,Male,SILVER,0
684,40,2,70291.02,1,1,1,161671.376,1,5,455,Spain,Male,DIAMOND,1
701,44,7,0.0,2,1,0,32811.092,0,3,482,France,Male,SILVER,0
743,34,1,131736.88,1,1,1,151975.494,0,5,514,Germany,Female,GOLD,0
575,41,2,100062.39,1,0,0,176845.15,0,1,599,Spain,Male,GOLD,0
804,25,7,108396.67,1,1,0,179602.72999999998,0,1,399,Germany,Male,DIAMOND,0
730,42,4,0.0,2,0,1,120390.458,0,4,722,Spain,Male,DIAMOND,0
648,36,8,146943.38,2,1,1,182073.03,0,3,780,Spain,Male,GOLD,0
755,31,5,0.0,2,0,1,272540.092,0,4,535,France,Male,DIAMOND,0
613,30,5,131563.88,2,1,0,238909.572,0,2,583,Germany,Female,GOLD,0
730,22,9,65763.57,1,1,1,204123.814,0,5,447,Germany,Female,SILVER,0
679,39,5,0.0,2,1,1,140099.756,0,1,338,Spain,Male,PLATINUM,0
583,29,10,0.0,2,1,1,155815.19,0,4,574,Germany,Female,SILVER,0
746,47,8,142382.03,1,1,1,86936.268,0,3,681,Germany,Male,PLATINUM,0
650,45,9,152367.21,3,1,0,211184.29399999997,1,3,760,Germany,Female,PLATINUM,1
794,37,9,0.0,2,1,0,95227.39,0,3,577,Spain,Female,DIAMOND,0
600,49,7,90218.9,1,1,0,127901.86399999999,0,4,367,France,Male,DIAMOND,0
646,50,5,142644.64,2,1,1,199106.9,1,4,951,Spain,Female,GOLD,1
760,32,7,0.0,2,1,1,148371.66999999998,0,4,843,France,Female,SILVER,0
748,49,7,29602.08,1,0,0,228985.81199999998,1,4,699,France,Female,SILVER,1
755,23,5,84284.48,2,1,1,88007.23999999999,0,5,453,Germany,Male,DIAMOND,0
756,38,6,119208.85,1,1,0,237684.446,1,1,257,Spain,Male,DIAMOND,1
776,30,6,0.0,2,0,1,89487.404,0,2,928,Spain,Male,GOLD,0
640,33,7,154575.76,1,1,0,36026.191999999995,1,5,762,Germany,Male,GOLD,1
635,48,8,130796.33,2,1,1,60565.42,0,4,885,France,Female,SILVER,0
848,31,4,90018.45,2,1,0,270401.172,0,2,795,Germany,Male,PLATINUM,0
509,31,3,0.0,2,1,0,21520.273999999998,0,5,299,Germany,Male,PLATINUM,0
605,28,6,0.0,2,0,0,223326.92799999999,0,1,468,France,Female,DIAMOND,0
555,51,5,0.0,3,1,0,264787.04600000003,1,1,406,France,Male,PLATINUM,1
540,39,2,0.0,2,1,0,114809.28799999999,0,4,868,Spain,Male,DIAMOND,0
682,54,0,83102.72,2,1,1,75801.102,0,2,478,Spain,Female,DIAMOND,0
602,42,10,0.0,2,0,0,237904.55399999997,1,2,600,Germany,Female,DIAMOND,1
832,61,2,0.0,1,0,1,178941.524,1,2,748,France,Male,DIAMOND,1
797,29,1,0.0,1,0,1,210002.848,0,5,752,France,Male,GOLD,0
676,28,1,69459.05,2,1,1,179860.80599999998,0,4,917,Germany,Male,DIAMOND,0
710,24,7,103099.17,2,1,0,242602.26799999998,0,1,621,Germany,Female,DIAMOND,0
529,22,5,0.0,1,1,0,211652.76199999996,0,5,588,Germany,Male,PLATINUM,0
520,30,3,143396.54,2,1,1,1272.914,0,1,605,France,Male,DIAMOND,0
743,25,6,0.0,2,1,0,181651.15399999998,0,2,748,Spain,Male,GOLD,0
666,41,10,141162.08,1,1,0,71286.872,0,2,510,France,Female,SILVER,0
715,32,3,104857.19,2,1,0,159824.72,0,2,573,Germany,Female,PLATINUM,0
668,32,2,0.0,2,1,1,56928.262,0,3,237,Germany,Female,DIAMOND,0
672,34,1,142151.75,2,1,1,236269.67599999998,0,2,851,France,Female,DIAMOND,0
632,48,6,126066.26,1,1,0,90098.85399999999,1,3,517,Germany,Male,PLATINUM,1
689,28,3,0.0,2,1,1,269443.62799999997,0,4,731,Spain,Female,SILVER,0
845,33,8,164385.53,1,1,0,210945.95799999998,0,5,588,Germany,Male,GOLD,0
565,32,9,68067.24,1,1,0,200617.61199999996,0,3,504,Germany,Female,SILVER,0
700,59,5,137648.41,1,1,0,200182.86999999997,1,2,839,Germany,Female,PLATINUM,1
637,41,2,138014.4,2,1,0,196432.53599999996,0,1,823,Germany,Male,GOLD,0
719,48,5,0.0,2,0,0,110004.124,0,4,922,Spain,Female,GOLD,0
662,41,4,0.0,2,1,0,177187.072,0,4,527,France,Female,SILVER,0
663,33,2,0.0,2,1,0,214628.0,0,4,332,France,Female,GOLD,0
684,59,9,122471.09,1,0,1,22144.897999999997,0,3,605,Germany,Male,PLATINUM,0
719,40,4,128389.12,1,1,1,246542.83399999997,0,1,979,Spain,Male,DIAMOND,0
727,18,4,133550.67,1,1,1,65732.974,0,4,864,France,Male,PLATINUM,0
512,36,4,152169.12,2,0,0,54096.020000000004,1,5,555,Germany,Male,DIAMOND,1
601,43,8,0.0,3,0,1,155297.61,1,4,343,France,Female,SILVER,1
633,36,6,125130.28,1,0,0,176361.072,0,5,465,Germany,Female,GOLD,0
615,43,3,86920.86,1,1,1,210082.718,0,1,579,Germany,Male,DIAMOND,0
678,32,9,0.0,1,1,1,207509.896,0,4,983,Germany,Female,GOLD,0
697,42,10,0.0,2,1,0,85852.01,0,5,867,Germany,Female,GOLD,0
696,52,6,139781.06,1,1,0,38438.56,1,3,457,France,Male,DIAMOND,1
484,32,3,0.0,2,1,1,195162.38599999997,0,4,644,Germany,Female,DIAMOND,0
744,36,10,0.0,2,1,1,256029.97599999997,0,5,632,Germany,Male,SILVER,0
739,20,4,133800.98,1,0,1,210359.134,0,3,320,France,Female,PLATINUM,0
521,49,2,127948.57,1,1,1,255886.196,0,2,596,Germany,Female,GOLD,0
647,41,4,138937.35,1,1,1,142279.696,1,5,918,Germany,Male,DIAMOND,1
591,45,5,0.0,2,1,1,217705.01799999998,0,2,235,Germany,Male,GOLD,0
721,41,7,0.0,2,0,1,85441.39,0,1,453,Germany,Male,SILVER,0
570,46,3,0.0,2,0,0,1163.644,0,3,909,Germany,Female,SILVER,0
850,28,1,105245.34,1,0,1,104707.182,0,1,495,France,Female,PLATINUM,0
650,30,6,0.0,1,0,0,95210.982,1,4,963,Spain,Female,GOLD,1
621,27,4,137003.68,1,1,0,29770.684,0,4,609,Germany,Male,SILVER,0
592,27,4,0.0,2,1,1,257011.94999999998,0,5,900,Germany,Female,PLATINUM,0
713,48,1,163760.82,1,0,0,220348.59600000002,1,2,239,Spain,Female,DIAMOND,1
453,42,5,0.0,3,1,0,116226.886,1,1,791,Spain,Female,GOLD,1
699,30,9,0.0,1,1,1,151441.982,0,4,239,France,Male,DIAMOND,0
605,48,6,0.0,2,1,1,56103.185999999994,0,2,457,Spain,Female,DIAMOND,0
763,42,6,100160.75,1,1,0,46863.116,1,3,709,Germany,Male,GOLD,1
718,31,1,152663.77,1,0,1,23995.095999999998,0,4,818,France,Female,GOLD,0
464,46,6,161798.53,1,1,0,256137.25799999997,0,5,343,France,Male,SILVER,0
453,29,6,0.0,1,0,0,277741.42799999996,1,3,791,France,Male,DIAMOND,1
705,49,7,0.0,1,1,0,88782.27999999998,1,1,248,France,Female,GOLD,1
628,32,9,149136.31,2,1,1,22977.953999999998,0,3,859,Germany,Male,GOLD,0
551,48,5,95679.29,1,0,0,132984.34,0,1,815,Spain,Female,DIAMOND,0
652,71,4,0.0,1,1,1,168164.94,0,3,305,Spain,Male,DIAMOND,0
612,39,5,170288.38,1,1,1,83456.61,0,4,295,Spain,Male,GOLD,0
656,18,10,151762.74,1,0,1,177835.048,0,2,778,France,Male,GOLD,0
635,38,1,0.0,2,1,0,126862.06999999999,0,4,399,Spain,Female,GOLD,0
737,38,6,146282.79,2,1,0,277937.68,0,5,703,Spain,Male,PLATINUM,0
714,29,4,0.0,2,1,1,52663.26,0,4,354,Spain,Male,DIAMOND,0
631,34,6,125227.82,2,0,1,179560.84199999998,0,2,305,Germany,Female,PLATINUM,0
624,27,7,104848.68,1,1,1,234357.30399999997,0,5,734,Germany,Female,SILVER,0
732,42,9,108748.08,2,1,1,91467.35399999999,0,1,932,Germany,Male,DIAMOND,0
802,29,9,127414.55,1,1,1,188257.76799999998,0,2,944,France,Male,GOLD,0
527,31,4,0.0,1,1,0,237121.646,0,4,371,Germany,Male,GOLD,0
647,37,3,116509.99,1,1,1,209339.79399999997,1,1,529,Germany,Male,GOLD,1
451,23,9,0.0,2,0,1,67245.394,0,1,576,Spain,Female,DIAMOND,0
764,44,1,0.0,2,1,1,16069.331999999999,0,1,827,Germany,Female,PLATINUM,0
559,42,7,0.0,2,1,1,266071.406,0,3,822,Germany,Female,DIAMOND,0
428,40,3,129248.11,2,1,0,102042.00199999998,1,2,758,Germany,Female,SILVER,1
547,31,9,0.0,2,0,0,139026.908,0,2,470,Spain,Female,GOLD,0
850,34,2,72079.71,1,1,1,162090.10199999998,0,2,555,France,Male,GOLD,0
710,62,9,148214.36,1,1,0,68014.59599999999,1,4,485,Germany,Female,DIAMOND,1
726,37,2,132057.92,2,1,0,48656.572,0,1,953,France,Male,DIAMOND,0
447,44,5,89188.83,1,1,1,105586.53600000001,0,1,909,France,Female,PLATINUM,0
671,45,6,99564.22,1,1,1,152436.43,1,3,901,Germany,Male,PLATINUM,1
606,36,1,155655.46,1,1,1,269357.514,1,4,1000,Germany,Male,DIAMOND,1
615,23,4,0.0,2,1,0,275081.66599999997,0,5,773,Germany,Female,SILVER,0
751,44,10,0.0,2,1,0,238903.28599999996,0,1,283,Germany,Female,SILVER,0
714,21,6,86402.52,2,0,0,38277.826,0,4,910,Germany,Male,GOLD,0
731,37,1,128932.4,1,1,1,253012.52799999996,0,4,868,Spain,Female,SILVER,0
564,35,4,0.0,1,1,0,222527.56999999998,0,1,258,France,Male,SILVER,0
537,53,3,0.0,1,1,1,127984.26799999998,0,4,238,France,Female,PLATINUM,0
506,41,1,0.0,2,1,0,44487.82,0,4,594,France,Female,GOLD,0
664,46,2,0.0,1,1,1,248407.22799999997,1,5,816,France,Male,PLATINUM,1
508,43,9,0.0,1,1,0,145232.394,0,3,981,France,Female,DIAMOND,0
577,59,7,111396.97,1,0,1,267513.014,0,5,583,Germany,Female,SILVER,0
730,25,5,167385.81,1,1,1,78845.514,0,5,452,Spain,Male,PLATINUM,0
600,26,6,108909.12,1,1,0,115580.81399999998,0,4,804,France,Female,SILVER,0
645,44,8,113755.78,2,1,0,209674.39399999997,1,5,484,Spain,Male,DIAMOND,1
807,47,1,171937.27,1,1,1,91906.688,0,4,809,Germany,Male,SILVER,0
633,40,5,86172.81,2,1,1,164206.286,0,3,531,Germany,Male,DIAMOND,0
489,34,5,0.0,1,0,0,60971.825999999994,0,5,583,Germany,Male,PLATINUM,0
812,34,5,103818.43,1,1,1,232468.57799999998,0,4,230,Germany,Male,GOLD,0
848,22,7,120811.89,1,1,1,259729.47599999997,0,5,295,Spain,Male,GOLD,0
512,41,7,122403.24,1,0,1,52430.86,1,2,681,Germany,Male,DIAMOND,1
447,32,10,0.0,1,1,1,212557.064,0,4,600,Germany,Female,GOLD,0
771,18,1,0.0,2,0,0,58175.12999999999,0,1,371,Spain,Male,GOLD,0
627,48,1,132759.8,1,1,0,110473.908,0,5,419,Spain,Male,GOLD,0
608,48,7,75801.74,1,1,0,176083.12999999998,0,4,964,Spain,Male,PLATINUM,0
670,38,10,89416.99,1,0,0,202000.546,0,3,757,Germany,Male,SILVER,0
636,31,9,80844.69,2,1,1,104513.65999999999,0,4,379,Germany,Female,SILVER,0
614,32,7,99462.8,2,1,1,71578.88399999999,0,5,238,Germany,Male,PLATINUM,0
654,29,7,0.0,2,1,1,208872.80999999997,0,3,795,Germany,Male,GOLD,0
625,40,7,141267.67,1,0,1,248371.48599999998,0,2,358,Germany,Female,DIAMOND,0
350,40,0,111098.85,1,1,1,241264.69399999996,1,2,670,France,Female,DIAMOND,1
662,36,4,166909.2,2,1,0,194434.56799999997,1,5,970,Germany,Female,GOLD,1
654,47,10,0.0,2,1,0,238689.772,0,1,584,France,Male,PLATINUM,0
625,45,7,137555.44,1,0,0,174465.78,0,3,622,France,Male,SILVER,0
686,38,6,149238.97,1,1,1,136970.322,0,1,816,France,Male,SILVER,0
573,35,9,134498.54,2,1,1,167909.72,0,3,479,Germany,Male,GOLD,0
754,48,7,141819.02,1,1,0,130985.74199999998,1,5,671,Germany,Female,DIAMOND,1
532,42,1,159024.71,1,1,0,141391.10199999998,1,5,564,France,Male,GOLD,1
604,47,8,62094.71,3,0,0,13046.34,1,5,430,Germany,Female,PLATINUM,1
602,34,5,0.0,2,1,1,108395.23,0,2,743,France,Male,DIAMOND,0
512,37,1,0.0,2,0,1,218562.042,0,4,722,Germany,Female,PLATINUM,0
590,41,1,89086.31,1,1,0,34314.958,0,3,513,France,Male,GOLD,0
635,41,4,103544.88,2,1,0,271260.17,0,2,439,Germany,Male,GOLD,0
579,26,10,162482.76,1,1,1,25856.48,0,3,895,Germany,Female,DIAMOND,0
643,36,0,148159.71,1,0,0,78184.924,0,1,309,France,Male,SILVER,0
689,40,8,160272.27,1,1,0,69533.73599999999,0,2,729,France,Male,SILVER,0
753,43,5,0.0,2,1,0,153849.394,0,5,834,Germany,Female,SILVER,0
432,42,9,152603.45,1,1,0,154386.336,1,3,437,France,Male,DIAMOND,1
797,31,9,0.0,2,1,1,34663.445999999996,0,1,874,Germany,Male,PLATINUM,0
777,36,7,0.0,1,1,0,149076.27599999998,0,2,537,France,Male,SILVER,0
653,55,2,70263.83,1,0,1,87301.794,0,1,644,Spain,Male,GOLD,0
598,38,6,0.0,2,0,0,243311.732,0,4,897,Spain,Female,PLATINUM,0
593,33,0,95927.04,1,1,0,279284.26999999996,0,2,270,Germany,Female,DIAMOND,0
850,28,9,0.0,2,1,1,230825.538,0,4,891,Germany,Female,GOLD,0
747,37,9,135776.36,3,1,0,119673.62999999999,1,4,965,Germany,Male,PLATINUM,1
654,36,2,0.0,2,1,1,205327.95399999997,0,1,576,Spain,Female,PLATINUM,0
716,22,8,0.0,2,1,1,129664.77199999998,0,2,655,Germany,Female,SILVER,0
435,54,3,0.0,1,1,0,219689.64399999997,1,4,832,Germany,Male,SILVER,1
586,32,1,0.0,2,0,0,44305.386,0,5,934,Germany,Male,GOLD,0
662,39,5,139562.05,2,1,0,86305.708,0,4,871,Germany,Female,PLATINUM,0
750,37,2,113817.06,1,0,0,123682.236,0,5,998,Spain,Female,DIAMOND,0
658,31,7,123974.96,1,1,0,143030.25,0,3,226,Germany,Female,DIAMOND,0
759,31,8,0.0,2,1,1,138736.436,0,3,451,Spain,Male,PLATINUM,0
613,34,5,144094.2,1,1,0,62329.364,0,4,902,Germany,Male,DIAMOND,0
632,43,2,100013.51,1,1,0,34000.448,0,5,839,France,Male,SILVER,0
585,56,1,128472.8,1,1,0,261082.674,1,2,815,Spain,Female,GOLD,1
652,27,2,166527.88,2,0,1,204425.78,0,1,917,Germany,Male,SILVER,0
784,35,3,0.0,2,0,0,114092.09599999999,0,2,469,Spain,Male,PLATINUM,0
570,50,5,129293.74,1,1,0,248942.61599999998,1,4,988,Germany,Female,DIAMOND,1
655,27,2,131691.33,1,1,0,69287.924,0,1,411,Germany,Male,DIAMOND,0
654,54,5,0.0,2,0,1,66009.684,0,3,613,Spain,Female,SILVER,0
567,43,2,115643.58,2,0,0,244463.88999999998,0,2,754,Spain,Male,DIAMOND,0
684,26,5,87098.91,1,0,0,148549.148,0,5,894,France,Female,PLATINUM,0
640,68,9,0.0,2,1,1,279305.73199999996,0,4,763,France,Male,PLATINUM,0
544,45,6,0.0,2,0,1,211976.86199999996,0,2,686,Germany,Female,DIAMOND,0
760,29,5,103607.24,2,0,1,120883.49599999998,0,2,588,Germany,Male,GOLD,0
443,44,2,0.0,1,1,0,222846.98,0,3,351,France,Male,PLATINUM,0
619,43,1,125211.92,1,1,1,158789.686,0,5,657,Germany,Male,SILVER,0
744,43,10,147832.15,1,0,1,33942.754,0,3,982,Germany,Female,SILVER,0
687,35,8,0.0,2,1,0,14482.669999999998,0,5,809,France,Male,PLATINUM,0
537,38,6,141786.78,1,0,1,206931.556,0,2,524,Spain,Female,GOLD,0
635,37,5,113488.68,1,1,0,133871.436,1,1,969,Germany,Male,PLATINUM,1
621,33,4,0.0,2,1,1,56433.922,0,4,914,Spain,Male,SILVER,0
593,32,3,0.0,2,1,1,212784.70399999997,0,3,571,France,Female,GOLD,0
500,45,2,109162.82,1,1,1,176618.112,0,5,277,France,Male,PLATINUM,0
487,36,1,140137.15,1,1,0,271717.66199999995,0,2,677,Spain,Female,DIAMOND,0
661,35,9,100107.99,1,1,0,117544.55199999998,0,3,661,Germany,Male,GOLD,0
597,24,1,103219.47,1,1,0,84603.098,0,3,827,France,Female,GOLD,0
640,55,10,132436.34,1,1,0,1385.1239999999998,0,3,890,Germany,Male,PLATINUM,0
589,50,4,0.0,2,0,1,254922.75799999997,0,4,441,Germany,Female,PLATINUM,0
600,32,7,98877.95,1,1,0,186177.49399999998,0,4,668,Germany,Female,DIAMOND,0
692,53,7,150926.99,2,0,0,167759.066,0,2,357,Germany,Male,SILVER,0
850,28,4,147972.19,1,1,0,85007.208,1,2,823,Germany,Male,SILVER,1
696,32,8,101160.99,1,1,1,162298.16999999998,0,4,694,Germany,Male,DIAMOND,0
700,46,5,95872.86,1,1,0,137597.21399999998,1,5,509,France,Male,DIAMOND,1
572,39,4,112290.22,1,1,0,69138.55799999999,1,5,368,Germany,Male,GOLD,1
642,26,8,144238.7,1,1,1,258174.664,0,3,649,Spain,Male,PLATINUM,0
809,36,9,68881.59,2,0,1,152804.15399999998,0,5,795,Germany,Male,DIAMOND,0
655,27,10,0.0,2,1,0,72284.31599999999,0,4,925,France,Male,SILVER,0
432,38,2,135559.8,2,1,1,100613.81999999999,0,3,622,Germany,Male,PLATINUM,0
552,39,2,132906.88,1,0,1,209153.202,0,2,718,Germany,Male,SILVER,0
850,81,5,0.0,2,1,1,62773.458,0,2,237,France,Male,SILVER,0
697,32,7,175464.85,3,1,0,163034.38799999998,1,1,594,France,Male,PLATINUM,1
754,27,7,0.0,2,1,0,201803.496,0,1,382,France,Female,GOLD,0
667,42,9,0.0,2,0,1,81407.38799999999,0,3,300,France,Male,GOLD,0
644,47,9,137774.11,2,1,0,212678.892,0,5,499,Germany,Male,SILVER,0
559,31,3,127070.73,1,0,1,225333.492,0,2,665,Germany,Female,PLATINUM,0
537,30,1,103138.17,1,1,1,135192.588,0,4,498,Spain,Male,SILVER,0
613,34,8,117300.02,1,1,0,195189.11199999996,0,5,572,Spain,Male,SILVER,0
662,31,3,0.0,2,0,1,38838.469999999994,0,2,241,Germany,Male,SILVER,0
745,40,6,131184.67,1,1,1,69756.868,0,1,966,France,Female,DIAMOND,0
754,61,5,146622.35,1,1,1,58556.308,1,4,687,Germany,Male,DIAMOND,1
740,40,2,122295.17,2,1,1,43152.975999999995,0,2,318,Germany,Female,GOLD,0
545,26,7,0.0,2,0,1,219252.522,0,2,781,Germany,Male,GOLD,0
466,26,3,156815.71,1,1,1,192481.52599999998,0,2,349,Germany,Male,GOLD,0
669,25,7,157228.61,2,1,0,174151.05999999997,0,1,632,Spain,Male,GOLD,0
595,33,9,0.0,2,1,1,58042.00399999999,0,5,706,Germany,Female,PLATINUM,0
600,43,5,134022.06,1,1,0,272685.762,0,3,568,Germany,Female,GOLD,0
578,37,1,135650.88,1,1,0,279214.46599999996,0,1,995,Germany,Male,PLATINUM,0
786,29,4,0.0,2,1,0,144736.906,0,4,245,Germany,Female,SILVER,0
725,44,10,0.0,1,0,1,131303.65399999998,0,5,696,France,Female,SILVER,0
652,36,1,0.0,2,1,1,27038.891999999996,0,3,219,Spain,Female,GOLD,0
700,28,3,99705.69,2,0,0,205428.20799999998,0,5,435,Germany,Female,SILVER,0
709,36,0,0.0,2,1,0,65551.47799999999,0,3,716,Germany,Male,GOLD,0
592,33,2,156570.86,1,1,1,52011.27999999999,0,1,376,Germany,Male,PLATINUM,0
636,34,1,84055.43,1,0,0,52502.17599999999,0,2,934,France,Male,DIAMOND,0
805,37,5,0.0,2,1,0,30715.334,0,5,311,Spain,Male,PLATINUM,0
778,31,9,182275.23,2,1,0,266898.722,0,4,717,Germany,Male,GOLD,0
582,20,4,0.0,1,1,1,78084.124,0,5,249,France,Male,SILVER,0
549,46,7,0.0,1,1,1,152695.58399999997,0,2,940,Germany,Female,DIAMOND,0
594,40,9,122417.17,2,0,1,267250.766,0,5,394,France,Male,SILVER,0
667,36,3,121542.57,2,1,1,261593.39399999997,0,5,252,Spain,Female,PLATINUM,0
637,40,2,133463.1,1,0,1,130446.47599999998,0,1,374,France,Male,PLATINUM,0
595,34,2,87967.42,2,0,1,218848.32799999998,0,5,357,Germany,Male,SILVER,0
707,51,10,98438.23,1,0,0,99105.082,1,5,303,Germany,Female,GOLD,1
649,42,7,0.0,2,0,1,32178.613999999994,0,5,295,France,Female,GOLD,0
635,43,10,122198.21,2,0,1,250817.356,0,4,704,Germany,Male,DIAMOND,0
528,27,7,176227.07,2,0,1,195289.142,0,1,875,Germany,Female,GOLD,0
706,23,2,93301.97,2,0,1,178076.85599999997,0,5,963,Germany,Male,PLATINUM,0
758,30,3,141581.08,1,1,0,218763.68399999998,0,2,797,Germany,Female,SILVER,0
533,49,1,102286.6,3,1,0,97188.11799999999,1,1,930,Germany,Female,SILVER,1
610,31,5,0.0,2,0,0,89245.904,0,2,416,Spain,Female,PLATINUM,0
794,46,8,134593.79,1,1,1,64955.918,0,4,351,Spain,Female,DIAMOND,0
849,37,7,143452.74,2,1,1,24226.767999999996,0,1,923,Germany,Male,PLATINUM,0
564,32,10,139875.2,2,1,0,21544.521999999997,0,1,737,Germany,Female,SILVER,0
501,25,6,104013.79,1,1,0,160699.09,0,5,629,Germany,Male,PLATINUM,0
459,50,5,109387.9,1,1,0,218024.61,0,3,894,Germany,Male,PLATINUM,0
775,33,1,118897.1,2,1,1,36922.36,0,2,253,Germany,Female,SILVER,0
606,30,8,180307.73,2,1,1,2695.174,0,3,567,Spain,Male,SILVER,0
631,29,3,0.0,2,1,1,277163.844,0,3,463,Spain,Male,DIAMOND,0
697,43,7,115371.94,2,1,0,89809.73999999999,0,1,538,Germany,Male,GOLD,0
644,33,2,0.0,1,1,0,135003.812,0,1,482,France,Male,DIAMOND,0
623,50,2,87116.71,1,1,1,146149.954,0,5,970,Spain,Female,SILVER,0
693,68,4,97705.99,1,1,1,86211.69799999999,0,1,949,France,Male,GOLD,0
735,55,2,103176.62,1,0,1,228937.62399999998,0,2,708,Spain,Male,PLATINUM,0
737,40,2,162485.8,2,1,0,209148.848,0,2,449,Germany,Female,SILVER,0
566,35,1,123042.0,1,1,0,92758.616,1,1,704,Germany,Female,DIAMOND,1
709,45,3,104118.5,1,0,1,243659.8,0,2,569,France,Female,SILVER,0
779,41,10,99786.2,1,1,0,121713.54199999999,0,4,341,France,Female,DIAMOND,0
628,28,3,153538.13,2,1,0,155101.414,0,4,579,Germany,Female,GOLD,0
529,31,6,152310.55,1,1,0,18290.949999999997,0,1,691,France,Female,PLATINUM,0
753,40,0,3768.69,2,1,0,247906.33599999998,1,3,620,France,Female,PLATINUM,1
658,29,3,145512.84,1,1,0,28304.827999999998,0,5,783,Germany,Male,DIAMOND,0
634,35,10,0.0,1,1,0,115703.174,0,3,557,Spain,Female,GOLD,0
742,36,2,129748.54,2,0,0,66195.254,1,3,914,Germany,Female,GOLD,1
668,72,2,0.0,2,1,1,99112.05399999999,0,5,658,France,Male,DIAMOND,0
739,54,8,126418.14,1,1,0,188204.05,1,2,718,Germany,Male,DIAMOND,1
580,45,8,103741.14,1,1,0,66415.222,1,4,799,Germany,Male,GOLD,1
674,26,10,0.0,2,1,1,193807.34,0,1,664,Germany,Female,PLATINUM,0
828,25,7,144351.86,1,1,0,163273.56399999998,0,1,603,Germany,Female,PLATINUM,0
673,39,8,138160.0,1,1,1,154670.914,0,3,778,Spain,Male,SILVER,0
683,35,5,144961.97,1,0,1,37530.422,0,2,574,Germany,Male,SILVER,0
720,26,10,51962.91,2,1,0,63725.13599999999,0,1,476,Germany,Male,PLATINUM,0
554,37,4,58629.97,1,0,0,254869.03999999998,0,2,606,Germany,Female,DIAMOND,0
480,40,7,0.0,1,1,0,238480.738,1,1,751,France,Female,GOLD,1
567,35,5,166118.45,2,1,0,178973.05199999997,0,4,239,France,Female,GOLD,0
640,20,4,0.0,2,0,1,109650.148,0,5,670,Germany,Female,SILVER,0
505,36,2,79951.9,1,0,1,243787.424,1,4,253,Germany,Female,PLATINUM,1
702,36,2,105264.88,2,1,1,74088.818,0,3,898,Germany,Female,GOLD,0
510,32,1,0.0,2,0,1,39936.238,0,4,523,Germany,Female,SILVER,0
822,37,3,105563.0,1,1,0,255689.90199999997,0,5,463,Germany,Male,DIAMOND,0
707,40,1,0.0,2,1,0,19741.559999999998,1,3,222,Germany,Male,PLATINUM,1
703,39,6,152685.4,1,0,0,257133.56799999997,0,2,994,Spain,Male,DIAMOND,0
597,52,8,83693.34,2,1,1,225531.94199999998,0,3,603,Germany,Male,GOLD,0
578,23,10,88980.32,1,1,1,175326.304,0,5,813,France,Male,PLATINUM,0
668,53,10,110240.04,1,0,0,257587.78399999999,1,4,682,France,Female,SILVER,1
842,58,1,63492.94,1,1,1,116456.06599999999,0,4,354,Germany,Male,DIAMOND,0
561,22,6,186788.96,2,1,0,102616.52,0,5,964,Germany,Female,SILVER,0
685,23,8,0.0,2,1,1,157149.642,0,2,543,Germany,Male,SILVER,0
705,44,3,105934.96,1,1,0,115464.166,0,3,351,Germany,Male,PLATINUM,0
583,35,8,149995.72,2,1,0,59015.97,0,1,540,Germany,Male,PLATINUM,0
850,32,5,0.0,1,1,1,5377.826,0,2,979,Spain,Female,SILVER,0
562,35,7,0.0,1,0,0,68432.538,0,3,863,Germany,Male,GOLD,0
719,37,10,145382.61,1,1,0,112587.02599999998,0,5,306,Spain,Male,PLATINUM,0
664,53,7,187602.18,1,1,0,260965.18599999996,1,2,712,Spain,Female,SILVER,1
639,39,6,150555.83,1,1,0,42594.837999999996,0,5,399,France,Male,SILVER,0
696,66,7,119499.42,2,1,1,243653.21999999997,0,3,601,Germany,Female,PLATINUM,0
566,44,5,0.0,2,1,0,93062.90599999999,0,5,294,Spain,Male,PLATINUM,0
850,38,0,106831.69,1,0,1,208583.808,0,1,658,France,Female,SILVER,0
698,37,2,166178.02,2,1,1,100777.12999999999,0,5,275,France,Female,PLATINUM,0
760,38,3,91241.85,1,0,1,112970.29000000001,0,5,840,Spain,Male,GOLD,0
613,37,9,108286.5,1,1,1,159829.816,0,5,656,Germany,Male,GOLD,0
676,37,5,89634.69,1,1,1,237431.45199999996,1,4,982,France,Female,DIAMOND,1
721,46,7,137933.39,1,1,1,95182.198,0,4,249,Spain,Female,GOLD,0
677,36,4,0.0,2,1,0,10969.034,0,3,760,Germany,Male,PLATINUM,0
807,42,9,105356.09,2,1,1,182700.118,0,5,703,Germany,Female,SILVER,0
640,31,10,118613.34,1,1,0,235872.50999999998,0,3,573,Germany,Female,DIAMOND,0
671,38,0,92674.94,2,1,0,5121.598,0,4,759,Spain,Male,SILVER,0
684,27,2,134603.88,1,1,1,100431.02199999998,0,3,342,Germany,Male,GOLD,0
350,39,0,109733.2,2,0,0,173057.954,1,2,261,Germany,Male,GOLD,1
450,34,2,0.0,2,1,0,245688.30199999997,0,1,920,Spain,Female,SILVER,0
766,41,0,0.0,2,0,1,48011.522000000004,0,4,670,Spain,Male,GOLD,0
677,27,2,0.0,2,0,1,160575.288,0,2,273,France,Female,PLATINUM,0
537,47,10,0.0,2,0,1,35690.668,0,1,677,France,Male,PLATINUM,0
808,47,8,139196.0,1,0,1,103654.704,0,2,801,Spain,Male,SILVER,0
682,30,9,0.0,2,1,1,273161.874,0,2,874,France,Female,PLATINUM,0
445,34,7,131082.17,2,1,1,98880.2,0,4,802,Germany,Female,PLATINUM,0
785,34,9,70302.48,1,1,1,96055.504,0,4,667,France,Female,SILVER,0
733,38,9,111347.37,2,0,1,272837.158,0,2,260,Germany,Male,GOLD,0
678,48,2,101099.9,2,0,1,270881.456,0,1,788,Germany,Male,PLATINUM,0
687,34,9,125474.44,1,1,0,278516.77599999995,0,1,565,France,Female,GOLD,0
525,36,3,77910.23,1,1,0,94148.21399999999,0,3,976,Spain,Male,SILVER,0
629,43,0,0.0,2,1,1,57784.166,0,2,908,France,Female,SILVER,0
519,39,2,112957.26,2,1,0,136645.424,0,3,223,Germany,Male,SILVER,0
727,29,1,146652.01,1,1,1,242895.946,0,1,518,Germany,Female,DIAMOND,0
528,22,5,93547.23,2,0,1,1361.198,0,4,525,Germany,Male,DIAMOND,0
561,34,4,85141.79,2,1,1,40919.318,0,1,866,Spain,Male,SILVER,0
466,41,3,33563.95,2,1,0,250606.78199999998,1,1,629,Germany,Female,DIAMOND,1
745,28,1,111071.36,1,1,0,102601.344,1,1,238,Germany,Female,PLATINUM,1
616,44,5,102016.38,1,0,1,249544.51799999998,1,4,830,Germany,Male,GOLD,1
655,52,9,144696.75,1,1,1,68651.106,0,2,691,Germany,Male,DIAMOND,0
850,62,1,124678.35,1,1,0,99297.4,1,4,616,Germany,Female,GOLD,1
568,39,5,0.0,2,1,1,181412.88799999998,0,4,594,Spain,Male,SILVER,0
466,47,5,102085.72,1,1,1,256965.73599999998,1,2,692,Germany,Female,GOLD,1
437,39,0,102721.49,1,0,0,31083.548,0,1,696,Germany,Female,GOLD,0
503,29,3,0.0,2,1,1,201551.98599999998,0,1,927,France,Male,DIAMOND,0
561,49,5,94754.0,1,1,1,37382.834,0,5,760,Germany,Male,DIAMOND,0
731,37,8,0.0,2,1,1,238488.69,0,1,856,France,Male,DIAMOND,0
614,41,7,146997.64,2,0,0,192922.65199999997,0,5,524,Spain,Female,PLATINUM,0
626,29,7,0.0,2,1,0,69121.57599999999,0,5,429,Spain,Male,PLATINUM,0
764,39,1,129068.54,2,1,1,263082.168,0,1,983,France,Female,DIAMOND,0
532,36,4,0.0,2,1,1,185933.292,0,2,726,Germany,Male,GOLD,0
510,44,4,123070.89,1,1,0,39860.806,1,3,875,Germany,Female,DIAMOND,1
459,46,7,110356.42,1,1,0,6971.782,1,1,997,Germany,Male,PLATINUM,1
738,18,4,0.0,2,1,1,66933.81,0,5,739,France,Male,PLATINUM,0
686,29,3,185379.02,1,1,0,90565.69799999999,0,3,713,Germany,Male,SILVER,0
506,28,8,53053.76,1,0,1,34423.276,0,3,340,Germany,Male,GOLD,0
651,33,1,96834.78,1,1,0,152285.566,0,4,804,Germany,Female,GOLD,0
717,42,5,190305.78,1,1,0,139101.91999999998,1,1,758,Spain,Female,SILVER,1
644,40,4,77270.08,2,1,1,162135.13999999998,1,3,748,Germany,Female,DIAMOND,1
733,42,9,120094.93,1,1,0,257694.03,0,5,668,Germany,Male,PLATINUM,0
581,43,4,170172.9,1,0,1,140345.42799999999,0,4,968,Spain,Female,GOLD,0
547,41,3,151191.31,1,1,0,245429.246,1,2,945,Germany,Male,SILVER,1
741,43,0,0.0,2,1,1,4103.882,1,1,242,Spain,Male,SILVER,1
597,36,9,0.0,2,1,1,10033.526,0,2,323,Germany,Female,SILVER,0
698,38,10,95010.92,1,1,1,147334.004,0,4,227,Spain,Male,SILVER,0
725,37,6,124348.38,2,0,1,247793.07599999997,0,5,309,Germany,Male,PLATINUM,0
681,37,6,121231.39,1,1,1,204927.51199999996,0,4,271,Spain,Female,GOLD,0
492,31,7,0.0,2,1,1,69263.81599999999,0,2,783,Germany,Female,SILVER,0
686,25,1,0.0,2,0,1,23058.118,0,1,578,France,Male,DIAMOND,0
709,38,5,0.0,2,1,1,114048.20599999999,0,1,649,France,Male,DIAMOND,0
520,61,8,133802.29,2,1,1,126440.61399999999,0,3,756,Germany,Male,GOLD,0
732,69,9,137453.43,1,0,1,155320.136,1,5,719,Spain,Female,PLATINUM,1
676,27,4,0.0,1,0,1,151152.938,0,1,490,Spain,Male,PLATINUM,0
600,28,6,0.0,2,0,1,73085.522,0,3,910,France,Female,GOLD,0
579,33,6,0.0,1,1,0,133005.256,1,4,266,Spain,Male,PLATINUM,1
543,41,4,0.0,1,0,0,272878.024,0,5,331,Spain,Female,PLATINUM,0
511,75,9,105609.17,1,0,1,147610.25199999998,0,4,567,Germany,Female,DIAMOND,0
740,30,8,105209.54,1,1,0,2608.6119999999996,0,4,814,Germany,Female,SILVER,0
647,29,2,0.0,2,1,0,250660.75199999998,0,1,373,Spain,Female,DIAMOND,0
444,43,3,0.0,2,1,1,222798.694,0,4,979,France,Male,PLATINUM,0
647,32,5,97041.16,1,1,1,32400.821999999996,0,1,596,France,Male,GOLD,0
616,31,1,0.0,2,1,1,76604.45,0,3,852,Germany,Male,DIAMOND,0
707,49,10,0.0,1,1,0,116170.158,1,2,489,France,Female,PLATINUM,1
491,70,6,148745.92,2,1,1,24960.662,0,2,743,Germany,Male,PLATINUM,0
537,37,7,158411.95,4,1,1,164781.812,1,3,888,Germany,Female,DIAMOND,1
753,46,8,0.0,3,1,0,127062.116,1,2,497,Germany,Male,PLATINUM,1
728,43,8,128412.61,1,0,1,194649.03399999999,0,4,576,Spain,Female,PLATINUM,0
557,36,3,0.0,1,0,1,201724.22799999997,0,4,880,Germany,Male,SILVER,0
755,29,4,148654.84,2,1,1,40342.126,0,1,519,Germany,Female,GOLD,0
672,39,2,0.0,2,1,0,122336.486,0,3,425,France,Male,DIAMOND,0
705,41,4,72252.64,2,1,1,199535.524,0,2,710,Germany,Male,GOLD,0
539,28,5,0.0,2,1,0,67750.36,0,1,830,Spain,Male,DIAMOND,0
651,65,0,0.0,2,1,1,266650.656,0,4,700,Germany,Female,PLATINUM,0
614,25,10,75212.28,1,1,0,82566.056,0,5,386,Spain,Female,PLATINUM,0
748,40,3,103499.09,2,0,0,53429.466,0,1,717,Germany,Female,SILVER,0
710,24,2,110407.44,2,0,0,22180.402,1,4,993,Germany,Female,SILVER,1
660,36,0,84438.57,1,1,1,254044.31399999998,0,4,699,Spain,Female,DIAMOND,0
687,26,2,142721.52,1,1,1,215063.05,0,5,334,Germany,Male,GOLD,0
576,41,4,112609.91,1,0,0,267464.252,1,4,660,Germany,Female,SILVER,1
795,36,1,151844.64,1,1,1,189559.446,0,3,605,Germany,Female,SILVER,0
541,37,9,212314.03,1,0,1,208355.356,0,1,369,France,Male,DIAMOND,0
698,39,4,0.0,2,0,1,66453.148,0,5,639,Germany,Female,SILVER,0
671,48,6,119769.77,1,0,1,92460.70999999999,0,2,475,Germany,Female,DIAMOND,0
587,51,3,83739.32,1,0,1,208332.83000000002,0,3,882,Spain,Male,GOLD,0
568,43,5,87612.64,4,1,1,150032.55999999997,1,4,934,Germany,Male,SILVER,1
530,23,1,137060.88,2,1,1,231333.122,0,2,284,Germany,Male,GOLD,0
570,34,10,0.0,2,0,1,256756.96799999996,0,4,568,Spain,Male,SILVER,0
673,36,5,73088.06,2,0,0,274614.164,0,3,328,Germany,Male,GOLD,0
771,50,3,105229.72,1,1,1,22809.352,1,3,743,Germany,Male,DIAMOND,1
575,27,3,139301.68,1,1,0,139796.572,0,2,548,France,Male,DIAMOND,0
639,27,3,150795.81,1,0,1,119307.50199999998,0,3,291,Germany,Male,GOLD,0
604,41,10,0.0,2,1,1,232729.146,0,2,876,Spain,Female,DIAMOND,0
530,33,4,129307.32,1,1,1,242117.392,0,5,741,France,Female,PLATINUM,0
725,31,8,0.0,2,1,1,83525.58799999999,0,5,594,France,Male,DIAMOND,0
584,46,6,87361.02,2,1,0,168542.618,1,4,400,Germany,Female,PLATINUM,1
694,39,0,107042.74,1,1,1,143212.87999999998,0,4,297,Spain,Male,PLATINUM,0
521,37,5,105843.26,2,1,1,118886.47999999998,0,3,751,Germany,Male,SILVER,0
503,32,4,0.0,2,1,1,214266.758,0,1,304,Germany,Male,SILVER,0
752,36,7,0.0,2,1,0,258828.60399999996,0,1,777,France,Female,PLATINUM,0
637,43,8,0.0,1,1,0,17034.702,1,5,317,Spain,Male,DIAMOND,1
467,51,10,114514.71,2,1,0,248913.55199999997,1,2,681,Germany,Male,SILVER,1
781,19,3,0.0,2,1,1,174031.248,0,4,581,Germany,Female,PLATINUM,0
516,46,2,0.0,2,1,1,236786.55599999998,0,4,786,France,Male,GOLD,0
786,24,2,120135.55,2,1,1,175644.258,0,3,625,Germany,Male,PLATINUM,0
418,34,8,155973.88,1,1,0,215907.54399999997,0,4,777,France,Male,GOLD,0
664,34,7,93920.47,1,0,0,251894.572,0,1,503,Germany,Female,PLATINUM,0
683,42,4,148283.94,1,1,1,62584.68199999999,1,4,268,France,Female,SILVER,1
748,35,5,105492.53,1,1,1,210095.08000000002,0,4,811,Spain,Male,GOLD,0
699,27,1,0.0,2,1,0,130219.494,0,5,476,France,Male,PLATINUM,0
842,46,9,0.0,1,0,0,24190.228,0,1,675,Spain,Male,SILVER,0
659,32,9,95377.13,1,0,1,262586.736,0,2,846,Germany,Male,SILVER,0
608,42,5,0.0,2,1,0,249921.006,0,4,403,Germany,Male,DIAMOND,0
613,38,9,67111.65,1,1,0,110008.29599999999,1,3,599,Germany,Male,SILVER,1
548,35,10,0.0,1,1,1,43834.594,0,5,638,Germany,Female,SILVER,0
663,31,4,103430.11,2,0,1,51085.977999999996,0,4,992,Spain,Male,GOLD,0
431,45,5,83624.55,2,0,0,51674.468,0,2,838,Germany,Male,DIAMOND,0
593,35,6,133489.12,2,1,1,109356.80599999998,0,4,864,France,Female,DIAMOND,0
709,44,9,128601.98,1,1,0,163858.68,0,4,223,Germany,Male,GOLD,0
850,61,3,141784.02,1,1,1,128890.24999999999,0,1,781,Germany,Male,SILVER,0
762,60,10,168920.75,1,1,0,44038.041999999994,1,4,909,Spain,Female,SILVER,1
628,38,10,113525.84,1,1,0,64477.272,1,5,491,Germany,Male,PLATINUM,1
647,35,4,123761.68,1,1,0,117489.55999999998,0,4,713,Germany,Male,PLATINUM,0
724,37,6,125489.4,1,1,0,166013.742,0,4,880,Germany,Male,SILVER,0
546,47,8,0.0,1,1,1,92986.21399999999,1,3,432,France,Female,SILVER,1
646,24,8,0.0,2,0,0,129673.03199999999,0,3,239,Germany,Male,GOLD,0
701,42,5,0.0,2,0,0,33909.784,0,1,282,Spain,Female,GOLD,0
527,32,0,0.0,1,1,0,153348.432,0,3,987,Germany,Male,SILVER,0
678,66,8,0.0,2,1,1,65978.84199999999,0,1,636,France,Male,PLATINUM,0
564,27,6,0.0,1,0,0,10962.663999999999,0,5,602,Germany,Female,PLATINUM,0
772,36,3,112029.83,1,1,1,261742.69,0,2,776,Spain,Male,SILVER,0
652,31,2,119148.55,1,0,0,209651.308,0,1,718,Germany,Male,PLATINUM,0
645,37,2,136925.09,2,0,1,214775.33599999998,0,3,739,Germany,Female,PLATINUM,0
653,44,8,0.0,2,1,1,216510.60799999998,0,3,382,Germany,Male,PLATINUM,0
808,39,3,124216.93,1,0,1,240034.30399999997,0,5,471,Germany,Male,SILVER,0
590,32,0,127763.24,1,1,0,141019.55599999998,0,2,417,Germany,Female,DIAMOND,0
625,43,8,201696.07,1,1,0,186244.25999999998,1,4,538,Germany,Male,GOLD,1
642,18,5,111183.53,2,0,1,14104.25,0,5,642,Germany,Male,GOLD,0
689,73,1,108555.07,1,0,1,235171.80999999997,0,1,623,Spain,Male,PLATINUM,0
674,31,1,0.0,1,1,0,180550.66999999998,0,2,778,France,Female,SILVER,0
604,41,3,0.0,1,0,0,16562.775999999998,0,4,536,Spain,Male,PLATINUM,0
604,28,7,0.0,2,0,0,82048.896,0,3,223,France,Male,SILVER,0
738,37,8,100565.94,1,1,1,180334.804,0,3,503,Spain,Female,DIAMOND,0
584,36,4,82696.09,2,0,0,116296.396,0,5,925,Spain,Male,PLATINUM,0
722,47,2,88011.4,1,1,1,126933.31599999999,1,3,691,Germany,Female,SILVER,1
615,29,7,143330.56,2,1,1,176969.414,0,1,229,Spain,Female,DIAMOND,0
478,35,1,92474.05,1,1,0,250091.498,0,1,219,France,Male,SILVER,0
819,38,9,122334.26,2,1,1,254125.416,0,1,586,France,Male,SILVER,0
714,44,7,0.0,1,0,1,9707.354,0,2,902,Spain,Male,DIAMOND,0
644,34,9,112746.54,2,0,0,197737.098,0,3,615,Germany,Male,DIAMOND,0
594,23,5,156267.59,1,1,0,225370.816,0,2,871,France,Male,GOLD,0
583,31,4,158978.79,1,1,0,17569.487999999998,0,4,862,France,Female,DIAMOND,0
698,56,1,112414.81,2,0,0,131589.828,1,4,257,Germany,Male,DIAMOND,1
511,40,9,124401.6,1,1,0,278354.936,1,1,946,Germany,Female,DIAMOND,1
579,39,5,117833.3,3,0,0,8178.4,1,3,778,Germany,Female,GOLD,1
619,45,0,0.0,2,0,0,159118.55999999997,0,4,315,Spain,Female,SILVER,0
850,35,2,0.0,2,1,1,79803.324,0,5,288,France,Male,DIAMOND,0
457,38,7,164496.99,1,1,1,228673.17799999999,0,3,929,France,Female,SILVER,0
780,34,5,94108.54,2,1,0,248144.29399999997,0,5,581,Germany,Male,PLATINUM,0
673,40,5,137494.28,1,1,0,114470.488,0,1,748,Germany,Female,SILVER,0
594,38,7,96858.35,1,1,0,108531.02999999998,0,1,797,Spain,Female,DIAMOND,0
777,43,1,0.0,2,1,0,30515.273999999998,0,2,984,France,Male,GOLD,0
745,31,3,124328.84,1,1,1,196647.12799999997,0,5,924,Spain,Female,GOLD,0
629,32,3,0.0,2,1,1,21581.496,0,1,601,Spain,Male,SILVER,0
526,61,6,133845.28,2,1,1,63268.12,0,1,592,Germany,Male,GOLD,0
464,33,8,164284.72,2,1,1,5209.476,0,4,406,Germany,Male,GOLD,0
707,40,3,109628.44,1,1,0,265127.442,0,2,361,Germany,Female,PLATINUM,0
761,27,8,0.0,2,1,0,88631.77999999998,0,5,494,Spain,Male,SILVER,0
753,36,7,128518.98,1,1,1,62409.962,1,4,358,Germany,Female,PLATINUM,1
770,33,4,0.0,1,1,0,36527.756,1,4,577,Germany,Female,DIAMOND,1
556,39,9,89588.35,1,1,1,132872.34,0,1,827,France,Female,DIAMOND,0
756,31,10,122647.32,1,0,0,86348.618,0,1,280,Germany,Male,GOLD,0
835,25,7,0.0,2,1,1,116844.50999999998,0,3,343,Germany,Male,SILVER,0
811,39,7,0.0,2,1,1,248542.146,0,3,363,Spain,Male,GOLD,0
542,35,2,174894.53,1,1,1,31255.369999999995,0,4,380,Spain,Male,DIAMOND,0
644,37,2,186347.97,2,1,0,129948.62199999999,0,4,499,Germany,Male,SILVER,0
688,46,8,155681.72,1,1,0,36817.094,0,3,984,Spain,Female,SILVER,0
601,40,3,92055.36,1,0,1,230527.82799999998,1,5,543,Germany,Female,GOLD,1
438,59,7,127197.14,1,1,0,72207.372,1,2,550,Germany,Male,PLATINUM,1
691,35,6,0.0,2,0,1,249268.438,0,4,686,Spain,Male,GOLD,0
731,52,10,0.0,1,1,1,35013.25,1,1,333,France,Female,DIAMOND,1
553,53,5,127997.83,1,1,0,231545.12399999998,1,2,775,Germany,Male,SILVER,1
636,45,3,0.0,2,1,1,223264.31999999998,0,3,306,Spain,Male,GOLD,0
590,37,1,0.0,2,0,0,186965.38599999997,0,2,930,Spain,Male,GOLD,0
669,22,10,0.0,2,1,0,246644.23599999998,0,3,408,Spain,Male,PLATINUM,0
538,40,8,0.0,2,1,1,35791.159999999996,0,1,879,Spain,Male,DIAMOND,0
650,41,3,128808.65,3,0,0,159163.542,1,2,676,Spain,Male,DIAMOND,1
662,38,0,105271.56,1,0,1,251781.83,0,1,539,France,Male,GOLD,0
520,38,5,0.0,2,1,0,228475.064,0,3,651,Germany,Male,SILVER,0
798,49,5,132571.67,1,1,1,44375.862,1,2,863,Germany,Female,DIAMOND,1
675,34,10,84944.58,1,0,0,204737.88199999998,0,1,248,Germany,Female,PLATINUM,0
850,37,4,137204.77,1,1,1,40426.826,0,5,687,Spain,Male,DIAMOND,0
667,48,1,97133.92,2,0,0,158658.478,1,5,736,Germany,Female,GOLD,1
788,49,4,137455.99,1,1,0,257864.606,1,1,423,Germany,Female,SILVER,1
714,35,3,0.0,2,1,1,133887.592,0,2,253,Germany,Male,PLATINUM,0
604,36,10,113546.3,1,1,1,188840.51799999998,0,1,582,Germany,Male,DIAMOND,0
694,39,3,0.0,1,1,1,133890.042,0,3,550,Spain,Male,SILVER,0
558,32,1,108262.87,1,1,1,9724.434,0,3,259,Germany,Female,PLATINUM,0
555,48,3,142055.41,2,0,1,110803.692,0,3,263,Germany,Male,SILVER,0
727,46,3,115248.11,4,1,0,183067.81399999998,1,3,343,Germany,Male,DIAMOND,1
682,52,5,112670.48,1,1,0,29534.237999999994,1,5,336,Germany,Female,PLATINUM,1
714,28,6,122724.37,1,1,1,93895.178,0,1,892,France,Male,DIAMOND,0
687,35,1,110752.15,2,1,1,67104.708,0,5,529,France,Female,GOLD,0
596,20,3,187294.46,1,1,0,144854.058,0,4,719,Spain,Male,DIAMOND,0
497,41,9,0.0,1,0,0,30919.271999999997,0,1,1000,Germany,Male,PLATINUM,0
506,32,8,0.0,2,0,1,255784.91999999995,0,4,671,Spain,Male,DIAMOND,0
794,31,0,144880.34,2,0,1,245915.816,0,3,542,Spain,Male,PLATINUM,0
812,49,8,66079.45,2,0,0,128194.198,1,5,632,Spain,Female,GOLD,1
634,36,1,0.0,1,1,1,201560.008,0,3,972,Spain,Female,GOLD,0
719,44,2,0.0,2,1,0,275230.066,0,5,660,Spain,Male,GOLD,0
652,40,8,84390.8,2,0,1,151041.68,0,4,306,Germany,Female,SILVER,0
678,54,1,123699.28,2,0,1,147325.46399999998,0,1,664,Germany,Female,GOLD,0
674,18,7,0.0,2,1,1,78069.368,1,5,603,France,Male,DIAMOND,1
663,30,4,0.0,3,1,0,141934.47,0,1,604,Spain,Male,DIAMOND,0
625,22,9,0.0,2,1,0,219917.074,0,2,599,France,Male,PLATINUM,0
694,38,7,121527.4,1,1,0,158888.42799999999,0,4,582,Spain,Male,PLATINUM,0
779,55,0,133295.98,1,1,0,31980.793999999998,1,2,384,Spain,Female,DIAMOND,1
445,45,10,0.0,2,0,1,127383.47199999998,0,1,797,Spain,Male,SILVER,0
712,42,1,87842.98,1,0,0,129128.02599999998,0,4,927,Germany,Female,PLATINUM,0
531,44,3,0.0,2,1,1,48198.506,0,5,924,Germany,Male,PLATINUM,0
752,44,6,83870.33,1,1,0,250226.13599999997,0,3,238,Spain,Male,SILVER,0
704,47,5,0.0,2,1,1,203489.05399999997,0,4,308,Germany,Male,GOLD,0
670,50,8,138340.06,1,0,1,4437.8099999999995,0,1,603,France,Female,SILVER,0
701,36,8,0.0,2,1,0,236841.04399999997,0,2,689,Spain,Male,DIAMOND,0
676,48,1,131659.59,2,0,1,19828.01,0,5,438,Spain,Male,DIAMOND,0
474,37,3,98431.37,1,0,0,105992.81599999999,0,4,972,Germany,Male,DIAMOND,0
733,39,1,0.0,2,1,1,198592.83399999997,0,5,367,Germany,Male,SILVER,0
750,43,6,113882.31,1,1,1,104405.174,0,5,526,France,Male,SILVER,0
850,70,5,0.0,1,1,1,1002.2519999999998,0,1,283,Spain,Female,DIAMOND,0
554,26,8,149134.46,1,1,1,249167.73599999998,0,1,631,Spain,Male,SILVER,0
635,34,3,134692.4,2,1,1,117297.228,0,4,246,France,Male,PLATINUM,0
735,34,5,0.0,2,0,0,99548.574,0,1,898,Spain,Male,PLATINUM,0
461,35,8,0.0,1,1,0,185229.33000000002,0,3,963,Spain,Female,SILVER,0
773,52,4,0.0,1,0,1,201773.788,0,4,748,Germany,Male,SILVER,0
646,30,5,0.0,2,1,0,19524.447999999997,0,3,786,Germany,Female,DIAMOND,0
573,26,4,129109.02,1,0,0,209755.55199999997,1,4,743,Germany,Female,PLATINUM,1
758,35,5,0.0,2,1,0,133028.44,0,5,921,Spain,Male,SILVER,0
700,27,6,137963.07,1,0,0,12610.506000000001,0,1,781,France,Female,GOLD,0
850,36,2,155180.56,2,0,0,237196.756,0,2,419,Spain,Female,DIAMOND,0
742,44,8,107926.02,1,0,1,24340.378,1,1,696,Germany,Female,DIAMOND,1
556,36,7,154872.08,2,1,1,44877.496,0,2,554,Germany,Male,GOLD,0
713,26,4,122857.46,2,1,0,202570.038,1,1,709,Spain,Female,PLATINUM,1
724,28,5,0.0,1,1,0,83107.352,0,4,697,France,Female,DIAMOND,0
591,27,5,107812.67,1,0,1,227517.56199999998,1,2,792,Spain,Female,SILVER,1
684,34,6,0.0,2,1,1,183314.508,0,3,372,France,Female,SILVER,0
555,42,6,107104.5,1,1,1,57841.216,1,4,824,Germany,Male,PLATINUM,1
659,54,8,133436.52,1,1,0,79517.92,0,4,344,France,Male,DIAMOND,0
459,26,4,149879.66,1,0,0,70037.63799999999,0,1,872,France,Male,DIAMOND,0
696,51,5,0.0,2,1,0,77046.402,0,4,509,Spain,Female,SILVER,0
633,30,2,109786.82,2,1,1,195612.93399999998,0,2,778,Germany,Male,PLATINUM,0
760,38,6,162888.73,1,1,0,127553.26399999998,1,2,528,Germany,Male,GOLD,1
812,32,5,133050.97,2,1,0,125155.28799999999,0,2,240,Germany,Male,SILVER,0
595,30,9,130682.11,2,1,1,81023.03199999999,0,2,632,Germany,Male,DIAMOND,0
663,22,6,0.0,2,0,1,184573.00999999998,0,4,476,France,Male,PLATINUM,0
637,63,5,0.0,1,1,0,39344.878,1,1,252,Germany,Female,PLATINUM,1
464,37,4,155994.15,1,0,0,201146.61599999998,0,4,772,Germany,Male,PLATINUM,0
543,42,7,0.0,1,1,1,79325.658,0,5,716,Germany,Male,SILVER,0
502,32,1,173340.83,1,0,1,171884.53,0,1,434,Germany,Female,PLATINUM,0
669,50,4,149713.61,3,1,1,174836.38799999998,1,4,329,Germany,Male,PLATINUM,1
683,36,5,115350.63,1,1,1,171243.274,0,5,398,Germany,Male,DIAMOND,0
550,22,7,139096.85,1,1,0,181862.316,0,4,975,Germany,Female,DIAMOND,0
850,43,2,125510.82,1,1,1,110732.74,0,5,425,Spain,Female,GOLD,0
762,53,1,102520.37,1,1,1,238288.55999999997,0,2,876,France,Male,SILVER,0
744,44,5,120654.68,1,1,0,115222.13399999999,0,4,790,Spain,Male,DIAMOND,0
760,39,6,178585.46,1,1,0,93998.81999999999,1,3,790,France,Male,DIAMOND,1
612,26,4,0.0,2,1,1,251708.03599999996,0,2,516,Spain,Female,GOLD,0
687,33,9,135962.4,2,1,0,170462.144,0,1,493,Germany,Male,PLATINUM,0
548,33,1,80107.83,2,0,1,115158.938,0,3,524,France,Female,GOLD,0
545,37,9,95829.13,2,0,1,146926.63199999998,0,5,406,Germany,Male,GOLD,0
615,51,6,81818.49,1,1,1,236824.13199999998,0,3,454,Spain,Male,SILVER,0
534,27,9,0.0,2,1,0,225896.782,0,2,925,France,Male,PLATINUM,0
613,34,3,0.0,1,1,1,58429.608,0,2,474,Spain,Male,GOLD,0
848,40,3,110929.96,1,1,1,43242.576,0,3,844,Spain,Male,GOLD,0
698,47,5,156265.31,2,0,0,1492.924,0,1,630,Germany,Male,SILVER,0
658,24,2,0.0,2,1,1,118587.286,0,3,698,France,Female,PLATINUM,0
653,43,6,0.0,2,1,1,10277.826,0,5,848,France,Female,DIAMOND,0
645,49,8,0.0,2,1,0,226832.63999999998,0,4,503,Spain,Male,DIAMOND,0
837,29,9,0.0,2,1,1,58627.763999999996,0,4,374,Germany,Female,SILVER,0
689,34,1,165312.27,1,1,0,217708.88199999998,0,3,326,France,Male,DIAMOND,0
701,41,2,0.0,1,1,0,67014.492,0,4,916,Germany,Female,GOLD,0
608,47,6,0.0,1,1,1,176432.598,0,5,725,Germany,Female,SILVER,0
789,32,7,69423.52,1,1,0,150514.14599999998,0,2,666,Germany,Female,SILVER,0
757,31,1,127320.36,3,1,0,228453.448,0,5,892,Germany,Male,PLATINUM,0
554,44,7,85304.27,1,1,1,81322.128,0,4,895,Germany,Male,GOLD,0
557,48,10,0.0,2,1,1,259147.272,0,5,933,Spain,Male,PLATINUM,0
711,36,8,0.0,2,1,0,77305.374,0,3,410,Spain,Male,GOLD,0
685,40,7,0.0,2,1,0,145473.02599999998,0,2,858,Germany,Female,PLATINUM,0
734,37,0,152760.24,1,1,1,68601.7,0,4,763,Spain,Female,DIAMOND,0
508,60,7,143262.04,1,1,1,181402.836,0,3,727,France,Female,GOLD,0
554,44,9,135814.7,2,0,0,161142.932,0,4,494,France,Female,SILVER,0
565,38,5,0.0,2,0,1,112897.448,0,5,441,Germany,Male,PLATINUM,0
501,34,3,107747.57,1,1,0,12964.104,0,5,396,France,Female,GOLD,0
527,35,8,0.0,1,1,0,137259.142,1,4,277,Spain,Female,GOLD,1
686,34,9,0.0,2,1,0,178612.72,0,3,358,Spain,Male,SILVER,0
592,38,0,0.0,1,1,0,92396.07199999999,1,1,354,Spain,Male,GOLD,1
584,50,1,0.0,1,0,1,213609.84999999998,1,2,290,Spain,Female,SILVER,1
597,35,9,0.0,3,0,1,102468.946,1,3,601,Spain,Male,DIAMOND,1
753,47,1,131160.85,1,1,0,276437.566,0,3,482,Germany,Female,DIAMOND,0
643,34,7,0.0,2,0,1,140440.782,0,5,520,Germany,Male,DIAMOND,0
512,51,6,144953.31,1,1,1,231064.238,0,2,339,France,Male,PLATINUM,0
671,38,6,132129.72,1,0,1,106511.52999999998,0,1,593,Germany,Female,SILVER,0
747,58,7,116313.57,1,1,1,266989.89,1,3,844,Germany,Male,PLATINUM,1
444,40,5,84350.07,1,1,0,201385.064,0,2,580,Germany,Female,GOLD,0
614,43,6,0.0,2,1,1,152673.142,0,1,318,France,Female,PLATINUM,0
680,25,4,123816.5,1,1,1,126242.29,0,2,546,France,Female,GOLD,0
551,31,1,0.0,2,1,1,259162.61599999998,0,4,275,France,Male,SILVER,0
682,36,5,0.0,2,1,1,206876.914,0,5,628,Spain,Male,GOLD,0
641,51,2,117306.69,4,1,1,37692.808,1,4,300,Germany,Female,DIAMOND,1
550,33,4,118400.91,1,0,1,19614.496,1,3,362,Germany,Male,PLATINUM,1
674,28,3,0.0,1,1,0,72166.786,0,5,409,France,Female,PLATINUM,0
571,32,5,131354.25,1,1,0,175374.142,0,1,607,France,Male,PLATINUM,0
776,29,7,178171.04,2,1,1,162160.914,0,5,977,Germany,Female,DIAMOND,0
613,43,10,120481.69,1,0,0,132840.042,1,1,333,Germany,Female,DIAMOND,1
761,31,7,0.0,3,1,1,233392.45199999996,0,5,753,Germany,Male,GOLD,0
850,66,0,127120.62,1,0,1,166516.49599999998,1,1,617,Germany,Female,PLATINUM,1
481,34,5,0.0,2,1,1,175369.844,0,4,848,Germany,Female,PLATINUM,0
531,29,3,114590.58,1,0,0,105834.67199999999,0,5,429,Germany,Male,DIAMOND,0
650,50,7,129667.77,1,0,0,58854.424,0,5,485,Spain,Female,PLATINUM,0
466,29,6,0.0,2,1,1,3931.178,0,2,824,Germany,Male,GOLD,0
802,40,5,0.0,2,1,1,245076.166,0,4,332,Spain,Male,GOLD,0
655,46,7,137145.12,1,1,0,161219.96,1,4,591,Germany,Female,GOLD,1
642,36,6,0.0,2,1,1,137129.02599999998,0,4,285,Spain,Female,PLATINUM,0
487,37,6,0.0,2,1,1,177083.37399999998,0,2,701,Germany,Male,SILVER,0
594,27,0,197041.8,1,0,0,212692.48599999998,0,2,690,Germany,Male,PLATINUM,0
715,41,8,56214.85,2,0,0,130190.654,1,4,790,France,Female,GOLD,1
605,19,8,166133.28,1,1,1,151207.986,0,5,870,Germany,Male,DIAMOND,0
543,42,4,89838.71,3,1,0,120391.95599999998,1,3,660,Germany,Male,DIAMOND,1
742,33,0,181656.51,1,1,1,150750.074,0,1,288,Germany,Male,SILVER,0
627,27,2,0.0,2,1,0,175646.414,0,3,402,France,Female,DIAMOND,0
699,53,4,0.0,2,0,1,155846.172,0,1,513,France,Male,PLATINUM,0
616,36,6,132311.71,1,0,0,21662.976,0,2,268,Spain,Female,SILVER,0
680,31,1,0.0,2,1,1,4422.48,0,2,442,Germany,Male,GOLD,0
637,36,9,166939.88,1,1,1,101521.66399999999,0,1,454,Germany,Female,PLATINUM,0
490,48,8,155413.06,1,1,0,263104.81999999995,0,3,319,Spain,Female,GOLD,0
436,43,5,0.0,2,1,1,49977.401999999995,0,5,557,Spain,Male,DIAMOND,0
844,40,7,113348.14,1,1,0,44681.034,1,4,326,France,Male,SILVER,1
509,38,2,0.0,1,0,0,235859.16799999998,0,2,450,Spain,Male,GOLD,0
685,38,4,111798.06,2,1,1,143073.524,0,2,416,Germany,Male,SILVER,0
499,42,0,147187.84,1,1,1,20831.516,1,5,662,Spain,Female,SILVER,1
711,29,3,130181.47,2,1,0,44551.015999999996,0,5,719,France,Female,SILVER,0
647,32,9,80958.36,1,1,1,180042.022,0,4,540,Spain,Male,GOLD,0
446,25,3,136202.78,1,1,0,247455.914,0,4,610,Germany,Male,GOLD,0
660,26,4,115021.76,1,0,1,227435.26999999996,0,1,573,Germany,Male,GOLD,0
726,31,9,0.0,2,1,1,148579.22,0,3,624,Germany,Male,GOLD,0
717,22,5,112465.06,1,1,1,130183.84999999999,0,3,250,Germany,Female,DIAMOND,0
786,37,7,165896.22,2,1,1,93783.75199999998,0,1,568,France,Male,GOLD,0
614,49,1,0.0,2,1,0,269431.756,0,1,449,France,Male,DIAMOND,0
493,54,3,167831.88,2,1,0,210238.93,1,5,591,Germany,Male,PLATINUM,1
764,29,5,0.0,2,1,0,92230.59199999999,0,4,275,Spain,Male,DIAMOND,0
670,37,4,170557.91,2,1,0,277569.032,0,5,729,Germany,Male,GOLD,0
695,36,2,0.0,2,0,1,234864.356,0,3,463,France,Female,SILVER,0
738,37,7,140950.92,2,1,0,273482.572,0,5,865,Germany,Male,SILVER,0
776,43,4,0.0,2,0,1,227007.5,0,1,228,Germany,Female,DIAMOND,0
571,41,8,0.0,1,1,1,89245.63799999999,0,4,681,France,Male,SILVER,0
554,34,8,0.0,1,0,1,149788.44199999998,0,4,539,Spain,Female,DIAMOND,0
578,50,5,151215.34,2,1,0,237741.15999999997,0,4,623,Germany,Male,PLATINUM,0
588,34,6,121132.26,2,1,0,121059.39199999999,0,3,468,Spain,Male,DIAMOND,0
649,37,9,87374.88,2,1,1,361.304,0,1,245,France,Male,PLATINUM,0
707,33,2,0.0,2,0,0,183228.72999999998,0,4,993,Germany,Male,GOLD,0
672,40,4,89025.88,2,1,0,264464.066,0,1,955,Germany,Male,GOLD,0
498,42,3,152039.7,1,1,1,74838.238,1,3,790,Germany,Male,GOLD,1
725,43,2,165896.0,2,1,0,183128.728,0,2,527,Germany,Male,SILVER,0
701,42,6,86167.82,1,1,0,214694.332,0,5,958,France,Female,DIAMOND,0
706,23,5,0.0,1,0,0,229794.77399999998,1,2,620,Germany,Female,GOLD,1
615,59,4,155766.05,1,1,1,154400.23799999998,0,1,306,Spain,Male,DIAMOND,0
516,47,9,128298.74,1,0,0,209474.83800000002,1,1,630,Germany,Female,SILVER,1
633,37,7,141546.35,1,1,1,174777.15399999998,0,3,530,France,Male,GOLD,0
407,37,1,0.0,1,1,1,68840.568,1,1,900,Spain,Male,GOLD,1
732,48,4,102962.62,1,1,0,169208.99,1,3,287,Germany,Female,DIAMOND,1
825,32,1,0.0,2,1,1,60124.21,0,1,359,Spain,Female,PLATINUM,0
850,36,7,102800.72,1,1,1,122308.40199999999,0,1,471,Germany,Male,DIAMOND,0
684,35,6,135871.5,1,1,1,122122.174,0,5,353,Germany,Male,DIAMOND,0
587,49,7,155393.98,2,1,0,18646.48,1,1,318,Germany,Female,DIAMOND,1
807,43,0,0.0,2,0,1,119747.536,0,5,660,Spain,Female,PLATINUM,0
524,22,9,0.0,2,1,0,104182.476,0,5,992,France,Male,SILVER,0
674,26,6,166257.96,1,1,1,209132.174,0,1,870,France,Male,PLATINUM,0
617,24,4,137295.19,2,1,1,127688.16799999999,0,1,598,France,Female,PLATINUM,0
616,31,7,76665.71,2,1,1,229347.71199999997,0,3,468,Spain,Male,GOLD,0
701,37,8,130091.5,1,1,1,168058.80599999998,0,1,902,Germany,Male,PLATINUM,0
710,22,8,0.0,2,0,0,139518.05599999998,0,4,289,Spain,Male,SILVER,0
678,34,6,0.0,2,1,1,174444.976,0,2,516,France,Female,GOLD,0
837,26,4,89900.24,2,1,0,245682.84199999998,0,2,265,France,Male,DIAMOND,0
683,26,7,0.0,2,1,0,121282.678,0,4,687,France,Female,DIAMOND,0
628,39,8,107553.33,1,1,0,164547.774,0,4,256,Spain,Female,DIAMOND,0
790,31,2,151290.16,1,1,1,241426.96799999996,0,1,790,Germany,Female,DIAMOND,0
614,39,3,151914.93,1,0,0,79058.23,0,4,293,Spain,Male,PLATINUM,0
698,40,8,150777.1,1,1,0,160640.66799999998,0,3,981,Germany,Female,GOLD,0
581,54,2,152508.99,1,1,0,262652.172,1,1,783,Germany,Female,SILVER,1
535,50,1,140292.58,3,0,0,97358.708,1,2,315,Spain,Female,GOLD,1
536,44,4,121898.82,1,0,0,183425.05199999997,0,2,763,Germany,Female,GOLD,0
538,39,2,122773.5,2,1,1,81868.912,0,5,419,Spain,Male,PLATINUM,0
478,43,1,0.0,2,1,1,277098.002,0,5,303,Spain,Male,DIAMOND,0
850,35,2,80931.75,1,0,0,17710.538,1,2,983,Germany,Female,DIAMOND,1
762,35,1,117458.51,1,0,1,249721.072,1,4,222,Germany,Male,DIAMOND,1
434,55,8,109339.17,2,1,0,134983.232,1,3,629,Germany,Male,GOLD,1
560,28,1,0.0,2,1,1,169248.008,0,3,451,Spain,Female,SILVER,0
635,58,1,0.0,1,1,1,82484.912,1,1,318,Germany,Female,DIAMOND,1
794,35,6,0.0,2,1,1,96238.274,0,3,934,Germany,Male,GOLD,0
720,45,1,102882.4,2,1,1,49901.409999999996,1,3,219,France,Female,DIAMOND,1
726,44,2,0.0,2,1,1,37442.403999999995,0,3,655,France,Female,SILVER,0
637,43,1,135645.29,2,0,1,141951.004,1,5,823,Germany,Male,GOLD,1
627,40,10,0.0,2,1,1,272724.388,0,5,545,Spain,Male,GOLD,0
557,32,6,184686.41,2,1,0,20954.016,0,3,299,Germany,Female,GOLD,0
529,31,6,0.0,1,1,0,14891.274,0,4,491,Spain,Male,DIAMOND,0
658,29,8,0.0,2,0,1,182660.52599999998,0,5,694,France,Female,DIAMOND,0
606,33,8,0.0,2,1,1,88462.47799999999,0,2,640,Spain,Male,DIAMOND,0
523,45,5,0.0,2,1,1,170014.47999999998,0,2,386,France,Male,SILVER,0
799,38,2,0.0,2,1,1,83031.27599999998,0,1,780,Spain,Male,DIAMOND,0
683,24,8,98567.1,1,1,0,263196.814,0,1,987,Spain,Female,SILVER,0
638,32,0,0.0,2,1,0,224196.98599999998,0,2,530,Germany,Female,SILVER,0
623,27,4,120509.81,1,0,0,199053.61599999998,0,2,408,Germany,Male,GOLD,0
651,37,9,114453.58,1,0,1,246164.27399999998,0,4,403,Germany,Male,SILVER,0
679,37,8,77373.87,2,0,1,244837.32599999997,0,2,720,Germany,Female,GOLD,0
707,33,8,136678.52,1,1,0,76021.868,0,4,842,France,Male,SILVER,0
729,39,4,121404.64,1,1,1,223480.438,0,3,797,France,Male,GOLD,0
747,42,4,80214.36,1,1,0,161353.744,1,5,387,Germany,Male,SILVER,1
587,36,1,134997.49,2,1,0,62578.312,0,1,675,France,Female,PLATINUM,0
672,21,3,165878.76,2,1,1,230367.038,0,2,412,Germany,Female,DIAMOND,0
649,52,8,49113.75,1,1,0,58616.801999999996,0,1,673,France,Female,SILVER,0
602,42,1,138912.17,1,1,1,195307.65,0,1,759,Spain,Female,GOLD,0
845,41,2,81733.74,2,0,0,279680.806,0,1,359,Germany,Female,DIAMOND,0
678,36,6,118448.15,2,1,0,74455.828,0,3,761,Germany,Male,GOLD,0
781,20,0,125023.1,2,1,1,151637.03,0,3,295,France,Male,PLATINUM,0
621,51,4,109978.83,1,0,0,248851.81199999998,1,3,387,Germany,Male,SILVER,1
695,34,9,0.0,2,1,1,94517.968,0,1,774,Spain,Female,GOLD,0
751,30,6,0.0,2,1,0,22087.54,0,2,633,France,Female,DIAMOND,0
679,34,7,121063.85,1,1,0,79793.412,0,1,564,Germany,Female,GOLD,0
487,53,10,89550.85,1,0,1,126122.59,0,3,575,France,Female,SILVER,0
665,29,1,182781.74,2,1,1,89241.06,0,4,943,Spain,Male,GOLD,0
691,37,9,149405.18,1,1,1,204991.24,0,5,562,France,Male,DIAMOND,0
690,32,2,76087.98,1,0,1,212566.724,0,1,308,Spain,Male,PLATINUM,0
536,23,6,92366.72,2,1,0,168941.394,0,2,733,Germany,Male,DIAMOND,0
746,32,4,0.0,2,1,1,102088.65,0,3,468,Germany,Female,DIAMOND,0
721,37,3,107720.64,1,1,1,222042.56799999997,0,1,478,Germany,Male,PLATINUM,0
711,21,0,82844.33,2,0,1,1987.152,0,1,310,France,Female,SILVER,0
638,37,7,124513.66,2,1,0,222070.246,0,4,705,Germany,Female,PLATINUM,0
615,45,5,0.0,2,1,1,230856.296,0,4,537,Germany,Male,DIAMOND,0
644,30,5,44928.88,1,1,1,15095.043999999998,0,4,528,France,Male,PLATINUM,0
660,30,7,146301.31,1,0,0,135602.074,0,1,950,Germany,Male,PLATINUM,0
573,52,8,0.0,2,0,1,249535.656,0,2,481,France,Male,SILVER,0
589,19,9,83495.11,1,1,1,200246.234,1,4,747,Germany,Female,GOLD,1
516,50,5,0.0,1,0,1,204619.30199999997,1,5,509,Spain,Male,GOLD,1
534,35,2,81951.74,2,1,0,161950.94199999998,0,2,636,Germany,Male,DIAMOND,0
682,81,6,122029.15,1,1,1,71112.43199999999,0,4,526,Germany,Male,PLATINUM,0
648,32,8,157138.99,3,1,0,267407.272,1,5,984,Germany,Female,PLATINUM,1
809,42,6,64497.94,3,0,1,255426.53399999999,1,5,883,Germany,Female,PLATINUM,1
707,40,5,0.0,2,1,0,57488.948,0,2,763,Germany,Female,DIAMOND,0
553,37,2,0.0,2,1,0,47443.206,0,1,461,Germany,Male,SILVER,0
740,44,9,0.0,1,0,1,135154.19999999998,1,2,703,France,Male,DIAMOND,1
604,27,9,101352.78,1,0,0,42368.219999999994,0,2,799,Spain,Male,DIAMOND,0
619,38,10,119658.49,1,1,1,12120.212,0,2,412,Spain,Female,SILVER,0
498,46,1,91857.66,1,1,0,142751.69199999998,1,5,660,France,Male,GOLD,1
681,38,2,99811.44,2,1,0,32959.1,0,1,568,Spain,Male,DIAMOND,0
675,57,8,0.0,2,0,1,133663.60599999997,0,3,632,Germany,Female,SILVER,0
791,36,6,111168.97,1,1,1,265972.874,0,1,741,France,Male,DIAMOND,0
746,36,2,0.0,2,1,1,23026.184,0,5,718,Spain,Male,DIAMOND,0
595,39,7,120962.13,1,0,0,32642.013999999996,0,3,359,France,Female,DIAMOND,0
573,37,6,0.0,2,1,0,271608.518,0,4,326,Germany,Female,PLATINUM,0
804,55,7,0.0,2,1,1,166268.63999999998,0,5,914,France,Male,SILVER,0
706,30,6,87609.68,2,0,0,192759.36999999997,1,4,643,Spain,Male,SILVER,1
637,33,5,0.0,2,1,0,195941.038,0,5,241,Germany,Male,SILVER,0
734,37,2,130404.92,1,0,0,48383.236,0,2,434,Spain,Female,DIAMOND,0
625,39,5,0.0,1,1,0,139736.218,0,5,520,Germany,Male,GOLD,0
730,41,4,167545.32,1,1,0,179560.53399999999,0,3,474,France,Female,DIAMOND,0
559,46,5,0.0,1,1,0,29423.539999999997,1,1,486,Germany,Female,DIAMOND,1
653,37,3,125734.2,2,1,0,188490.126,1,1,389,Germany,Female,DIAMOND,1
601,35,8,71553.83,1,1,0,248353.23,0,4,448,Germany,Male,DIAMOND,0
685,57,7,101868.51,1,0,1,158892.544,0,4,911,Germany,Male,DIAMOND,0
519,21,1,151701.45,3,1,1,238209.15199999997,1,1,623,Germany,Female,SILVER,1
603,43,5,127823.93,1,1,1,27291.689999999995,0,1,711,France,Male,SILVER,0
695,46,4,0.0,2,1,1,192567.10799999998,0,2,499,France,Male,PLATINUM,0
596,39,10,86546.29,1,0,1,184491.57200000001,0,3,890,France,Female,DIAMOND,0
615,39,5,113193.51,2,1,1,73047.75,0,4,624,Germany,Male,PLATINUM,0
638,34,6,114543.27,1,1,1,136872.406,0,4,613,France,Male,DIAMOND,0
656,40,2,0.0,2,1,1,252789.872,0,1,409,France,Male,SILVER,0
586,51,2,138553.57,1,1,1,129383.708,0,4,832,France,Male,DIAMOND,0
850,81,1,0.0,2,1,1,83410.536,0,3,886,Germany,Female,GOLD,0
673,51,8,79563.36,2,1,1,241096.27399999998,0,3,419,Germany,Male,PLATINUM,0
729,32,9,0.0,2,0,0,211139.816,0,4,282,France,Female,GOLD,0
621,43,8,0.0,1,0,0,143944.24,0,1,590,Spain,Female,DIAMOND,0
823,46,3,81576.75,1,1,1,39734.33,1,1,621,Spain,Female,SILVER,1
596,67,6,0.0,2,1,1,193706.03599999996,0,3,727,Spain,Male,PLATINUM,0
576,19,6,0.0,2,0,0,101243.498,0,2,600,Spain,Male,GOLD,0
560,38,5,83714.41,1,1,1,46559.358,0,4,289,Germany,Female,SILVER,0
700,40,4,148571.07,1,1,0,265772.74399999995,1,2,266,Germany,Female,SILVER,1
803,33,6,0.0,2,1,0,161962.254,0,4,416,Germany,Male,SILVER,0
645,45,6,155417.61,1,0,1,4843.907999999999,0,3,810,Germany,Male,PLATINUM,0
604,39,7,98544.11,1,1,1,73273.598,0,2,668,Spain,Female,PLATINUM,0
662,34,2,0.0,2,0,1,30111.178,0,4,892,France,Male,GOLD,0
610,45,1,0.0,2,1,1,279535.44399999996,0,3,571,Germany,Female,DIAMOND,0
679,47,10,198546.1,2,1,0,267693.488,1,5,694,Germany,Male,SILVER,1
574,34,5,0.0,2,0,0,39592.804,0,5,626,Spain,Male,DIAMOND,0
606,34,5,0.0,1,1,0,226774.988,0,1,891,Germany,Male,SILVER,0
850,38,7,80293.98,1,0,0,177193.036,0,3,609,Germany,Male,SILVER,0
619,31,2,56116.3,2,0,0,3069.716,0,2,972,Germany,Female,GOLD,0
411,36,10,0.0,1,0,0,168987.09,0,2,329,France,Female,PLATINUM,0
570,18,4,82767.42,1,1,0,100551.65999999999,0,5,507,Germany,Female,SILVER,0
649,56,8,156974.26,1,1,0,125182.36399999999,1,4,927,France,Female,SILVER,1
503,38,1,0.0,2,1,1,133229.536,0,2,433,France,Male,DIAMOND,0
749,33,1,74385.98,1,1,0,28245.258,0,2,675,Germany,Female,DIAMOND,0
523,39,1,143903.11,1,1,1,166211.44999999998,1,1,732,Germany,Female,SILVER,1
726,35,9,0.0,2,0,1,140794.772,0,3,761,Spain,Female,PLATINUM,0
741,38,4,128015.83,1,1,0,81831.602,0,2,792,Germany,Male,GOLD,0
707,52,7,0.0,1,1,0,153579.348,1,1,533,Spain,Female,SILVER,1
715,35,2,141005.47,1,1,1,84586.102,0,1,674,France,Male,SILVER,0
540,39,4,127278.31,1,1,1,22625.476,0,3,572,Germany,Male,DIAMOND,0
717,53,6,0.0,2,0,1,136675.818,0,2,477,France,Male,DIAMOND,0
563,22,3,137583.04,1,0,1,8123.59,0,2,628,France,Male,SILVER,0
850,29,1,0.0,2,1,1,277210.31,0,3,534,Spain,Female,DIAMOND,0
558,56,7,121235.05,2,1,1,162769.34,0,4,801,Germany,Female,GOLD,0
757,33,1,122088.67,1,1,0,59628.52599999999,0,2,419,Germany,Male,DIAMOND,0
704,40,6,95452.89,1,0,1,251965.36999999997,0,1,701,Germany,Female,PLATINUM,0
850,55,10,98488.08,1,1,0,218246.398,1,4,814,France,Female,SILVER,1
608,41,3,89763.84,1,0,0,279041.63599999994,1,3,639,Spain,Female,PLATINUM,1
716,44,6,155114.9,1,0,0,187435.56199999998,0,5,682,France,Female,SILVER,0
725,33,4,0.0,1,1,1,95046.72,0,3,446,France,Female,DIAMOND,0
720,64,3,45752.78,2,1,0,111487.59199999999,1,4,608,Spain,Male,SILVER,1
511,40,1,0.0,1,1,1,257781.222,0,3,534,Spain,Female,PLATINUM,0
774,60,5,85891.55,1,1,0,103804.67199999999,1,5,540,France,Male,GOLD,1
660,38,4,0.0,2,0,0,123327.60199999998,0,3,490,Germany,Male,GOLD,0
828,34,9,0.0,2,1,1,114610.57199999999,0,5,766,Spain,Male,SILVER,0
739,58,1,110597.76,1,0,1,224186.724,1,2,831,Germany,Male,PLATINUM,1
677,36,10,68806.84,1,1,0,46320.335999999996,0,3,772,Germany,Female,GOLD,0
767,23,2,139542.82,1,0,1,39268.592,0,3,347,Germany,Male,DIAMOND,0
708,21,8,133974.36,2,1,0,70426.726,0,5,959,Germany,Male,GOLD,0
367,42,6,93608.28,1,1,0,236358.422,1,3,592,Spain,Male,PLATINUM,1
670,33,7,0.0,2,1,1,123477.934,0,2,241,France,Female,DIAMOND,0
615,32,5,138521.83,1,1,1,79670.93999999999,0,3,777,Spain,Male,SILVER,0
678,51,1,145751.03,1,0,0,153620.816,1,4,957,Germany,Female,DIAMOND,1
548,32,2,98986.28,1,1,1,78229.332,0,4,315,Germany,Male,DIAMOND,0
526,31,5,145537.21,1,1,0,185381.496,0,2,537,Germany,Male,GOLD,0
739,32,3,102128.27,1,1,0,89588.918,1,2,979,Germany,Male,DIAMOND,1
602,72,3,0.0,2,1,1,239779.924,0,3,219,Germany,Female,PLATINUM,0
696,60,8,88786.81,1,1,1,275616.75999999995,0,1,628,Spain,Male,PLATINUM,0
775,48,4,178144.91,2,0,0,70250.774,1,5,795,Spain,Male,DIAMOND,1
699,31,10,125837.86,2,1,0,265164.724,0,1,409,Germany,Female,DIAMOND,0
588,35,3,104356.38,1,1,0,132313.348,0,5,885,Germany,Male,GOLD,0
752,38,3,183102.29,1,1,1,100194.968,0,3,833,Germany,Male,SILVER,0
707,57,1,92053.0,1,1,1,229705.216,1,3,828,France,Female,DIAMOND,1
656,38,10,0.0,1,1,1,191145.548,0,1,894,Germany,Male,SILVER,0
728,38,1,115934.74,1,1,1,194697.66999999998,0,5,672,Germany,Male,GOLD,0
791,31,10,75499.24,1,1,0,31072.796,0,2,303,France,Female,GOLD,0
597,39,8,162532.14,3,1,0,50487.043999999994,1,2,699,Germany,Female,SILVER,1
655,59,7,0.0,1,1,0,124556.886,1,4,716,France,Female,DIAMOND,1
731,36,6,0.0,1,0,0,212994.70399999997,0,1,688,France,Female,PLATINUM,0
612,47,6,130024.87,1,1,1,64065.293999999994,1,4,705,Germany,Female,PLATINUM,1
716,41,8,126145.54,2,1,1,193286.666,0,5,992,Germany,Male,SILVER,0
603,26,4,109166.37,1,1,1,129991.938,0,3,882,Germany,Male,PLATINUM,0
703,29,3,122084.63,1,0,1,115968.712,0,2,712,Germany,Female,PLATINUM,0
575,29,4,121823.4,2,1,1,70531.418,0,4,435,Germany,Male,PLATINUM,0
547,25,4,98141.57,2,1,1,73248.72,0,2,837,Germany,Male,SILVER,0
813,27,6,111348.15,1,1,0,65006.443999999996,0,1,822,Germany,Male,SILVER,0
767,42,2,133616.39,1,1,0,40077.119999999995,0,5,584,Germany,Female,PLATINUM,0
629,35,8,112330.83,1,1,1,127416.428,0,3,556,Germany,Male,GOLD,0
794,22,4,114440.24,1,1,1,150869.298,0,4,226,Spain,Female,SILVER,0
620,37,0,107548.94,1,1,0,99661.31599999999,0,5,319,France,Male,GOLD,0
596,29,2,0.0,2,1,1,2242.6659999999997,0,2,224,Spain,Male,DIAMOND,0
574,33,3,134348.57,1,1,0,88444.586,0,4,596,Germany,Female,DIAMOND,0
603,45,9,0.0,1,0,0,207938.506,0,5,593,Germany,Male,PLATINUM,0
562,33,6,0.0,2,1,0,156241.49,0,3,933,France,Male,DIAMOND,0
564,24,6,149592.14,1,1,1,215295.51999999996,0,2,301,Spain,Female,GOLD,0
648,31,5,0.0,2,1,1,7293.628,0,2,980,Spain,Female,DIAMOND,0
632,37,1,138207.08,1,1,0,85104.35399999999,1,3,302,Spain,Male,DIAMOND,1
651,45,8,95922.9,1,1,0,118710.38799999999,1,2,591,Spain,Female,GOLD,1
541,40,7,95710.11,2,1,0,68703.788,0,1,834,Germany,Male,PLATINUM,0
676,36,1,82729.49,1,1,0,159349.16799999998,0,5,868,Spain,Male,GOLD,0
723,68,3,110357.0,1,0,0,198783.556,1,1,761,Germany,Female,PLATINUM,1
610,29,9,0.0,3,0,1,117492.136,0,5,691,Spain,Male,SILVER,0
538,68,9,0.0,2,1,0,154631.69999999998,1,3,252,Spain,Male,SILVER,1
684,30,2,0.0,2,1,0,116878.348,0,4,699,Germany,Male,DIAMOND,0
766,26,3,104258.8,1,1,1,614.5219999999999,0,5,392,France,Female,SILVER,0
628,37,9,0.0,2,1,1,48580.67799999999,0,1,757,Germany,Female,PLATINUM,0
574,52,7,115532.52,1,1,0,274775.738,0,3,625,Spain,Male,GOLD,0
645,39,8,0.0,2,0,0,135625.104,0,5,287,France,Male,SILVER,0
783,38,1,0.0,3,1,1,112264.95599999999,1,3,534,Spain,Male,SILVER,1
485,32,6,102238.01,2,1,1,271629.168,0,4,784,Spain,Male,PLATINUM,0
531,32,0,109570.21,2,1,1,240884.77599999998,0,3,584,Germany,Female,GOLD,0
731,41,3,0.0,2,1,0,141935.408,0,4,292,Spain,Male,PLATINUM,0
649,46,5,0.0,2,1,1,107740.24,0,5,765,France,Male,PLATINUM,0
538,33,6,93791.38,1,1,1,278964.006,0,5,718,France,Male,PLATINUM,0
644,40,9,137285.26,4,1,0,107904.082,1,3,444,France,Female,GOLD,1
804,38,3,124197.22,1,1,0,104583.88399999999,0,2,271,Spain,Female,PLATINUM,0
648,33,7,134944.0,1,1,1,163865.932,0,2,219,Germany,Male,PLATINUM,0
756,32,4,0.0,2,1,0,205871.34999999998,0,5,809,France,Female,PLATINUM,0
654,37,5,0.0,1,0,1,100104.192,0,5,236,France,Female,PLATINUM,0
771,41,5,0.0,2,0,1,130095.53799999999,0,2,958,Spain,Female,DIAMOND,0
674,36,2,0.0,2,1,1,255917.038,0,1,353,Spain,Male,GOLD,0
782,72,5,148666.99,1,1,0,3662.91,1,4,705,Germany,Female,GOLD,1
438,38,2,0.0,2,1,0,191618.36999999997,0,5,416,France,Male,SILVER,0
550,34,3,0.0,2,0,0,183808.792,0,5,806,Spain,Male,SILVER,0
718,29,2,0.0,1,1,0,176886.408,0,1,422,France,Male,GOLD,0
724,41,5,109798.25,1,0,1,209446.05399999997,0,1,829,France,Female,PLATINUM,0
497,34,2,0.0,2,1,1,116336.982,0,5,502,France,Male,DIAMOND,0
835,32,8,124993.29,2,1,1,38582.284,0,5,827,France,Male,PLATINUM,0
558,33,0,108477.49,1,1,1,152750.394,1,2,729,Germany,Male,SILVER,1
670,33,9,84521.48,2,0,1,277238.86999999994,0,4,430,Germany,Female,SILVER,0
590,60,6,147751.75,1,1,0,123503.45599999998,1,3,289,Germany,Female,SILVER,1
415,32,5,145807.59,1,1,1,4305.51,0,2,833,France,Male,PLATINUM,0
837,38,2,126732.85,1,1,1,111423.332,0,2,644,Germany,Male,DIAMOND,0
713,41,3,0.0,2,1,0,78095.856,0,3,443,Germany,Male,PLATINUM,0
627,30,6,0.0,1,1,1,158786.85799999998,0,4,320,Spain,Female,DIAMOND,0
700,28,8,159900.38,1,0,0,31792.984,0,1,227,Spain,Male,GOLD,0
683,39,4,0.0,2,1,0,240418.53399999999,0,2,913,France,Male,GOLD,0
641,37,7,62974.64,2,0,1,54638.002,0,1,513,Germany,Female,GOLD,0
687,34,7,111388.18,2,1,0,208005.664,0,4,570,Germany,Female,GOLD,0
607,26,1,0.0,1,1,0,41760.479999999996,0,2,543,France,Male,GOLD,0
577,35,10,0.0,2,1,1,35241.254,0,3,723,Germany,Female,PLATINUM,0
549,37,2,112541.54,2,0,0,66420.402,0,4,233,France,Male,SILVER,0
643,41,7,154902.66,1,1,1,69549.192,0,3,654,Germany,Male,PLATINUM,0
727,30,8,119027.28,2,1,1,193079.956,0,5,515,Germany,Female,GOLD,0
560,33,9,0.0,1,0,1,256716.49399999998,0,1,531,Spain,Female,DIAMOND,0
687,35,1,125141.24,2,1,1,207966.898,0,3,299,Germany,Male,SILVER,0
684,44,2,133776.86,2,0,1,69826.056,0,5,387,Germany,Female,SILVER,0
735,41,7,74135.85,1,1,1,16511.34,1,2,750,France,Male,GOLD,1
688,35,6,0.0,1,1,0,35698.801999999996,1,1,901,Spain,Female,SILVER,1
584,47,7,130538.77,1,1,0,130097.17599999999,0,3,236,Germany,Male,GOLD,0
606,47,0,137138.2,2,0,1,75312.908,0,4,765,Germany,Female,SILVER,0
704,36,8,127397.34,1,1,0,211884.33599999998,0,1,555,Spain,Male,DIAMOND,0
714,40,0,0.0,2,1,0,87881.968,0,1,970,France,Female,SILVER,0
759,74,6,128917.84,1,1,1,67557.496,0,1,793,Spain,Female,DIAMOND,0
766,37,2,99660.13,2,0,1,206796.09199999998,0,2,498,Germany,Male,GOLD,0
531,63,1,114715.71,1,0,1,34324.729999999996,1,2,908,Germany,Female,PLATINUM,1
613,20,0,117356.19,1,0,0,158995.78,1,4,637,Germany,Female,DIAMOND,1
617,35,5,0.0,2,0,1,18307.819999999996,0,4,882,France,Female,PLATINUM,0
687,50,5,0.0,2,1,0,154337.55999999997,0,1,878,Spain,Female,PLATINUM,0
707,44,6,0.0,2,1,1,269574.038,0,4,463,Germany,Female,GOLD,0
850,32,9,0.0,2,1,1,26509.887999999995,0,4,765,Spain,Female,DIAMOND,0
850,37,6,0.0,2,1,0,153022.70799999998,0,1,740,France,Male,DIAMOND,0
768,54,8,69712.74,1,1,1,97148.47,0,3,569,Germany,Male,SILVER,0
682,58,1,0.0,1,1,1,1004.0999999999999,0,4,709,France,Female,PLATINUM,0
735,38,1,0.0,3,0,0,129123.16799999999,1,5,678,France,Female,SILVER,1
667,43,8,190227.46,1,1,0,136526.256,1,3,680,France,Male,DIAMOND,1
697,51,1,147910.3,1,1,1,75028.59599999999,0,4,639,Germany,Male,DIAMOND,0
